,SAT_3,ACT_3,SAT_4,ACT_4,SAT_5,ACT_5,SAT_6,ACT_6,SAT_7,ACT_7,SAT_8,ACT_8,SAT_9,ACT_9,SAT_10,ACT_10,SAT_11,ACT_11,SAT_12,ACT_12,SAT_13,ACT_13,SAT_14,ACT_14,SAT_15,ACT_15,SAT_16,ACT_16,SAT_17,ACT_17,SAT_NaNs,ACT_NaNs
1907,936,20.1,937,19.9,952,20.3,971,20.1,1013,21.2,974,18.7,996,21.1,971,20.8,878,20.2,978,21.2,1392,19.7,1349,19.9,1389,20.1,1311,19.1,1347,19.8,0,0
2901,919,18.9,931,19.5,942,20.3,971,20,981,20.8,958,19.9,961,19.1,931,19,946,22.9,944,21,1495,20.8,1405,18.8,1430,19.9,1431,19.7,1417,20.7,0,0
3902,1014,21,1003,19.6,1007,19.6,1001,19.9,957,19.8,973,20.2,970,19.2,964,18.7,980,21.8,979,21.6,1410,20.7,1442,21.2,1450,21.2,1448,21.1,1445,22.4,0,0
3903,947,17.3,956,17.3,967,18,966,17.1,967,17.2,972,17.9,979,17.5,978,19.1,981,19.6,954,17.8,1473,18.6,1533,20.3,1504,20.3,1401,19,1373,19.9,0,0
4901,966,18.4,999,20.2,1009,19.8,1023,21.1,1048,21.2,1008,20.7,983,20,975,19.8,970,19.6,927,19.6,1374,20.7,1404,20.5,1397,20.3,1376,21,1402,20.2,0,0
7905,967,19.8,968,20.8,946,20.4,984,20.1,953,19.8,1001,20.1,996,20.1,1007,20.4,951,21,930,20.6,1390,20.4,1388,20.5,1351,20.1,1341,19.9,1332,19.2,0,0
8901,1015,20.8,1039,20.6,1001,20.8,979,19.7,1024,22.6,997,21.9,1059,22.5,1042,22.7,1012,23.3,1015,21.8,1474,22.7,1479,21.9,1457,21.8,1499,21.1,1449,20.5,0,0
8902,987,20.1,1014,19.6,985,19.7,993,20.6,996,19.9,966,20.2,963,21,987,20.6,977,19.4,938,19.6,1358,19.6,1358,20,1411,20.7,1436,20.8,1341,19.6,0,0
10902,1006,21.1,983,20.9,995,20.8,1002,21,1023,21.6,986,20,986,20.9,1020,22.7,978,20.7,1013,23.1,1423,20.8,1481,20.9,1477,22,1506,22,1479,22.1,0,0
11901,980,18.9,978,18.6,975,19.9,979,19.5,975,18.9,976,19.8,939,19.5,930,18.5,964,20.8,942,19.4,1405,20,1380,20.1,1388,20,1364,19,1358,18.7,0,0
11902,968,19.2,914,18,937,19.3,984,20.2,928,18.5,915,18.5,939,17.8,927,19.8,931,19.4,941,19,1362,17.8,1342,20,1405,20.1,1332,18.7,1258,17.6,0,0
13901,919,18.1,975,18.1,995,17.9,966,17.3,926,18.6,966,17.8,1024,18,1066,19.3,1008,17.8,989,18.4,1475,19.6,1416,19.3,1485,19.3,1375,18.2,1347,17.8,0,0
14903,1014,19.4,1037,18.7,1061,19.2,1056,18.7,1027,18.3,1030,20,1015,21.5,1026,22.7,1024,22.3,1020,22.7,1465,22.6,1485,22.1,1465,21.6,1454,21.5,1469,21.9,0,0
14906,934,19.6,921,19.1,930,19.5,944,19.3,939,19.4,942,19.6,940,20,951,19.2,945,19.8,936,19.7,1376,20,1388,20.1,1378,19.6,1382,19.6,1368,19.6,0,0
14909,1024,21.5,1015,20.9,1017,20.5,1020,20.9,1092,22.6,1026,21.7,1023,22.4,1032,22.9,1030,22.5,1021,22.2,1448,21.6,1459,22.3,1458,21.1,1430,21.7,1372,20.5,0,0
15901,1129,23.2,1130,24.1,1113,22.3,1107,23,1123,23.8,1126,23.6,1125,24,1134,24.6,1122,24.2,1107,24.2,1644,23.9,1639,24.7,1646,24.7,1628,24.5,1601,24,0,0
15904,801,16.9,826,16.9,818,17.9,832,17.4,847,19,848,18.1,845,17.8,864,17.3,842,17.1,865,18.8,1269,17.9,1163,17.4,1171,18.4,1120,17.4,1117,17.7,0,0
15905,809,15.4,791,15.3,823,16.8,814,16.4,831,16.5,834,16.2,780,16.3,814,16.1,819,15.8,802,17.8,1166,16.1,1169,16.3,1168,16.9,1174,17,1163,18.1,0,0
15907,810,17,802,16.9,814,16.9,831,17,838,16.9,834,16.5,811,16.7,833,17.2,833,16.5,828,16.7,1217,17,1210,16.7,1201,16.7,1186,16.3,1200,16.9,0,0
15908,812,16.1,818,17.2,806,18.3,817,17,822,17.2,828,17.4,848,18.1,863,18.4,879,18.2,860,17.9,1258,17.7,1257,17.2,1261,17.9,1245,18.2,1131,17.9,0,0
15909,902,20.7,864,18.1,893,19,923,19.4,927,16.9,849,16.9,835,16.8,816,17.3,836,17.9,833,17.5,1238,18,1202,15.5,1231,17,1210,18.2,1135,18.2,0,0
15910,1017,20.8,1021,21.4,1028,21.8,1032,21.5,1033,22.3,1024,21.7,1037,22.3,1032,22,1028,22.3,1022,22.3,1508,21.9,1492,21.6,1491,22.4,1499,22.3,1465,22.2,0,0
15911,919,19.3,932,19.5,938,20.4,953,19.8,950,19.8,936,18.8,915,19.6,920,20.2,914,19.9,909,19.8,1333,19.5,1317,19.3,1326,18.9,1334,19.3,1318,18.8,0,0
15912,850,18.2,857,18,868,19.5,854,18.3,871,19.7,882,17.8,862,17.9,849,18.1,836,18.7,844,17.1,1324,18.3,1272,18,1133,17.8,1128,18.3,1104,18.5,0,0
15915,987,21.1,990,20.9,980,20.7,987,20.9,988,20.9,985,20.9,981,20.8,1002,21.1,998,21.4,979,21.4,1420,21.2,1427,21.6,1437,21.2,1434,21.1,1317,21.3,0,0
15916,986,20.2,968,19.2,967,20,967,19.3,969,18.8,939,19,928,18.4,924,20.1,919,19.5,924,19.3,1321,18.9,1329,19,1318,18.6,1257,19.4,1217,19.9,0,0
15917,826,16.7,838,16.6,805,17,852,17.9,886,17.4,833,16.8,814,17.7,834,18.2,858,16.9,820,19.1,1273,18,1298,19.3,1226,19,1135,17.9,1125,18,0,0
19907,1040,20.5,1090,20.5,1109,20.2,1010,20,1107,20,1114,20,1089,20.5,1139,20,1067,20.4,1033,20.7,1548,20.6,1626,20.2,1584,20.4,1555,20.4,1566,21,0,0
20901,1011,19.7,1001,21.2,975,20.1,1001,21.5,1022,21.7,978,18.9,983,19.7,977,20.6,960,20.5,953,20.3,1395,20.4,1428,20.6,1415,20.2,1413,20.8,1372,20,0,0
20902,1009,20.7,1010,20.2,1003,20.8,1023,20.5,1026,22,992,21.3,1002,20.1,981,20.5,978,20.6,967,21.3,1401,21.2,1378,19.9,1406,18.6,1375,20.3,1357,19.7,0,0
20905,1024,20.9,1030,22.1,1028,21.1,1036,21.2,1072,22.1,1049,22.2,1010,22.1,1038,22.2,1013,22.2,1001,22.1,1490,22.2,1501,21.7,1454,22,1442,22.5,1469,19.6,0,0
20907,954,20,936,19,953,19.9,1009,19.8,1020,18.7,945,19.2,1050,21.7,967,20.2,979,19,961,21.7,1349,20.2,1379,19.7,1418,21.6,1326,19.7,1390,20.6,0,0
20908,1035,20.7,1054,21.7,1035,21.6,1042,22.2,1035,21.1,1027,21,1034,21,1012,21.1,1013,21.5,1019,22.1,1484,21.4,1483,21.4,1543,22.5,1557,22.8,1527,22.8,0,0
21901,1115,22.7,1112,22.3,1127,23.5,1128,22.5,1139,21.8,1112,22.5,1117,22.6,1122,23.4,1098,23.9,1106,24.4,1618,23.3,1646,23.9,1609,23.5,1584,23.7,1601,23.9,0,0
21902,1016,19.5,1016,19.5,1010,19.5,1041,19.4,1005,18.7,1007,18.4,992,18.8,987,19.5,968,19.6,949,19.1,1408,19.6,1437,20.9,1430,20.2,1370,20.6,1382,20.4,0,0
25902,977,20.3,945,19.7,1006,19.9,959,20,967,20.4,947,20.7,975,20.2,968,19.3,962,20.7,979,20.6,1442,20.9,1449,22.4,1456,20.8,1360,20,1438,21.4,0,0
27903,1001,20.4,1011,20.6,983,20.1,956,19.8,985,20.8,1007,21.1,977,20.7,982,21.7,969,21.4,958,20.8,1333,19.6,1414,20.7,1359,19.9,1342,19.8,1334,19.7,0,0
27904,1011,21,967,20.1,963,20.3,1030,21.9,983,19.6,977,20.5,1010,20.9,980,21,1012,21,980,22.3,1452,21.1,1445,20.6,1429,21.2,1452,21.5,1448,21.6,0,0
28902,951,19.6,961,19.9,934,19.6,918,19.1,919,18.8,928,19,928,18.8,939,19,990,19.9,909,18.8,1392,18.4,1377,19.8,1345,19.2,1265,19.3,1226,19.1,0,0
29901,986,19.9,1060,19.3,1001,19.3,994,20,1048,20.8,1016,20.4,1006,19.4,970,20.3,991,19.4,999,17.3,1462,21,1417,22.3,1478,20.5,1458,22,1402,21.5,0,0
31901,884,17.9,892,18.5,887,17.5,875,18.1,871,17.9,895,18.3,907,17.8,908,18.2,904,18.5,904,18.5,1289,18.5,1262,18,1255,18.2,1248,18,1250,17.6,0,0
31903,922,18.6,936,18.4,960,19.4,940,19,934,18.9,937,18.4,949,18.7,928,18.2,936,18.6,899,18.4,1321,18.2,1338,18.1,1334,18.7,1337,18.4,1319,19.1,0,0
31905,862,18.7,1048,18.7,992,18.3,938,18.4,876,18.3,909,18.6,855,18.1,890,17.8,927,18.1,885,17.6,1314,17.8,1218,17.2,1369,18.1,1361,17.7,1352,18.2,0,0
31906,919,19.6,887,19.1,888,17.7,899,18.3,874,18.1,879,18.1,880,19.2,874,20.8,898,19.4,899,18.5,1292,19.2,1292,19.3,1280,18.3,1312,18.9,1291,18.7,0,0
31911,886,17.4,923,19,917,19,932,19.4,862,16.5,893,18.3,815,17.8,865,17.5,831,16.9,890,18,1188,17.2,1168,16.7,1231,17.2,1239,17.4,1229,17.2,0,0
31912,841,16.4,849,18,813,19.4,801,16.9,830,18.8,827,17.1,830,17.1,836,17.7,876,17.5,854,17.9,1270,17.7,1244,17.3,1238,16.9,1257,17.4,1266,17.4,0,0
31916,1067,22.5,1062,22.1,1059,22.2,1053,21.6,1050,21.8,1054,22.6,1029,22.4,1052,22.8,1062,22.6,1037,22.1,1498,21.5,1522,22.3,1502,21.5,1550,22.1,1528,22.5,0,0
32902,981,19.1,919,18.2,875,20,878,19.1,896,22.3,904,22.1,870,16.6,945,20.9,894,18.5,871,16.6,1282,19.6,1371,18.8,1403,19.8,1359,19,1290,18.3,0,0
36902,1023,23.7,986,21,981,23.4,1021,21.9,1003,21.9,991,22.6,1007,22.1,1013,21.9,1017,22.1,1028,22.1,1484,21.8,1451,21.3,1478,21.7,1524,22.8,1496,22.5,0,0
37904,999,19.1,1075,19.7,1087,18.6,1006,18.6,1060,19.1,1031,19.3,1021,19.1,1075,19.4,1093,18.7,993,18.2,1515,18.7,1584,19.2,1475,18.7,1543,19.6,1509,18.6,0,0
43901,1059,21.8,1041,22.2,1069,22.6,1066,22.9,1071,23.5,1071,23.4,1084,23.5,1089,23.8,1080,23.6,1096,24.1,1588,24.1,1618,24.4,1605,24.1,1630,24.3,1607,24.4,0,0
43905,1030,22.1,1060,22.2,1045,22.6,1048,22,1054,23.1,1060,22.6,1053,22.6,1068,23.3,1053,23.3,1062,23.5,1582,23.6,1587,23.6,1609,24.1,1602,24.1,1615,24.6,0,0
43907,1052,21.8,1066,22.7,1040,22.5,1060,23.1,1056,22.9,1051,22.1,1058,22.8,1060,23.4,1073,24,1051,23,1580,23.7,1591,23.9,1576,23.3,1568,23.4,1564,23.4,0,0
43910,1127,24,1129,24,1140,24.4,1147,24.4,1149,24.4,1143,24.8,1156,25.2,1165,25.5,1152,25.7,1142,25.7,1666,25.6,1689,25.9,1693,25.8,1695,25.8,1668,25.6,0,0
43911,1017,21.6,984,20.2,950,18.8,934,22.3,959,19.2,968,17.4,1008,20.8,1002,22.4,964,20.2,943,19.9,1460,21.1,1472,20.9,1436,21.1,1387,19.3,1434,20.5,0,0
43914,979,20.6,1023,22.5,1015,21.9,1033,22.2,1008,21.8,993,21.1,1008,21.9,1013,22.4,999,22,1001,23.1,1467,22.2,1499,22.3,1468,21.8,1467,21.9,1464,22,0,0
46901,1020,20.4,1005,19.5,1024,20.7,1020,21.2,999,21.9,1010,21.4,995,21.6,1010,22.3,1014,21.6,999,21.9,1483,21.9,1508,21.9,1501,22.3,1502,22.5,1514,22.7,0,0
46902,1017,21,1017,21.8,991,21,1015,21.1,1008,21.4,1007,21.1,1006,21.4,1007,21.5,1007,21.7,995,22.1,1470,22,1492,22.3,1489,22.2,1483,22.4,1484,22.1,0,0
49901,1002,19.7,1031,19.7,989,19.3,978,19.1,995,19.6,986,19.9,1009,18.6,960,20.8,954,19.6,963,22.4,1335,20,1425,19.6,1451,20.4,1380,18.9,1371,19.1,0,0
50902,990,21.6,1019,21,985,20.2,1042,21.4,966,20.3,992,20.3,985,20.9,1032,21.6,1039,21.7,978,21.3,1457,21,1348,20.3,1381,20.8,1517,20.7,1479,20.5,0,0
50910,960,20.2,968,20.2,950,20.3,968,20.8,967,20.1,950,18.6,965,20,963,20.7,963,20.5,967,19.8,1396,20.2,1399,19.8,1381,19.6,1407,19.1,1390,18.8,0,0
57903,1055,20.9,1045,20.9,1069,22,1057,20.9,1059,21.7,1036,21.2,1030,21.4,1030,21.2,1008,21.4,998,21.6,1476,21.8,1460,20.6,1476,21,1452,21.1,1438,20.4,0,0
57904,957,20.2,962,20.4,963,20.5,917,19.3,903,18.8,889,18.3,913,18,916,17.9,855,17.6,872,18.3,1342,19.1,1325,19.3,1346,19.2,1332,18.6,1345,19.5,0,0
57905,850,17.3,852,17.1,858,17.4,852,17.3,855,17.2,871,17.1,856,17.2,861,17.1,860,17.1,863,17.1,1272,17.2,1260,17.1,1279,17.1,1186,16.1,1180,16.3,0,0
57906,1011,19.4,986,18.9,962,19,949,19.3,927,18.8,916,18.8,895,18.6,871,17.8,849,16.8,854,17,1288,18,1261,17.2,1250,17,1202,16.6,1205,17.1,0,0
57907,970,19.6,1001,19.5,979,19.6,987,19.5,992,19.6,1001,19.4,946,19.8,936,19,945,18.7,935,19.3,1340,19,1368,19.6,1305,18.6,1300,18.3,1271,18.4,0,0
57909,996,20.6,1000,20,1012,20.7,1006,20.1,1009,20,994,20,998,20.3,990,20,995,20.8,973,20.6,1433,20.9,1426,20.6,1435,20.7,1411,20.3,1395,20.2,0,0
57910,995,19,981,19.6,962,19.2,997,18.8,961,19.8,979,19.3,976,19.4,967,18.5,946,18.6,945,19.3,1371,19.2,1344,18.7,1334,18.9,1219,18.9,1209,18.1,0,0
57911,1194,24.8,1187,25,1163,24.4,1194,25.2,1188,25.4,1174,25.2,1201,26.1,1203,26.2,1196,26.2,1215,26.8,1792,26.6,1780,26.7,1792,27.2,1789,27.4,1833,27.6,0,0
57912,999,19.5,994,20,989,19.9,966,19.5,982,19.9,972,19.3,972,19.4,954,19.5,938,19.1,847,18.7,1278,19.2,1238,18.4,1238,18.7,1237,16.8,1228,16.4,0,0
57913,845,17.2,808,16.5,802,16.4,803,16.7,809,15.9,834,16.9,822,16.3,806,16.4,799,15.5,802,15.4,1215,16.1,1168,16,1198,16.4,1174,16.8,1150,17,0,0
57914,1008,19.8,999,19.6,989,19.5,969,19.1,986,19.1,983,18.8,974,19.5,954,19.2,958,19.2,930,19.2,1354,19.1,1338,18.2,1337,18.9,1330,18.7,1303,18.5,0,0
57916,1066,22.2,1067,22.3,1062,22.2,1073,22.3,1066,22.2,1056,22.6,1052,22.7,1054,22.4,1042,22.6,1036,22.2,1512,22.4,1531,22.2,1542,20.2,1524,20.1,1519,19.5,0,0
57922,1085,22.5,1089,22.7,1119,23.3,1127,23.5,1113,22.9,1135,23.7,1118,24.2,1149,24.4,1155,25.6,1140,25.2,1696,25.1,1684,25.2,1704,25.2,1709,23.6,1713,24.4,0,0
61901,1036,20.8,1031,20.8,1020,21.1,1017,20.1,1011,20.5,1013,20.5,1028,20.7,1012,20.8,1026,21.1,1000,21.1,1470,20.7,1476,21,1477,21.1,1474,21.5,1461,21.6,0,0
61902,1060,21,1077,21.1,1086,21.9,1086,21.6,1087,22.1,1078,21.9,1087,22.3,1094,22.8,1101,23.3,1079,23.8,1607,23.7,1612,24,1610,23.7,1609,23.9,1598,24,0,0
61908,1020,21.6,948,19.6,976,21.5,1007,21.3,984,20.7,1023,21.3,1004,21.6,978,20.4,1007,22,965,20.1,1456,21.2,1455,21.4,1440,21.2,1427,20,1399,19.8,0,0
61911,1027,19.9,1003,20.6,1019,22.3,1012,20.6,1030,20.8,1024,20.4,1014,21.2,1021,21.9,1009,22.5,1000,22.7,1476,22.8,1495,22.5,1491,22.6,1524,20.5,1513,20.1,0,0
61912,1015,21.9,1017,20.2,1007,21.3,1037,19.9,972,20.2,991,19.8,988,21.3,999,21.6,1016,21.5,993,21.8,1459,22,1488,22.3,1459,22.5,1474,22.5,1416,21.4,0,0
68901,947,20,975,21,973,21.4,968,20.1,979,21.3,963,20.7,969,21.1,977,21.3,965,21.5,958,21.3,1396,20.6,1392,20.7,1365,20.3,1340,19.6,1190,18.8,0,0
70903,1060,19.6,1070,19,1035,19.5,1054,19.1,1010,19.6,1029,20.6,1030,19.8,1025,19.7,1009,20.2,1022,20.6,1414,19.1,1459,19.8,1458,19.5,1401,19.2,1371,19.1,0,0
70908,1026,21.4,1057,21.1,1010,21.1,1028,21.3,1019,21.9,1012,21.4,1035,21.8,1009,21.3,1041,22,1029,21.5,1507,22,1470,22.2,1492,22.3,1524,22.3,1483,21.8,0,0
70911,991,20.7,979,19.8,982,20.4,1005,20.8,1038,21.2,994,20.8,992,20.8,1000,21.7,991,20.9,998,21.6,1424,20.4,1401,20.5,1440,21,1381,20,1351,20.3,0,0
70912,988,19.4,1031,21.1,976,20.5,1003,21.3,989,19.7,1012,22.5,958,21.9,966,20.1,965,19.5,978,21.3,1454,20.6,1436,21,1463,21.3,1476,22.6,1442,21.4,0,0
71901,817,16.8,821,18,825,17.7,800,17.1,828,16.8,815,16.7,825,18.3,858,17.6,850,16.9,841,17.2,1245,17.3,1169,16.5,1146,16.9,1163,17,1138,16.9,0,0
71902,948,21,932,20.2,943,20.8,951,20.2,933,20.3,937,20,931,20.5,916,20.1,943,18.2,951,18.4,1418,18.4,1430,18.7,1443,19,1259,19.3,1270,19.5,0,0
71904,806,16.4,859,16.6,832,16.3,824,15.9,814,16.3,831,15.1,800,16.3,816,16.4,869,17.3,851,16.8,1241,17,1270,16.5,1156,16.4,1183,16,1119,15.2,0,0
71905,806,17.9,809,17,807,17.1,809,16.4,805,17,811,16.2,794,17,783,17.1,798,17.6,799,18,1185,18.2,1200,18.4,1191,18.7,1202,19.3,1288,15.8,0,0
71907,848,17.6,863,16.8,864,17.1,863,16.4,812,16.4,847,16.5,897,16.9,895,18.1,866,18.3,833,17.2,1257,16.6,1378,16.9,1201,18.4,1294,18.9,1387,19.3,0,0
71909,878,18.5,866,19.3,854,19.3,860,19.9,876,18.7,890,18.8,878,19.3,875,18.3,872,19.2,875,19.3,1287,18.2,1298,18.5,1291,18.8,1310,18.7,1188,18.8,0,0
72903,999,20.7,1027,20.8,1033,20.7,1012,20.6,1021,20.8,1006,22,1053,21.6,1061,21.6,1039,21.7,1021,21.8,1520,22.9,1449,22.3,1487,21.8,1504,22.8,1510,22.6,0,0
75902,1061,21.2,1025,19.4,1040,20.5,1074,22.3,1018,20.9,1019,21.3,1040,21.5,1015,21.5,1033,22.3,1011,20.8,1474,20.7,1473,21.6,1442,21.4,1488,23,1445,21.8,0,0
79901,993,19.8,993,19.2,1008,19.8,1023,20,1000,19.5,1009,20.3,984,20.4,997,20.7,994,20.6,985,20.7,1476,20.5,1476,21,1464,21,1459,21.6,1448,21.4,0,0
79906,1091,21.8,1052,21.2,1058,21.1,1060,20.7,1079,21.4,1136,21.7,993,20.9,1017,21.5,998,21.1,1029,22,1461,21.3,1480,22.7,1461,21.6,1483,22,1465,21.7,0,0
79907,1046,20.4,1043,20.3,1031,21,1037,20.9,1031,20.9,1027,21.1,1028,21.9,1025,21.9,1027,22.2,1027,22.5,1508,22.3,1524,22.3,1528,22.1,1517,22.3,1519,22.8,0,0
79910,995,20.6,961,19.4,956,18.5,974,21.4,981,18.9,959,19,952,20.5,936,17.2,939,18.4,901,18.7,1357,18,1332,18.9,1336,19.5,1268,19,1334,17.2,0,0
83903,974,19.8,932,20.8,963,20.6,965,20.1,976,20.1,1037,22.6,961,23.4,972,21.6,976,21.7,914,18.7,1412,21.2,1412,23.1,1408,20.5,1376,20.1,1425,21.1,0,0
84901,926,18.7,936,18.6,936,18.2,935,18.4,954,17.6,956,17.5,950,19.6,941,18.5,936,19.5,934,19.4,1372,18.6,1378,20.4,1360,18.7,1377,20,1339,19.2,0,0
84902,1002,19.4,958,17.1,970,18,987,17,982,18.2,945,19.1,971,19.2,932,18,932,20.1,937,19.6,1325,19.4,1412,20,1357,20.3,1342,20.2,1340,20,0,0
84906,935,18.4,940,18.7,966,19,972,18.3,925,18.8,939,18,948,18,920,20.5,936,19.6,925,20.8,1353,17.8,1339,18.4,1326,19.1,1315,17.7,1292,18.1,0,0
84909,913,18.9,952,20.1,980,20.7,980,20.8,953,21.1,978,21.7,973,19.9,969,19.3,989,22,968,20.3,1405,20,1464,21.7,1389,21,1404,21.6,1396,20.9,0,0
84910,1080,22.1,1089,22.3,1077,22.5,1081,22.9,1084,22.4,1078,22.6,1081,23.8,1082,23.6,1074,23.4,1069,23.5,1570,23.5,1574,23.6,1589,24.1,1576,23.5,1564,23.4,0,0
84911,1079,23,1100,22.5,1101,23.7,1122,24,1115,23.8,1119,24.7,1117,24.2,1117,24.7,1114,24.7,1116,24.9,1625,24.7,1641,25,1642,25,1626,24.6,1623,25,0,0
86901,1024,20,1039,20,1004,19.8,1037,21.3,1047,20.7,1049,21.9,1018,20.9,1032,21.1,1018,22.2,1003,21.5,1504,22,1515,22.1,1494,21.8,1427,20.7,1457,22.2,0,0
89901,868,18,983,20.3,936,19.7,975,19.9,955,19.9,1045,19.9,981,17.8,954,20.4,956,21.2,943,19.4,1334,19.4,1418,21.2,1414,20.4,1404,19.2,1404,19.5,0,0
90904,993,20.7,1035,21.3,984,20.4,988,20.2,1035,21.7,1046,21,968,20.9,1007,21,986,21.5,1003,22.4,1457,20.5,1393,19.7,1463,19.7,1388,20.5,1430,20.4,0,0
91903,1070,22.7,1044,20.3,1086,21.8,1084,21,1004,21.1,1036,21.3,1045,21.5,1021,21.6,1015,21.3,1036,21.3,1463,21.7,1475,21.7,1494,21.5,1533,22.2,1456,20.7,0,0
91906,1046,21.7,1055,21.8,1057,20.6,1097,20.7,1092,20.6,1057,20.4,1106,22.3,1115,20.9,1092,22,1042,20.8,1602,21.6,1534,20.6,1532,21.3,1531,20.5,1549,22,0,0
92902,999,19.8,1075,20.2,1048,19.9,1078,19.3,1059,19.4,1022,18.7,1034,19,1016,19.7,1022,19.9,935,19.8,1428,19.2,1477,20.1,1510,19.5,1401,19.3,1433,19.3,0,0
92903,1014,19.5,1002,19.2,991,19.3,992,19.8,1023,19.5,988,19.3,999,19.1,975,20.2,1002,20,1007,19.6,1425,19.3,1379,18.8,1445,19.6,1384,19.3,1455,18.2,0,0
92904,1046,21.4,1058,21.9,1067,22.7,1041,22.6,1070,22.2,1048,22.2,1022,22.5,1089,22.1,1079,21.7,1018,21.7,1496,22.5,1493,22.9,1468,22.5,1455,21.1,1456,22.1,0,0
93904,971,19.8,924,19.2,968,19,929,18.1,929,20.8,901,18,899,20.2,888,20.2,833,17.2,912,18.3,1281,18,1327,18.7,1352,19.3,1341,20.7,1310,18.5,0,0
94901,966,18.8,987,19.6,971,19,987,19.1,974,19.8,946,19.1,938,19.5,952,20.6,970,20.7,949,19.3,1364,20.2,1341,19.5,1380,20.1,1382,19.3,1373,19.2,0,0
94902,991,20.7,1005,21.6,1008,20.3,1022,21.4,1022,21.6,999,21,1011,21.7,1007,21.9,1008,22.1,989,22.8,1462,22,1479,22.2,1462,21.8,1478,22.2,1459,21.7,0,0
95905,976,20,963,19.7,959,19.4,939,19.1,999,19.8,968,19.9,932,20.1,984,19.5,957,19.2,893,19.9,1502,19.9,1409,19.8,1571,19.6,1451,19.6,1463,18.5,0,0
100904,918,19.8,912,20,888,20.7,901,19.1,920,20.6,918,15.6,934,21.4,943,22.1,891,19,927,20,1331,19.2,1339,19.5,1388,20.3,1397,19.2,1348,19.2,0,0
100907,943,20.1,983,21.4,971,19,961,21.6,949,19.3,990,19.7,1001,20.7,981,20.1,994,20.7,987,20.8,1477,21.1,1452,21.5,1430,22.6,1444,22.4,1399,21,0,0
101902,875,17.8,874,16.7,877,17.7,877,17.2,890,17.3,891,16.9,868,17.6,870,17.2,871,17,881,17.7,1278,17.7,1259,17.8,1267,17.7,1171,18.2,1133,17.7,0,0
101903,930,18.4,902,17.8,910,17.6,912,17.7,892,17.4,914,17.6,892,17.6,893,18.8,893,18.1,893,18.2,1295,18.2,1283,18.1,1292,18.2,1300,18.8,1188,18.4,0,0
101905,919,20.1,948,19.2,902,18.6,900,19.4,879,17.2,875,17.7,889,18.5,884,18.6,881,18.2,898,17,1285,17.8,1313,17.7,1296,17.3,1315,17.7,1295,18.1,0,0
101906,1008,19.6,1056,19.8,1048,20.4,991,18.3,982,19.1,1027,18.8,1001,19.3,1009,19.1,993,19,972,18.6,1435,19.4,1452,19.4,1418,18.8,1394,18.6,1364,20.1,0,0
101907,1024,21.1,1035,21.6,1044,21.9,1039,21.3,1040,21.7,1030,21.7,1029,21.8,1035,22,1047,22.2,1025,21.5,1496,21.6,1504,21.9,1503,21.9,1491,22.1,1493,19.2,0,0
101908,1025,21,1022,21.3,1034,21.1,1033,22,1020,22.2,1024,21.3,1031,20.8,1016,22.3,1006,22.4,1002,21.8,1472,21.6,1464,22,1450,20.8,1435,20.9,1434,21.3,0,0
101910,885,17.5,900,17.3,871,17.7,894,17.3,893,17.4,886,17,879,17.4,898,17.5,889,17.5,893,18.1,1295,18.1,1317,18.7,1320,17.9,1295,17.8,1318,18.6,0,0
101911,968,19.4,978,20.1,975,20.4,970,20.6,960,21.1,978,19.2,958,20.5,956,20.9,925,19,937,19.1,1370,18.1,1354,19.4,1390,19.1,1267,19.7,1269,17.9,0,0
101912,939,18.5,942,18.8,934,19.1,936,18.6,947,19.3,953,19.6,943,20.1,933,19.7,934,18.8,915,19.6,1253,20.5,1252,20.5,1247,20.5,1251,20.8,1251,21.1,0,0
101913,1056,21.2,1070,22,1061,21.9,1062,22,1049,21.5,1055,22.3,1037,21.9,1037,22.6,1028,22.5,1011,22.4,1473,22,1473,22.3,1488,22.8,1470,22.5,1472,22.9,0,0
101914,1093,23,1092,23.1,1100,23.2,1099,23.3,1088,22.9,1079,23.1,1080,23.5,1082,23.6,1078,23.7,1071,23.7,1577,23.5,1580,23.6,1584,23.9,1586,24.1,1584,24.5,0,0
101915,1059,21.9,1064,22.2,1056,22.3,1047,22,1038,21.9,1050,22.3,1035,22.4,1035,22.5,1036,22.9,1021,22.4,1500,22.9,1489,22.4,1503,22.4,1498,22.7,1482,21.7,0,0
101916,994,19.8,1009,19.8,1004,19.7,988,19.7,972,19.3,998,19.8,973,19.4,974,20.1,982,20.1,968,20.1,1426,20,1415,19.5,1395,18.9,1406,19.2,1406,19,0,0
101917,969,19.6,972,19,959,19.2,962,19,957,18.5,950,19.2,928,19,935,19.8,914,19,924,18.9,1317,19.2,1325,19.8,1324,19.8,1316,19.2,1298,18.9,0,0
101919,1008,19.8,984,19.2,966,20,963,19.3,957,18.7,943,18.4,912,18.3,916,18.2,902,17.8,888,17.8,1275,17.7,1281,17.4,1174,18.2,1163,18,1145,18,0,0
101920,1079,23,1081,23.1,1076,23.1,1072,23,1072,23.6,1048,23.4,1058,23.4,1060,23.1,1069,24.2,1041,23.6,1550,23.7,1516,23.4,1535,23.8,1477,23,1392,23.2,0,0
101921,1037,22.1,1034,21.8,1035,22.5,1048,22.4,1030,21.9,1036,22.3,1043,21.6,1029,21.3,1031,22.6,1028,22.1,1512,22.7,1519,23,1530,23,1515,22.3,1553,23.3,0,0
101924,871,19.1,858,19.2,891,17.9,873,17.7,846,16,877,17.3,845,17.6,839,16.3,825,18.4,844,17.4,1238,17.6,1207,17.2,1251,18.1,1223,17.4,1234,18.5,0,0
101925,916,19.7,987,20.1,952,20.1,967,19.2,973,21.4,960,19.7,1007,21.2,967,20.9,1004,21.6,978,21.8,1427,19.9,1435,22.2,1444,22.3,1434,21.8,1451,21.9,0,0
102902,992,19.3,1000,19.5,1010,19.4,1006,19.3,989,19.9,977,19,1022,19.2,968,19.3,983,19.4,958,19.1,1378,19.2,1371,19.7,1397,19.1,1305,18.3,1383,18.1,0,0
102904,970,20,1000,20.7,982,21.3,987,20.9,976,19.8,959,20,1013,20.7,969,19.6,1009,22.1,986,22,1461,21.8,1406,21.5,1420,20.7,1426,21.8,1477,21.3,0,0
105902,943,19.3,980,19.3,978,19.8,961,19.1,960,19.4,905,18.5,956,18,941,17.9,973,18.9,923,18.4,1426,19.5,1372,18.7,1399,19.7,1382,19.4,1379,20.1,0,0
105904,1070,22.5,1103,22.8,1064,22.8,1113,23.4,1104,23.2,1120,23.7,1089,23.4,1112,23.4,1116,24.2,1142,25.5,1625,24.6,1668,25.4,1619,24.3,1629,24.6,1667,24.7,0,0
105905,1014,20.8,1059,21,999,21.5,1070,22.5,1056,22.2,1015,21,1081,21.6,1072,22.9,1094,23.6,1083,23.2,1536,22.3,1591,23.4,1619,23.8,1601,23.5,1602,23.5,0,0
105906,973,19.9,969,19.9,973,20,965,19.1,966,19.5,954,19.1,953,20,967,19.8,961,20,952,20.3,1377,19.5,1414,20.3,1421,20.7,1426,20.3,1428,21,0,0
107901,983,20.6,1016,20.1,1011,20.9,1016,21,979,21.8,989,22.2,945,20.8,988,20,917,20.1,958,20.3,1392,18.9,1410,19.8,1449,19.8,1459,18.9,1528,18.2,0,0
107902,960,19.3,965,20.2,946,18.4,1026,20.7,1007,19.4,982,20.2,946,19.7,957,20.5,974,20.9,933,19.6,1424,21,1400,21.1,1479,21.7,1402,21,1351,19.9,0,0
108903,771,14.7,792,16,799,15.8,795,16.1,797,15.6,822,16.3,845,16.8,823,16.9,848,17,828,17.1,1183,17,1203,16.7,1237,17.5,1246,16.9,1238,17.1,0,0
108904,906,16.7,907,16.9,895,17,931,17.2,946,17,944,17.1,1023,17.5,976,17.4,995,17.6,969,17.5,1408,17.7,1365,17.7,1384,17.9,1415,18,1410,17.7,0,0
108905,794,17.6,793,16.3,771,16.7,844,16.2,895,16.5,862,15.7,822,16.3,846,16.6,842,16.4,822,16,1262,16.8,1196,16.5,1245,16.2,1227,16.7,1189,16.9,0,0
108906,960,18.2,960,18.8,956,18,958,18.2,979,18.2,967,18.6,938,18.6,941,19,961,18.9,953,18.9,1407,18.9,1428,18.8,1430,18.9,1389,19,1386,18.9,0,0
108907,956,17.5,1008,17.2,899,16.8,928,16.6,855,17.4,947,17.8,948,17.5,1012,17,1024,16.6,914,17.9,1379,17.3,1288,17.5,1508,17.4,1342,17.6,1434,18.2,0,0
108908,912,17.7,893,17.5,914,17.5,910,17.3,932,17.5,936,17.3,949,18.1,955,18,931,17.7,941,17.8,1337,17.7,1424,18,1367,17.7,1342,17.8,1245,17.3,0,0
108909,879,16.7,855,17.1,852,16.7,858,16.8,817,16.7,870,16.9,848,16.6,902,16.8,905,16.6,851,16.6,1302,16.9,1257,17,1205,17,1235,17,1190,16.5,0,0
108911,954,17.9,987,18.6,968,18.4,966,18.8,967,19.2,972,18.4,976,19.5,973,19.4,961,19.6,954,19.9,1407,19.8,1400,19.4,1409,19.1,1394,19.5,1402,19.4,0,0
108913,983,17.9,945,17.7,961,17.3,947,16.9,949,16.9,942,17.3,964,17.9,937,17.8,967,17.5,872,17.8,1440,17.6,1474,17.7,1514,17.6,1460,17.7,1458,17.7,0,0
110902,1019,20.6,1012,19.8,972,20,1018,19.9,1029,19.2,1023,20.1,1009,19.8,997,19.6,966,19.6,955,19.9,1320,19.4,1375,20.6,1398,19.6,1378,19.9,1314,19.2,0,0
111901,988,21.2,1022,22.3,1046,22.4,1026,22.1,1000,21.1,1018,21.7,985,21.4,992,21.5,1066,23,1049,22.9,1461,21.7,1482,22.2,1485,21.9,1461,21.9,1497,22.4,0,0
112901,1001,20.5,997,20.9,998,20.3,1032,20.3,1021,21.6,993,21.2,1027,20.2,1054,21.1,1025,21.1,1014,21.3,1469,21.2,1515,21.3,1444,20.8,1533,21.3,1518,20.7,0,0
116905,975,20,996,19.7,1008,20.6,994,20.4,983,19.6,994,19.4,972,19.4,1026,20.5,1003,19.5,967,18.3,1450,19.9,1381,20.5,1385,21,1405,20.3,1398,20.2,0,0
116908,952,20.2,933,18.7,1026,19.8,891,18.4,920,19.4,963,17.9,989,20.7,930,20.6,924,19.2,888,18.7,1399,18.7,1398,19.8,1378,19.7,1418,20.2,1354,18.4,0,0
121904,976,18.7,929,18.7,891,18.8,966,18.6,978,19.3,977,18.3,986,19.9,974,19.6,1004,18.8,944,19,1388,18.7,1453,19,1498,19.2,1408,19.5,1445,18.6,0,0
123905,992,22.4,1007,20.1,1016,21.9,1008,23,971,19.4,971,21.3,982,20.7,971,21.5,995,22,981,21,1423,21.5,1464,22.2,1432,23.8,1392,20.4,1401,21.6,0,0
123907,811,16.9,821,16.2,813,17.4,796,16.1,794,17.6,820,16.6,813,16.7,804,16.7,814,16.1,787,14.5,1185,16.7,1197,15.7,1201,16.9,1229,16.4,1168,15.8,0,0
123908,986,22.8,975,20.2,968,20.9,988,21.7,987,20.9,987,20.9,983,20.9,969,21.6,966,21.7,989,21.3,1410,21.7,1434,22.5,1392,21.3,1435,21.6,1397,21.7,0,0
123910,878,18.5,904,17.7,906,19.1,907,18.5,911,19.1,911,18.4,900,17.8,878,18.2,881,17.8,900,17.6,1294,17.8,1295,17.8,1311,17.9,1317,19.4,1295,18.8,0,0
125901,959,18,933,17,983,17.8,954,17.8,918,17.7,1049,17.5,1065,18.6,961,18.5,1062,17.4,1066,18.4,1536,18.5,1415,18.2,1517,18.2,1439,18.2,1439,18.6,0,0
126901,904,18.8,878,17.9,931,19.5,931,18.5,960,20.7,973,20,1014,22.1,913,19.4,970,19.2,932,18.8,1321,18.2,1347,19.1,1367,18.6,1347,19.4,1307,20.5,0,0
126902,981,20.3,1001,20.8,1010,21.7,1009,21.3,1018,21.7,1032,21.9,1025,22.1,1032,22.7,1016,22.3,997,22.3,1462,21.2,1435,21.4,1434,21.7,1452,22.1,1426,21.1,0,0
126903,999,21.2,1025,20.6,1010,21.6,1035,21.4,988,20.8,979,21.5,984,20.7,980,20.5,978,20.3,990,22.2,1438,22.3,1410,21,1408,21.7,1389,20.5,1372,19.6,0,0
126905,974,21.2,947,18.9,950,19,942,20.2,970,19.1,975,21,969,21,987,21.3,988,21.8,992,20.6,1435,21.6,1471,22.2,1457,22.3,1454,21.5,1452,21.5,0,0
129902,964,20,1018,22.1,977,20.5,999,20.9,1001,21.3,973,21.5,981,21,998,21.8,1006,22.1,980,20.5,1394,20.1,1425,21.8,1434,20.8,1412,20.4,1425,20.8,0,0
129903,973,20.3,951,18.5,970,21.6,962,21.9,956,20.1,929,21,946,19.9,947,21.3,921,19.8,943,17.9,1382,20.1,1373,20.5,1353,20.1,1372,18.8,1407,20.1,0,0
129905,955,20.4,948,20.3,998,21.4,960,19.1,960,20.8,947,19.9,959,20.8,926,20.1,990,21.8,954,20.9,1392,20.7,1493,21.6,1493,21.8,1438,21.4,1419,21.7,0,0
129906,958,18.5,948,19.5,945,17.7,948,18.8,944,18.2,948,18.1,945,18.7,959,19.3,910,20.2,865,18.2,1358,19.5,1309,19,1360,19.9,1315,18.3,1307,17.9,0,0
130901,1024,21.7,1059,21.7,1091,23.1,1064,22.3,1064,22.8,1067,23.8,1072,24,1069,23.9,1085,23.8,1070,24.4,1596,24.4,1611,25,1590,24.3,1545,23.6,1561,23.9,0,0
133903,1015,21.2,1025,20.1,1025,21.3,1011,20.1,1026,21.4,1009,20.1,1026,21.1,1016,21.5,1008,23,1004,22.8,1500,22.5,1511,22.4,1501,22.3,1495,23.7,1492,23,0,0
137901,960,18.2,898,17.6,901,18,902,17.4,910,17.8,893,18.1,900,19,965,18.1,919,19.4,874,18.3,1323,18.3,1306,19.9,1270,17.1,1303,17.1,1263,18.1,0,0
139909,1027,17.9,1077,19.9,1034,19.6,1068,19.6,1080,20.8,1097,19.6,1072,19.8,1049,20.5,1065,20.9,1009,22,1589,20.8,1588,20,1537,21.1,1562,21,1429,19.6,0,0
139911,1027,20.3,1037,20.6,1068,21,1043,21.9,1005,21.5,1032,21.5,1001,21.4,1029,21.6,1023,21,1038,22.2,1454,22.1,1514,21.5,1539,21.8,1445,21.2,1512,20,0,0
141901,961,19.8,979,20.4,973,20.6,952,19.5,965,21.2,975,21,979,21.5,967,21.5,981,22.4,1007,21.7,1459,21.5,1451,21,1408,21,1475,22.1,1444,21.7,0,0
146901,882,17,911,17.2,902,17.2,846,17,912,15.4,870,17.5,862,17.8,883,16.9,854,16.8,908,19.1,1267,18.9,1347,19.1,1242,16.4,1170,17.1,1107,18.5,0,0
146902,945,20.6,927,22,945,20.8,957,19.2,964,20.1,954,19,941,18.4,952,18.8,974,18.9,929,19.7,1356,18.7,1372,19.5,1375,18.3,1349,18.7,1332,19.9,0,0
152901,1028,20.3,1013,20.7,1021,20.4,1017,20.2,1032,20.7,1027,20.6,1027,21.2,1004,20.9,1020,20.8,1000,20.2,1450,21,1445,20.3,1287,20.3,1300,20.1,1264,20.5,0,0
152906,1063,21.1,1017,20.2,1002,21,1084,20.9,1020,20.9,1084,21.5,1006,20.7,1089,21.9,1016,21.4,1002,21.2,1477,22.3,1490,21.1,1477,21.6,1437,21.1,1459,21.5,0,0
152907,1024,21,995,21,1053,21.5,1023,22.5,1006,21,1015,22.1,1027,22,985,22,992,21.9,1013,22.2,1496,22.2,1483,22.7,1462,22.3,1474,22.3,1490,22.4,0,0
158901,958,19.7,972,22.8,964,18.6,962,20.6,975,21.2,1020,21.3,930,20.4,930,16.3,943,18.8,909,19.7,1318,19.3,1427,21.6,1349,22.5,1377,21,1349,23,0,0
159901,855,18.6,871,17.3,869,17.7,854,16.5,864,17.8,851,17.7,863,18.3,850,17,855,17.4,865,17.8,1254,17.9,1292,18.4,1300,19.4,1282,19.8,1279,18.5,0,0
161903,1060,22.1,1074,22.6,1076,22.4,1102,23,1072,22.5,1056,22.7,1085,22.9,1107,23.4,1079,23.7,1059,23.3,1538,22.9,1543,23.4,1559,23.5,1508,22.2,1497,22.3,0,0
161914,925,17.8,908,17.4,906,17.5,900,17.1,919,17.2,958,18,883,16.7,859,17.4,851,17,877,18.3,1310,17.6,1306,17.4,1288,17.4,1232,17.6,1237,16.6,0,0
161920,1052,21.6,1032,20,1001,20.7,1053,20.9,1048,20.2,994,20.5,1053,21.7,1097,21.5,1025,22.2,1077,23.5,1562,23.4,1541,22.5,1535,22.3,1529,22.8,1550,22.8,0,0
161921,919,19.6,971,19.1,920,19.6,931,18.6,956,20.2,942,19.4,900,18.4,1018,22.5,994,22.1,948,19.5,1330,17.9,1348,17.8,1338,20.7,1344,20.9,1350,19.1,0,0
161922,995,21.4,1008,21.1,1021,20.6,954,21.5,1063,22.4,1133,21.7,1069,21.8,1132,22.3,1058,21.7,1076,22.7,1530,22.1,1391,20.9,1471,21.8,1468,21,1401,21.8,0,0
163908,946,19.7,945,19.2,943,19.8,948,20.7,981,20.8,1095,20.9,1074,21.5,1023,21.9,1009,21.2,1012,21.2,1468,20.6,1538,20.9,1452,20.6,1502,21.5,1398,21.1,0,0
165901,1039,21.6,1047,21.4,1053,22.7,1063,22.1,1055,21.5,1049,21.7,1068,22.1,1060,22.6,1010,21.8,1002,20.3,1471,21.8,1459,20.7,1460,20.4,1447,20.6,1425,21,0,0
170902,1054,22.2,1064,22.6,1066,22.6,1081,22.7,1087,22.9,1083,23.3,1082,23.2,1086,23.2,1071,23.4,1069,23.7,1550,22.9,1563,23.3,1567,23.5,1584,24.1,1550,23.2,0,0
170903,988,22.3,1032,20.9,1016,19.8,1016,22.4,1032,22.6,1040,21.6,1022,21.9,1051,22.8,1028,22.8,1025,22.7,1528,22.5,1527,21.8,1526,23.2,1511,22.6,1530,22.9,0,0
170904,989,19.1,980,19.3,968,20.3,965,19.3,949,18.8,1005,19.8,951,20.6,978,19,989,19.4,935,19.4,1400,20,1386,20.9,1391,20,1384,19.3,1382,19.6,0,0
170906,957,20.6,991,20.8,984,21.1,991,21.1,989,21.2,999,21,998,21.5,1000,20.8,1019,22,994,21.1,1491,21.4,1498,22.1,1477,22.2,1498,22.4,1468,22.4,0,0
170908,956,21.3,925,19.8,946,19.7,950,21.5,931,18.4,958,19.8,954,21.9,978,19.8,998,21.6,965,21.1,1414,21.5,1399,20.9,1402,20.3,1369,19.2,1354,20.2,0,0
171901,882,19,940,20.2,1074,20.7,975,19.8,1016,19.6,1123,21.2,1064,20.4,1108,20.6,1026,20.8,1110,20.1,1609,20.3,1416,20.3,1506,19.6,1345,19.2,1419,18.6,0,0
174904,1016,20.7,1000,20,1035,20.9,1044,20.6,1039,19.8,1030,20.2,1008,20.3,1033,18.9,1005,21.2,1004,20.8,1489,20.6,1479,20.1,1469,20.3,1474,20.4,1346,19.2,0,0
175903,957,19.5,1008,21.1,944,19.2,970,20,962,20.6,952,19,951,20.2,956,19.2,977,18.7,896,17.8,1324,18.4,1352,19.2,1317,18.2,1319,17.4,1323,19.2,0,0
178903,1009,21.6,995,21.4,986,20.5,1010,20.7,999,20.6,979,21.2,1004,21.9,983,22.4,990,21.4,932,20.6,1379,20.9,1436,21.8,1449,21.8,1440,21,1395,21,0,0
178904,963,19,962,18.6,954,18.6,947,18.6,947,18.3,972,19,945,19,939,19,956,19,925,18.9,1250,19,1355,18.7,1355,18.7,1343,18.2,1322,19,0,0
178912,952,20.6,1071,21.1,1015,21.4,1011,20,995,20.2,1030,20.9,1020,21,989,19.1,985,20.3,980,20.6,1463,21.6,1408,20.9,1439,21,1450,21.4,1423,20.5,0,0
178914,1042,21,1026,20.3,1010,19.7,1023,20.6,993,20.3,999,20,1042,21.3,1009,21,991,21.9,1019,21.7,1511,21.6,1500,21.9,1495,22,1496,22,1487,22.3,0,0
181901,953,19.9,923,20,966,20,936,21.1,979,20.8,973,20.6,966,20.8,926,22.6,936,20.2,927,20,1394,20.9,1425,21.1,1422,23.9,1394,21.1,1433,22.5,0,0
181907,942,21,953,20.9,926,19.2,940,20.3,935,20.3,931,19.2,927,20.3,975,18.9,940,19.7,928,21.5,1355,21.4,1421,23.1,1420,21.5,1387,23.1,1368,21.7,0,0
181908,953,19.9,939,20.9,970,19.6,980,21.6,977,21.2,965,21.6,956,20.2,1014,22.9,998,21.2,991,22.8,1456,21.7,1436,21.1,1442,21.3,1433,21.1,1432,21.2,0,0
183902,1050,21.2,1128,20.3,1081,19.7,1039,20.3,1125,20.8,1096,21.1,986,18.8,1040,20,1081,19.6,1061,19.9,1535,20.6,1547,20.3,1454,20.7,1605,21.4,1483,20.3,0,0
184902,980,18.8,945,20.7,947,19.7,988,21.6,969,20,942,20,1010,20.6,977,20.2,1000,22.1,1000,21.5,1397,21.6,1463,20.9,1450,21.8,1389,20.3,1393,20.1,0,0
184903,1047,21,1035,20.5,1041,20.5,1050,21.2,1032,21.5,1035,21.1,1044,21.1,1067,21.6,1056,22.6,1045,21.8,1494,22,1504,22.2,1465,20.9,1478,21.3,1427,20.9,0,0
184907,1042,22.1,1042,22.1,1035,22.5,1041,22.5,1058,22.9,1041,22.9,1071,23.3,1086,24,1117,25,1108,24.8,1599,24.2,1580,23.9,1592,24.1,1598,24.2,1569,23.7,0,0
187907,979,20.3,938,19.4,969,19.5,930,20.1,951,18.7,954,18.9,941,19.4,916,18.9,899,18.1,933,20.8,1348,19.4,1380,19.8,1413,20,1325,19.7,1405,20,0,0
188901,1026,20.4,1045,20.4,1053,20.6,1047,20.5,1045,19.9,1037,19.4,1044,20,1056,19.6,1028,20.2,980,20.6,1437,20.1,1335,20.6,1351,20,1263,21.2,1250,21.7,0,0
191901,1049,21.6,1034,21.6,1075,22.1,1046,22.1,1018,21.6,1058,22,1054,22,1063,22.8,1036,22.5,1029,22.6,1531,22,1535,22.4,1529,22.3,1519,22.1,1449,22,0,0
199901,1066,21.9,1067,22.4,1066,22.4,1057,22.3,1045,21.9,1047,21.7,1050,22.2,1068,22.6,1072,23.1,1056,23.2,1564,23.3,1545,23.4,1551,22.9,1540,23,1546,23.6,0,0
199902,919,19.1,964,19.5,935,19.5,926,19.7,921,20.2,991,21.3,988,21.3,944,18.9,991,21.2,965,20,1396,21,1376,21.4,1421,21.6,1399,20.7,1430,21.3,0,0
201902,1062,20.3,1027,20,1028,20.6,1037,20,1112,21.2,1072,20.5,1016,20.8,1052,20.2,1036,20.4,1000,20.6,1353,20.1,1478,19.9,1510,20.8,1486,21,1598,21,0,0
205902,998,19.1,1022,21,1022,20.6,1046,21.9,986,19.9,1000,21.5,1021,20.3,978,20.4,1000,21,991,20.8,1483,20,1424,21.1,1441,19.5,1446,21.1,1448,20.7,0,0
212903,988,20.3,995,20,1013,20.7,1012,20.7,992,19.9,996,20.7,989,20.2,1014,21.8,985,20.3,1014,21.1,1443,22.4,1466,21.9,1479,22.2,1469,21.1,1549,21.4,0,0
212905,1009,19.9,1006,19.4,966,19.9,998,18.2,994,19.2,972,18.7,989,19.4,992,19.4,1003,18.9,972,19.4,1415,18.9,1379,19.1,1391,19.8,1391,19.6,1358,18.7,0,0
212906,1010,22.8,1012,22.3,1007,21.5,1038,21.5,1010,21.9,1034,22.2,1010,22,1054,22.5,1038,22.7,1023,22.5,1538,23.5,1497,22.6,1484,21.8,1496,22.6,1529,22.9,0,0
212909,919,18.7,880,18.5,943,19.3,889,19.6,940,19.8,913,18.9,908,18.4,921,18.6,899,18.8,897,18.6,1325,18.8,1268,18.7,1285,18.7,1257,18.9,1278,17.5,0,0
214901,869,15.9,934,16.2,891,16,868,16.7,900,16.2,868,16.4,878,17,892,16.6,921,16.4,835,17.1,1339,16.7,1322,17.6,1369,17.1,1279,17.6,1258,17.5,0,0
220901,1033,20.6,1024,20.8,1028,20.6,1028,20.7,1020,20.9,1022,21,996,20.9,1007,21.3,1010,21.4,984,21,1448,20.9,1435,20.8,1433,20.7,1397,20.1,1380,20.7,0,0
220902,1023,20.4,1017,20.5,1028,21.3,1016,21.2,1023,21.7,1026,21.2,1021,21.6,1038,22.1,1019,21.7,1002,22,1464,21.8,1458,21.4,1468,21.4,1453,21.5,1444,21.2,0,0
220904,892,16.3,938,16.6,855,17.3,898,16.9,889,17.2,866,17.3,874,17.6,831,17.5,858,16.1,851,17,1253,16.8,1217,16.1,1225,16.4,1217,17.8,1242,17.9,0,0
220905,933,19.1,924,18.3,931,18.8,936,18.2,944,18.5,943,18.3,922,18.4,922,18.4,903,17.9,905,18.1,1329,18.2,1316,18.2,1232,17.9,1215,18.3,1206,18.9,0,0
220906,1084,22.3,1083,22.4,1085,23.1,1097,22.8,1094,23.5,1086,23.2,1096,23.8,1092,23.5,1090,24.1,1099,24.5,1621,24.3,1628,24.5,1624,24.5,1630,24.8,1625,25.1,0,0
220907,1024,20.6,1039,21.3,1033,21.4,1048,21.7,1037,21.3,1041,21.4,1043,22.1,1056,22.4,1050,22.9,1044,22.7,1546,23.1,1545,22.8,1549,23.1,1527,22.8,1532,22.9,0,0
220908,1018,20.5,1027,20.6,1005,20.6,1008,20.2,997,20.3,989,20.6,983,20.5,991,20.5,989,21.1,977,20.9,1439,20.9,1440,20.8,1456,21.3,1447,21.1,1424,21,0,0
220912,994,20.9,1004,20.1,1002,20.5,1010,20.2,994,20,988,20.6,964,20.9,974,20.8,956,20.5,941,20.2,1364,19.9,1349,19,1335,18.6,1329,19.3,1319,19,0,0
220914,962,19.3,982,19.5,961,18.7,994,18.9,991,19.3,955,20.2,993,20.2,991,20.3,979,20.5,950,20.6,1427,20,1438,21.8,1445,21.3,1413,22.1,1434,21.2,0,0
220915,1004,21.1,991,20.7,990,19.6,1000,21.3,1025,21.7,996,22.5,1003,21.8,1009,22.4,1018,22.6,986,22.3,1411,21.7,1415,21.4,1446,22,1432,21.3,1407,20.5,0,0
220916,1015,20.9,1024,20.9,1028,21.5,1036,21.5,1023,21.1,1023,21,1038,21.3,1025,21.9,1026,22.1,1027,22,1484,21.8,1465,21.1,1501,21.9,1488,22.2,1458,22.1,0,0
220918,994,20.4,988,20.9,987,21.1,1028,21.8,988,21.6,997,22.3,1007,21.9,976,20.9,990,21.9,994,21.4,1460,21.2,1452,21.2,1421,20.5,1439,21.2,1402,20.4,0,0
220919,1094,23.5,1118,24,1111,23.7,1119,23.9,1119,24.2,1119,24.3,1124,24.5,1134,24.9,1161,25.7,1155,25.7,1723,26.1,1719,26,1740,26.6,1748,26.6,1746,26.8,0,0
220920,981,20.5,977,20.4,972,19.2,954,19.7,1001,20.6,979,20.1,968,19.6,1004,20.7,970,20.8,967,19.5,1362,19.8,1371,20.3,1372,20.3,1360,20.1,1364,20,0,0
221901,1002,20.8,1001,20.8,1005,21.5,1018,21.5,1016,21.6,1016,20.4,988,21.8,994,21.5,998,21,975,20.9,1411,20.7,1410,20.3,1403,20.4,1411,20.6,1393,18.5,0,0
221912,1050,22.3,1027,21.6,997,21.4,1059,22.3,1049,22.7,1035,22.1,1059,23.3,1046,22.8,1036,22.7,1048,23.5,1527,22.9,1528,23.5,1532,23.7,1583,24.2,1539,24.5,0,0
225902,1024,20.8,1008,20.9,973,19.4,985,19.3,1004,19.5,1008,19.5,966,19,993,19.2,979,19,1025,19.6,1499,19.5,1447,19.8,1377,18.6,1304,19,1266,17.8,0,0
226903,1022,20.9,984,20.3,1001,20.4,987,19.5,994,19.8,1000,20.2,1016,20.7,1003,20.2,1052,20.8,994,20,1484,20.5,1503,21.1,1476,21.1,1430,20.5,1454,20.4,0,0
227901,1041,20.4,1045,20,1032,21.1,1036,20.1,1022,20,1034,20.9,1036,20.9,1024,20.8,1027,20.9,1014,21.2,1496,21.4,1505,21.5,1507,21.9,1507,22.2,1495,22.5,0,0
227904,1022,20.8,1012,20.4,1021,20.3,1015,20.4,1010,19.6,1006,20.8,1011,20.9,1003,20.6,997,21.4,989,20.6,1419,20.3,1424,20.7,1413,20.1,1408,19.9,1429,18.2,0,0
227907,902,18.5,906,18.5,903,17.7,897,18.1,933,20,929,19.9,861,18,867,18.4,862,16.4,847,16.6,1251,16.9,1230,16.8,1258,17.5,1233,16.5,1236,17.8,0,0
227909,1168,24.6,1188,25.1,1186,25.2,1190,24.6,1186,25.7,1192,25.6,1196,26.3,1202,26.3,1215,26.9,1214,27,1763,26.6,1790,27.1,1799,27.3,1786,26.4,1824,26.8,0,0
227910,861,18,835,16.2,849,16.9,879,17.2,895,16.9,845,16.6,872,17.9,883,17.4,889,18.1,876,18.6,1286,17.4,1274,17.8,1248,17.6,1294,18.2,1252,18.3,0,0
227913,1071,21.7,1103,22.4,1102,21.5,1143,23.7,1126,24.2,1107,23.5,1098,23.2,1124,24,1136,25.1,1117,24.3,1653,25.2,1681,24.7,1670,25.1,1628,24.9,1647,24.6,0,0
230902,974,19.9,953,18.9,1137,20,987,19.3,1023,19.9,992,19.6,944,20.5,997,19.4,958,18.6,971,19,1474,19.3,1389,19.5,1370,19.1,1316,19,1408,18.8,0,0
232903,938,18.2,944,19.5,911,17.3,903,17.8,901,17.1,919,18.5,910,18.1,903,17.7,865,16.8,862,18.1,1284,16.3,1303,17.9,1291,18.7,1244,18.3,1106,17.6,0,0
233901,945,17.7,942,17.7,922,18,971,17.6,905,17.4,930,18.6,920,19,977,19.8,933,17.7,918,18.7,1350,18.6,1325,18.1,1330,18.2,1353,19.4,1356,20.3,0,0
234907,973,19.7,949,20.2,995,19.7,1013,19.8,993,21,978,22.7,981,22.6,1008,21.6,1018,20.6,973,20.5,1527,21.9,1419,20.8,1426,20.3,1448,21.5,1446,20.7,0,0
235902,997,20.4,981,19.6,1008,20.1,996,20.9,981,20.3,988,20.3,1000,19.9,1015,20.8,994,19.7,946,19.6,1400,20.5,1367,19.4,1419,19.7,1392,19.7,1390,19.7,0,0
236902,968,18.4,990,18.3,1004,19.6,966,18.3,983,19.3,1022,20,1034,20.2,986,19.2,985,19.2,980,19.3,1376,18.2,1447,19.6,1436,19.7,1377,19,1403,19.6,0,0
237904,916,17.8,895,18.6,900,18.5,969,19.1,981,18.3,967,18.6,929,17.7,958,17.8,966,19.5,999,19.4,1411,19.1,1418,20.3,1380,19.6,1360,19.2,1367,18,0,0
239901,997,21.3,1027,20.3,1013,20.7,1006,20.8,997,19.3,1037,20.1,1006,19.6,1041,23.4,1014,19.5,998,19,1493,19.3,1510,22.6,1439,19.4,1495,21,1497,22.2,0,0
240901,827,16.2,829,16.4,823,16.5,804,16.2,805,16.3,819,16.4,838,17,841,17.3,839,16.7,827,16.8,1224,16.9,1224,17.7,1254,17,1205,17.3,1182,16.9,0,0
240903,883,17,874,17.2,845,16.7,833,17.8,836,18.2,852,17.7,850,17.5,872,18.2,874,18,874,17.5,1328,18.1,1333,18.5,1317,18.6,1321,18.2,1310,18.7,0,0
241903,953,19,991,19.7,918,19.2,932,17.5,947,19.3,953,17.8,911,19.6,932,18.4,879,17.8,914,18.9,1342,20.3,1384,19.2,1368,21,1396,20.9,1378,20.6,0,0
243901,999,20.6,1037,20.5,1022,21.4,974,21,1030,20.9,1049,21.6,1049,21.1,1060,22.2,996,21.8,1025,21.6,1520,21,1523,21.9,1521,22.2,1487,22.2,1468,21.3,0,0
243905,1017,20.7,1023,20.6,1010,20.8,1022,20.9,1011,20.4,1014,21,1013,20.5,998,20.5,997,21,970,21.1,1456,20.7,1475,20.9,1420,20.2,1427,20.5,1424,20.5,0,0
245903,846,18,862,17.6,825,17.2,820,16.8,812,16.2,820,16.6,847,17,812,16.5,825,16.9,889,16.5,1149,15.7,1247,16.4,1056,16.8,1176,15.7,1122,16.2,0,0
246904,1086,21.4,1072,21.7,1059,21.6,1057,21.8,1067,22.6,1044,21.8,1058,22,1061,22,1055,23,1042,21.8,1554,23,1533,22.4,1544,22.7,1529,23,1498,22.5,0,0
246909,1058,22.4,1082,22.3,1080,23,1088,23.3,1087,23.3,1078,23.4,1095,23.7,1100,24,1106,24.1,1091,24,1599,24,1610,23.7,1614,23.9,1602,24.2,1494,24.4,0,0
246911,939,19.1,1020,19.6,914,18.7,958,19.3,987,20.7,972,18.2,976,20.1,958,20.1,941,19.1,955,19.7,1391,18.4,1405,20.2,1387,19,1386,19.6,1360,19.7,0,0
246913,1061,22.8,1041,21.8,1047,21.7,1055,21.3,1055,22.7,1043,22.5,1054,22.5,1077,23.1,1056,23.7,1070,23.7,1546,23.2,1575,23.8,1589,23.6,1596,23.9,1605,23.3,0,0
247901,1012,20.3,952,19.2,974,20,965,19.6,972,20.6,960,20.4,964,20.4,950,20.2,912,19,926,19.6,1389,20.2,1372,19.8,1378,19.2,1468,20.2,1382,20.8,0,0
247903,998,20.3,1008,19.9,1002,20.9,973,19.7,994,21.1,1006,21.3,994,20.3,1002,23.5,989,22.8,999,21.9,1463,22.2,1432,21.2,1430,20.6,1435,22,1378,20.6,0,0
249903,1026,22.1,1022,20.9,1051,21,978,20.7,983,18.6,975,20.6,1039,21.1,1005,20.5,974,21.1,964,20.2,1394,21.1,1470,21.6,1426,20,1398,20.2,1401,20.3,0,0
249905,989,21,952,19.6,1019,20.4,1008,20.5,955,20.3,977,20.5,1001,20.8,938,20.2,1022,21.3,996,21.1,1466,21.1,1468,21.3,1462,21.8,1446,22.1,1439,20.7,0,0
252901,1023,21.5,1012,21.7,1009,21.3,1018,20.2,960,20.6,1020,21.4,1018,21.5,1052,22.2,990,21.5,1047,22.4,1531,21.2,1461,21.3,1437,21.4,1485,20.9,1403,20.7,0,0
