,SAT_avg,ACT_avg,EOC_alg1_avg,EOC_eng1_avg,EOC_his_avg,DISTRICT
001902,1426,-1,93,84,94,001902
001903,1433,20.1,89,79,99,001903
001904,1339,18.1,96,77,90,001904
001906,-1,18.8,78,69,90,001906
001907,1389,20.1,80,61,86,001907
001908,1367,21.5,90,75,92,001908
001909,1447,18.4,96,84,100,001909
002901,1430,19.9,74,71,82,002901
003801,1552,-1,89,87,92,003801
003902,1450,21.2,95,81,99,003902
003903,1504,20.3,85,75,94,003903
003904,1427,19.2,77,68,99,003904
003905,1367,18.6,86,71,83,003905
003906,1307,.,85,91,92,003906
003907,1412,19.7,81,67,91,003907
004901,1397,20.3,81,74,96,004901
005901,1482,22.4,85,81,91,005901
005902,1448,21.6,89,91,100,005902
005904,1390,21.4,91,83,90,005904
006902,-1,22.3,100,93,100,006902
007901,-1,16.3,68,62,77,007901
007902,1389,19.9,66,64,91,007902
007904,1322,17.8,74,63,84,007904
007905,1351,20.1,75,69,90,007905
007906,1331,17.9,70,68,77,007906
008901,1457,21.8,94,76,93,008901
008902,1411,20.7,80,69,91,008902
008903,1393,19.4,81,80,86,008903
009901,-1,18.7,87,68,93,009901
010901,1409,21.1,90,85,86,010901
010902,1477,22,84,84,94,010902
011901,1388,20,78,67,89,011901
011902,1405,20.1,75,67,87,011902
011904,1437,19.8,81,87,96,011904
011905,.,.,.,.,.,011905
012901,-1,21.3,87,79,89,012901
013801,.,.,.,.,.,013801
013901,1485,19.3,56,50,84,013901
013902,.,.,100,.,.,013902
013903,1316,18.7,88,55,65,013903
013905,1427,19.7,93,80,94,013905
014801,-1,.,26,35,60,014801
014802,.,.,35,63,71,014802
014803,-1,.,85,85,85,014803
014804,1527,22.6,81,84,96,014804
014901,1462,21.6,88,76,95,014901
014902,-1,16.1,70,51,61,014902
014903,1465,21.6,86,74,93,014903
014905,1377,18.7,89,81,95,014905
014906,1378,19.6,75,67,93,014906
014907,1491,20.5,88,85,94,014907
014908,1542,22.8,95,93,93,014908
014909,1458,21.1,81,69,94,014909
014910,1411,21.1,93,89,91,014910
015801,1324,-1,39,43,70,015801
015802,-1,-1,96,59,94,015802
015803,-1,13.2,.,-1,-1,015803
015805,.,.,83,83,.,015805
015806,1222,18.6,79,61,74,015806
015807,1314,-1,41,40,69,015807
015808,.,.,-1,-1,-1,015808
015809,.,.,.,.,.,015809
015814,.,.,55,41,59,015814
015815,1218,.,71,56,100,015815
015816,-1,17.2,75,88,100,015816
015819,.,.,69,59,75,015819
015820,-1,.,75,87,87,015820
015822,1228,-1,76,66,78,015822
015823,.,-1,48,56,67,015823
015825,.,.,.,.,.,015825
015826,1263,18.1,71,66,96,015826
015827,1499,20.5,93,80,97,015827
015828,1390,19.6,91,84,90,015828
015830,1403,20,65,68,96,015830
015831,1413,-1,86,77,100,015831
015832,-1,-1,75,76,81,015832
015833,1383,17.8,62,49,92,015833
015834,.,.,95,100,98,015834
015835,.,.,83,92,95,015835
015836,.,.,-1,.,.,015836
015901,1646,24.7,95,85,97,015901
015904,1171,18.4,73,65,80,015904
015905,1168,16.9,70,53,84,015905
015906,1589,22.9,91,91,100,015906
015907,1201,16.7,66,57,84,015907
015908,1261,17.9,72,59,85,015908
015909,1231,17,79,65,84,015909
015910,1491,22.4,88,79,97,015910
015911,1326,18.9,72,65,92,015911
015912,1133,17.8,70,60,88,015912
015913,1551,24,95,85,100,015913
015914,1552,22.1,93,91,94,015914
015915,1437,21.2,86,77,95,015915
015916,1318,18.6,77,72,93,015916
015917,1226,19,74,60,91,015917
016901,1467,-1,81,60,94,016901
016902,1452,20.9,90,83,98,016902
017901,-1,22.8,86,92,100,017901
018901,1516,22.2,95,84,95,018901
018902,1316,17.9,85,68,100,018902
018903,1155,-1,45,43,78,018903
018904,1307,18.6,84,69,98,018904
018905,-1,-1,69,70,90,018905
018906,-1,-1,93,72,-1,018906
018907,1513,-1,100,84,92,018907
018908,-1,-1,100,67,86,018908
019901,.,19.1,87,72,92,019901
019902,.,21.2,93,78,91,019902
019903,.,20.1,73,77,88,019903
019905,-1,19.8,85,87,91,019905
019906,.,20.4,86,79,96,019906
019907,1584,20.4,84,70,88,019907
019908,-1,18.7,79,72,91,019908
019909,-1,20,89,77,87,019909
019910,.,.,.,.,.,019910
019911,.,.,100,.,.,019911
019912,1850,22.8,96,90,92,019912
019913,.,.,.,.,.,019913
019914,.,.,.,.,.,019914
020901,1415,20.2,82,65,92,020901
020902,1406,18.6,71,75,92,020902
020904,1412,19.6,76,65,91,020904
020905,1454,22,64,56,87,020905
020906,1389,21.1,92,83,92,020906
020907,1418,21.6,82,71,88,020907
020908,1543,22.5,92,85,97,020908
020910,.,.,100,71,.,020910
021803,-1,-1,.,-1,-1,021803
021805,.,.,.,.,.,021805
021901,1609,23.5,93,84,93,021901
021902,1430,20.2,70,56,89,021902
022004,-1,22.4,-1,61,82,022004
022901,1474,18.3,90,85,97,022901
022902,.,-1,-1,-1,-1,022902
022903,.,.,-1,.,.,022903
023902,-1,25.4,93,71,73,023902
024901,1492,16.9,76,65,57,024901
025901,1473,20.5,77,73,83,025901
025902,1456,20.8,78,69,91,025902
025904,-1,19.7,81,82,94,025904
025905,1384,22,86,86,84,025905
025906,-1,18.9,95,90,95,025906
025908,.,22.8,73,54,73,025908
025909,1496,22.2,92,88,97,025909
026901,1494,20.9,88,81,93,026901
026902,1256,19.3,70,63,95,026902
026903,1428,20.5,83,62,76,026903
027903,1359,19.9,79,61,85,027903
027904,1429,21.2,87,71,95,027904
028902,1345,19.2,82,57,85,028902
028903,1360,18.8,69,66,95,028903
028906,1300,-1,55,-1,90,028906
029901,1478,20.5,89,67,91,029901
030901,.,22.7,96,86,92,030901
030902,1408,20.2,88,80,93,030902
030903,.,17.5,71,56,94,030903
030906,-1,20.6,93,92,100,030906
031901,1255,18.2,84,65,89,031901
031903,1334,18.7,70,61,84,031903
031905,1369,18.1,74,66,90,031905
031906,1280,18.3,92,78,94,031906
031909,1252,16.9,88,63,86,031909
031911,1231,17.2,70,69,87,031911
031912,1238,16.9,83,64,87,031912
031913,1170,16.8,88,70,69,031913
031914,.,17,73,77,87,031914
031916,1502,21.5,87,88,97,031916
032902,1403,19.8,90,74,78,032902
033901,-1,24,100,100,93,033901
033902,-1,21,92,95,92,033902
033904,1520,21.6,86,86,96,033904
034901,-1,20.1,79,74,89,034901
034902,.,17.3,-1,92,56,034902
034903,-1,19.4,89,76,91,034903
034905,.,20.2,86,71,98,034905
034906,.,21.6,100,73,75,034906
034907,-1,20,92,77,96,034907
034909,.,19.4,90,63,91,034909
035901,.,17.4,75,64,71,035901
035902,.,17.3,76,53,48,035902
035903,.,24,100,84,100,035903
036901,1326,19,87,72,92,036901
036902,1478,21.7,96,91,100,036902
036903,1396,18.6,84,70,96,036903
037901,1434,19.1,69,70,86,037901
037904,1475,18.7,89,69,89,037904
037907,1530,22,85,79,95,037907
037908,-1,-1,80,55,78,037908
037909,1225,.,37,57,91,037909
038901,-1,19.9,90,84,91,038901
039902,1441,21.5,89,77,96,039902
039903,.,19.9,92,81,96,039903
039904,-1,-1,77,42,90,039904
039905,-1,19.8,100,73,86,039905
040901,-1,17.4,71,68,78,040901
040902,-1,21.8,77,81,100,040902
041901,.,20.5,93,85,100,041901
041902,-1,23.9,86,75,100,041902
042901,.,20.4,89,82,91,042901
042903,-1,20.4,95,70,95,042903
042905,.,21.6,100,80,100,042905
043801,.,.,96,96,100,043801
043901,1605,24.1,94,91,98,043901
043902,1454,21.5,86,79,93,043902
043903,1506,21.9,86,82,97,043903
043904,1504,21.5,88,81,100,043904
043905,1609,24.1,96,92,99,043905
043907,1576,23.3,92,86,97,043907
043908,1476,21.7,95,89,92,043908
043910,1693,25.8,94,90,98,043910
043911,1436,21.1,80,74,85,043911
043912,1561,23.2,98,92,98,043912
043914,1468,21.8,94,85,96,043914
043917,1333,18.4,63,68,88,043917
043918,1392,20.1,77,77,95,043918
043919,1677,25.6,100,98,100,043919
044902,-1,19.6,100,80,84,044902
045902,1357,19.3,84,67,89,045902
045903,1410,18,77,68,86,045903
045905,1399,22,96,85,95,045905
046802,.,.,46,60,100,046802
046901,1501,22.3,83,83,96,046901
046902,1489,22.2,91,82,96,046902
047901,1409,20.1,90,86,96,047901
047902,1459,20,81,79,98,047902
047903,1221,17.9,50,67,92,047903
047905,-1,-1,100,88,92,047905
048901,.,20.2,94,84,95,048901
048903,-1,-1,100,68,100,048903
049901,1451,20.4,81,70,90,049901
049902,1592,22.6,100,97,100,049902
049903,1388,19.7,95,66,98,049903
049905,1322,-1,93,86,96,049905
049906,1371,19,89,85,97,049906
049907,1570,22.8,98,93,100,049907
049908,.,.,-1,.,.,049908
049909,.,.,.,.,.,049909
050901,-1,18.8,85,70,93,050901
050902,1381,20.8,93,80,92,050902
050904,1342,-1,92,77,75,050904
050909,-1,20,81,82,86,050909
050910,1381,19.6,83,76,89,050910
051901,.,20.8,87,75,89,051901
052901,1621,18.8,73,56,93,052901
053001,1296,18.2,70,66,98,053001
054901,.,17,84,78,100,054901
054902,-1,-1,85,53,75,054902
054903,1298,17.1,88,81,90,054903
055901,-1,18.1,71,63,70,055901
056901,1576,20.6,75,70,93,056901
056902,-1,19.4,80,83,100,056902
057802,1235,-1,68,53,82,057802
057803,1713,25.8,90,94,97,057803
057804,1154,15.1,49,53,67,057804
057805,.,.,.,.,.,057805
057806,1194,14.9,79,70,94,057806
057807,1339,18.9,93,74,98,057807
057808,1325,-1,50,50,85,057808
057809,.,.,.,.,.,057809
057810,.,.,.,.,.,057810
057811,.,.,.,.,.,057811
057813,.,.,95,.,.,057813
057814,.,.,20,23,-1,057814
057815,1156,16,71,49,68,057815
057816,.,.,100,93,.,057816
057817,1181,.,57,49,90,057817
057819,-1,-1,75,-1,-1,057819
057827,.,.,.,.,.,057827
057828,1475,18,37,53,71,057828
057829,1198,-1,80,67,87,057829
057830,.,.,78,52,81,057830
057831,1142,14,60,58,85,057831
057832,-1,-1,46,33,48,057832
057833,.,.,.,.,.,057833
057834,1289,-1,31,34,65,057834
057835,.,.,.,.,.,057835
057836,.,.,.,.,.,057836
057837,.,.,83,.,.,057837
057838,1356,19.1,87,85,96,057838
057839,.,.,100,.,.,057839
057840,1612,23.9,.,-1,100,057840
057841,.,.,.,.,.,057841
057842,1391,19.8,78,78,96,057842
057843,1280,18.3,81,67,95,057843
057844,.,.,.,.,.,057844
057845,.,.,87,81,.,057845
057846,.,.,81,58,.,057846
057847,.,.,67,64,.,057847
057848,.,-1,86,79,93,057848
057903,1476,21,85,75,94,057903
057904,1346,19.2,70,67,92,057904
057905,1279,17.1,75,62,91,057905
057906,1250,17,69,62,80,057906
057907,1305,18.6,67,63,89,057907
057909,1435,20.7,82,69,92,057909
057910,1334,18.9,80,68,93,057910
057911,1792,27.2,99,99,100,057911
057912,1238,18.7,78,73,91,057912
057913,1198,16.4,64,60,87,057913
057914,1337,18.9,83,73,90,057914
057916,1542,20.2,83,75,94,057916
057919,1540,22.8,99,96,96,057919
057922,1704,25.2,95,92,98,057922
058902,.,17.5,75,77,100,058902
058905,-1,22.3,100,100,100,058905
058906,1334,18.6,61,57,71,058906
058909,.,18.7,94,88,100,058909
059901,1680,19.1,73,53,78,059901
059902,.,.,.,.,.,059902
060902,1390,20.3,87,78,78,060902
060914,-1,16.2,91,75,88,060914
061802,1538,-1,.,.,.,061802
061804,.,.,.,.,.,061804
061901,1477,21.1,83,73,90,061901
061902,1610,23.7,91,85,95,061902
061903,1427,19.4,87,89,94,061903
061905,1434,20.7,87,78,96,061905
061906,1528,22.7,86,84,95,061906
061907,1486,22.8,92,82,99,061907
061908,1440,21.2,85,70,94,061908
061910,1600,24.5,99,97,99,061910
061911,1491,22.6,88,83,96,061911
061912,1459,22.5,82,79,93,061912
061914,1421,20.3,75,71,91,061914
062901,1417,20.3,81,62,80,062901
062902,-1,18.7,63,50,87,062902
062903,1575,19.8,77,68,86,062903
062904,1442,-1,86,87,100,062904
062905,.,.,.,.,.,062905
062906,.,.,100,.,.,062906
063903,-1,21.1,91,96,93,063903
063906,.,-1,88,78,.,063906
064903,1275,17.8,65,56,87,064903
065901,-1,20,85,82,91,065901
065902,.,18.8,86,67,83,065902
066005,.,.,.,.,.,066005
066901,.,15.3,88,69,95,066901
066902,-1,16.8,70,58,74,066902
066903,-1,17.8,71,59,96,066903
067902,1489,20.9,93,90,98,067902
067903,1401,20.8,81,80,91,067903
067904,1450,19.5,75,67,72,067904
067907,1594,-1,47,44,79,067907
067908,.,20,93,86,88,067908
068802,.,.,.,.,.,068802
068803,.,.,.,.,.,068803
068901,1365,20.3,64,57,82,068901
069901,-1,18.3,75,68,92,069901
069902,.,19.3,91,79,100,069902
070801,1337,-1,88,41,87,070801
070901,1291,-1,100,66,95,070901
070903,1458,19.5,84,64,86,070903
070905,1317,19.5,86,77,91,070905
070907,1304,17.8,96,69,95,070907
070908,1492,22.3,92,82,94,070908
070909,.,20.2,83,79,93,070909
070910,1362,20.5,95,86,98,070910
070911,1440,21,92,81,96,070911
070912,1463,21.3,81,72,89,070912
070915,1473,21,99,76,93,070915
071801,1463,18.1,96,85,96,071801
071803,1069,-1,70,63,88,071803
071804,1263,-1,68,60,74,071804
071806,1427,23.1,93,70,93,071806
071807,.,.,.,.,.,071807
071809,.,.,.,.,.,071809
071810,.,.,.,.,.,071810
071901,1146,16.9,81,66,90,071901
071902,1443,19,79,65,86,071902
071903,1186,.,88,70,88,071903
071904,1156,16.4,79,58,83,071904
071905,1191,18.7,88,74,93,071905
071906,1522,15.9,78,71,100,071906
071907,1201,18.4,75,71,87,071907
071908,1164,15.2,79,49,80,071908
071909,1291,18.8,81,71,91,071909
072801,1350,18.2,72,70,84,072801
072802,-1,.,64,78,94,072802
072901,.,.,-1,.,.,072901
072902,1330,19.7,86,77,78,072902
072903,1487,21.8,84,77,93,072903
072904,.,.,-1,.,.,072904
072908,1430,20.6,94,75,100,072908
072909,1173,18.8,80,63,85,072909
072910,.,.,.,.,.,072910
073901,.,17.6,70,64,81,073901
073903,1099,16.8,60,41,85,073903
073904,.,.,100,.,.,073904
073905,1317,19.7,71,58,92,073905
074903,1463,20.3,70,55,82,074903
074904,-1,21.9,94,86,100,074904
074905,-1,-1,84,43,91,074905
074907,-1,20.1,94,80,91,074907
074909,1389,20.8,87,79,91,074909
074911,1511,19.4,93,94,96,074911
074912,1444,21.2,98,85,93,074912
074917,1366,20.9,93,97,96,074917
075901,1289,18.8,100,89,98,075901
075902,1442,21.4,94,77,93,075902
075903,1449,19.9,82,83,88,075903
075906,1395,20.3,91,76,100,075906
075908,1418,21.5,90,83,96,075908
076903,-1,21.2,100,94,100,076903
076904,.,18.9,75,71,86,076904
077901,-1,18,93,77,93,077901
077902,-1,19.8,64,65,92,077902
078901,-1,20.9,100,67,73,078901
079901,1464,21,77,74,93,079901
079906,1461,21.6,81,79,94,079906
079907,1528,22.1,85,78,95,079907
079910,1336,19.5,66,68,88,079910
080901,-1,23.2,88,88,86,080901
081902,1545,20.1,97,94,95,081902
081904,1449,19.5,83,71,85,081904
081905,1450,19.3,79,75,82,081905
081906,.,.,-1,.,.,081906
082902,1272,17.2,51,59,70,082902
082903,-1,17.4,66,56,86,082903
083901,-1,16.9,66,53,81,083901
083902,.,18.1,89,90,100,083902
083903,1408,20.5,81,70,97,083903
084801,.,.,100,.,.,084801
084802,.,.,94,71,.,084802
084804,.,.,100,.,.,084804
084805,-1,-1,58,69,82,084805
084901,1360,18.7,80,62,93,084901
084902,1357,20.3,71,63,84,084902
084903,1211,-1,65,57,88,084903
084904,1220,16.7,50,53,82,084904
084906,1326,19.1,68,63,87,084906
084908,1092,14.9,60,53,80,084908
084909,1389,21,79,63,85,084909
084910,1589,24.1,92,84,96,084910
084911,1642,25,98,92,98,084911
085902,-1,19.6,70,73,91,085902
085903,-1,18,82,85,75,085903
086024,.,.,.,.,.,086024
086901,1494,21.8,89,72,91,086901
086902,1416,21.6,93,84,98,086902
087901,-1,21.3,96,69,92,087901
088902,1391,20.3,94,78,90,088902
089901,1414,20.4,72,70,77,089901
089903,1453,20.3,91,72,80,089903
089905,1044,.,56,59,83,089905
090902,.,-1,100,70,100,090902
090903,-1,19.6,89,85,100,090903
090904,1463,19.7,72,63,92,090904
090905,.,.,.,.,.,090905
091901,1478,21.3,95,83,94,091901
091902,-1,22,88,71,93,091902
091903,1494,21.5,85,72,89,091903
091905,1458,22.4,97,90,96,091905
091906,1532,21.3,84,74,95,091906
091907,.,.,96,100,90,091907
091908,1474,22,100,93,95,091908
091909,1502,21.6,87,73,86,091909
091910,1531,21.5,93,84,94,091910
091913,1630,23.4,88,82,99,091913
091914,1470,20.8,95,67,89,091914
091917,1470,21.9,98,84,97,091917
091918,1523,23.8,71,70,89,091918
092801,-1,-1,88,75,89,092801
092901,1466,19.3,79,66,74,092901
092902,1510,19.5,79,70,93,092902
092903,1445,19.6,86,70,85,092903
092904,1468,22.5,80,68,89,092904
092906,1473,21.9,93,78,93,092906
092907,1580,22.9,92,81,99,092907
092908,1464,21.9,96,94,98,092908
093901,1391,19.8,89,90,96,093901
093903,1364,20.1,90,85,97,093903
093904,1352,19.3,62,62,88,093904
093905,1448,18,-1,71,100,093905
094901,1380,20.1,69,60,89,094901
094902,1462,21.8,85,81,95,094902
094903,1443,20.9,91,86,92,094903
094904,1409,20.6,88,76,90,094904
095901,1315,21,75,74,96,095901
095902,1324,18.1,100,91,90,095902
095903,-1,18.9,83,76,92,095903
095904,.,18.7,93,61,94,095904
095905,1571,19.6,84,75,91,095905
096904,-1,19.9,96,83,100,096904
096905,.,18.8,100,87,100,096905
097902,1506,23,82,87,93,097902
097903,1678,22,84,85,91,097903
098901,-1,22.5,91,76,84,098901
098903,.,.,100,.,.,098903
098904,-1,20.4,96,72,95,098904
099902,-1,19.2,88,79,88,099902
099903,.,18.3,91,96,94,099903
100903,1389,17.8,80,66,80,100903
100904,1388,20.3,85,78,93,100904
100905,1434,22.2,95,83,97,100905
100907,1430,22.6,90,87,96,100907
100908,1312,-1,76,81,90,100908
101801,.,.,.,.,.,101801
101802,.,.,100,.,.,101802
101803,.,.,92,80,.,101803
101804,1104,14.6,33,38,73,101804
101805,1113,14.4,61,48,95,101805
101806,1194,-1,95,75,90,101806
101807,.,.,.,.,.,101807
101809,1357,.,35,54,78,101809
101810,.,.,.,.,.,101810
101811,.,.,-1,-1,.,101811
101813,1288,19.5,83,77,98,101813
101814,.,.,.,.,.,101814
101815,.,.,.,.,.,101815
101819,.,.,.,.,.,101819
101821,1000,13.8,70,55,84,101821
101828,1211,.,98,71,100,101828
101829,.,.,.,.,.,101829
101833,.,.,.,.,.,101833
101837,1348,.,97,81,98,101837
101838,1297,-1,71,64,85,101838
101840,.,.,.,.,.,101840
101842,.,.,50,62,100,101842
101845,1422,19.1,93,84,99,101845
101846,1510,22,89,79,95,101846
101847,.,.,.,.,.,101847
101848,.,.,.,.,.,101848
101849,.,.,.,.,.,101849
101850,.,.,.,.,.,101850
101853,.,.,.,.,.,101853
101855,.,.,.,.,.,101855
101856,.,.,.,.,.,101856
101858,1572,24.6,95,88,99,101858
101859,.,.,93,.,.,101859
101861,.,.,.,.,.,101861
101862,.,.,94,86,98,101862
101864,.,.,.,.,.,101864
101865,.,.,81,57,80,101865
101866,.,.,.,.,.,101866
101867,.,.,81,41,.,101867
101868,.,.,61,31,44,101868
101869,.,.,52,27,.,101869
101902,1267,17.7,73,57,88,101902
101903,1292,18.2,74,62,89,101903
101905,1296,17.3,75,60,90,101905
101906,1418,18.8,83,66,88,101906
101907,1503,21.9,89,79,95,101907
101908,1450,20.8,90,79,94,101908
101910,1320,17.9,79,67,92,101910
101911,1390,19.1,85,71,92,101911
101912,1247,20.5,72,59,85,101912
101913,1488,22.8,87,78,95,101913
101914,1584,23.9,90,86,97,101914
101915,1503,22.4,87,75,95,101915
101916,1395,18.9,83,72,92,101916
101917,1324,19.8,83,64,92,101917
101919,1174,18.2,70,58,85,101919
101920,1535,23.8,83,72,93,101920
101921,1530,23,94,88,97,101921
101924,1251,18.1,76,60,82,101924
101925,1444,22.3,86,81,92,101925
102901,.,19.6,-1,60,100,102901
102902,1397,19.1,66,58,79,102902
102903,-1,19.7,81,62,94,102903
102904,1420,20.7,90,73,95,102904
102905,-1,23,98,76,78,102905
102906,-1,20.9,76,78,-1,102906
103901,.,-1,85,60,93,103901
103902,.,-1,65,88,85,103902
104901,-1,20.1,85,89,96,104901
104903,.,.,77,71,63,104903
104907,.,21.2,100,86,100,104907
105801,1564,-1,57,70,100,105801
105802,.,.,.,.,.,105802
105902,1399,19.7,68,56,88,105902
105904,1619,24.3,96,93,98,105904
105905,1619,23.8,95,85,97,105905
105906,1421,20.7,82,72,90,105906
106901,-1,20.2,95,78,94,106901
107901,1449,19.8,72,66,79,107901
107902,1479,21.7,89,81,89,107902
107904,1293,19.8,83,59,50,107904
107905,1415,-1,81,68,98,107905
107906,1342,18.5,71,61,87,107906
107907,-1,.,82,75,100,107907
107908,.,.,.,.,.,107908
107910,1327,21,69,62,81,107910
108801,-1,15.4,44,45,59,108801
108802,.,.,.,.,.,108802
108804,-1,17.6,38,48,66,108804
108807,1347,19.1,88,83,97,108807
108808,1318,20,97,88,100,108808
108809,.,.,.,.,.,108809
108902,1341,17.2,68,58,85,108902
108903,1237,17.5,72,63,88,108903
108904,1384,17.9,79,65,88,108904
108905,1245,16.2,68,65,84,108905
108906,1430,18.9,82,70,91,108906
108907,1508,17.4,69,57,84,108907
108908,1367,17.7,74,59,58,108908
108909,1205,17,70,53,78,108909
108910,-1,17.3,64,54,70,108910
108911,1409,19.1,87,80,94,108911
108912,1252,17,73,59,81,108912
108913,1514,17.6,79,59,79,108913
108914,.,14.9,57,67,89,108914
108915,1225,16.5,71,62,87,108915
108916,1180,18.5,90,71,92,108916
109901,1488,21,94,75,95,109901
109902,-1,-1,92,67,79,109902
109903,.,20.9,79,48,84,109903
109904,1379,19.9,86,76,81,109904
109905,1488,23.3,64,65,87,109905
109907,1325,19.1,87,64,86,109907
109908,.,.,.,.,.,109908
109910,.,.,67,78,89,109910
109911,1529,22.6,79,85,88,109911
109912,1427,.,100,78,95,109912
109913,-1,18.9,96,74,86,109913
109914,1397,21,82,71,58,109914
110901,-1,21.3,55,50,72,110901
110902,1398,19.6,71,76,86,110902
110905,1354,20.9,92,82,77,110905
110906,1416,18.7,74,86,93,110906
110907,1404,24.1,100,89,100,110907
110908,1600,22.8,80,82,100,110908
111901,1485,21.9,87,84,94,111901
111902,1477,18.3,83,82,90,111902
111903,1473,21.2,84,81,93,111903
112901,1444,20.8,88,76,91,112901
112905,1322,21.5,72,67,93,112905
112906,-1,17.9,69,61,59,112906
112907,-1,23.6,85,67,94,112907
112908,-1,17.6,83,78,84,112908
112909,-1,21.8,90,79,82,112909
112910,-1,20.9,86,73,90,112910
113901,1159,-1,84,73,95,113901
113902,1383,20.5,71,67,83,113902
113903,1420,21.4,100,94,89,113903
113905,1262,-1,92,79,83,113905
113906,1342,-1,-1,80,-1,113906
114901,-1,20.5,76,59,83,114901
114902,-1,20.1,55,64,92,114902
114904,1527,21.5,81,86,90,114904
115901,1166,20.4,84,57,89,115901
115902,1285,-1,30,50,-1,115902
115903,.,-1,60,-1,80,115903
116801,1218,15.3,64,51,94,116801
116901,1557,21.6,98,90,96,116901
116902,1395,20.7,96,79,-1,116902
116903,1408,20,78,65,89,116903
116905,1385,21,89,74,93,116905
116906,1422,21.2,96,84,100,116906
116908,1378,19.7,79,63,86,116908
116909,1520,21.3,85,67,83,116909
116910,-1,20.3,82,84,63,116910
116915,1608,22.7,79,74,97,116915
116916,1400,19.5,82,77,96,116916
117901,1436,19.3,84,69,90,117901
117903,1454,20.3,72,66,86,117903
117904,.,21.6,91,84,96,117904
117907,.,.,.,.,.,117907
118902,-1,20.7,83,75,95,118902
119901,1448,-1,89,62,85,119901
119902,1414,20.1,85,71,84,119902
119903,1411,-1,77,60,91,119903
120901,1310,18.3,78,64,73,120901
120902,-1,18.2,68,73,78,120902
120905,1463,20.7,96,89,90,120905
121902,-1,19.5,84,86,96,121902
121903,1429,22.8,78,76,100,121903
121904,1498,19.2,86,71,83,121904
121905,1524,19.8,77,80,76,121905
121906,1296,-1,93,97,95,121906
122901,1489,23.6,94,83,94,122901
122902,-1,-1,-1,-1,-1,122902
123803,932,.,91,86,89,123803
123805,.,.,.,.,.,123805
123807,1153,.,92,79,100,123807
123905,1432,23.8,91,87,95,123905
123907,1201,16.9,67,53,81,123907
123908,1392,21.3,79,68,95,123908
123910,1311,17.9,61,56,82,123910
123913,1315,16.9,97,94,100,123913
123914,1382,21,98,90,95,123914
124901,1468,17.3,78,59,54,124901
125901,1517,18.2,64,47,76,125901
125902,.,16.7,67,69,86,125902
125903,-1,19.5,86,76,89,125903
125905,.,16.4,57,54,82,125905
125906,.,.,.,.,.,125906
126901,1367,18.6,71,60,77,126901
126902,1434,21.7,82,77,94,126902
126903,1408,21.7,72,60,86,126903
126904,1430,22.5,95,78,98,126904
126905,1457,22.3,91,79,95,126905
126906,1265,-1,81,71,85,126906
126907,1385,21.2,81,80,91,126907
126908,1319,19.4,79,68,84,126908
126911,1401,21.2,90,77,97,126911
127901,-1,20.7,93,79,91,127901
127903,.,18.6,88,67,77,127903
127904,1413,21.2,91,59,94,127904
127905,-1,.,-1,100,60,127905
127906,-1,19.4,97,80,90,127906
128901,1240,15.3,86,80,90,128901
128902,-1,18.4,72,60,82,128902
128903,1426,17.1,60,83,93,128903
128904,1405,21.2,100,88,97,128904
129901,1459,20.2,91,75,95,129901
129902,1434,20.8,95,88,96,129902
129903,1353,20.1,83,67,92,129903
129904,1344,19.7,85,75,93,129904
129905,1493,21.8,88,68,94,129905
129906,1360,19.9,80,69,90,129906
129910,1388,19.8,96,79,99,129910
130801,.,.,-1,-1,-1,130801
130901,1590,24.3,93,90,99,130901
130902,1421,19.6,85,79,96,130902
131001,.,.,.,.,.,131001
132902,.,22.9,100,93,100,132902
133901,1380,18.3,82,64,99,133901
133902,.,.,100,.,.,133902
133903,1501,22.3,92,77,94,133903
133904,1304,18.1,68,63,87,133904
133905,.,.,.,.,.,133905
134901,1292,19.4,87,82,87,134901
135001,.,17,100,100,100,135001
136901,1372,22,91,79,91,136901
137901,1270,17.1,54,46,54,137901
137902,.,.,100,.,.,137902
137903,1282,17.9,80,62,91,137903
137904,1498,19.7,95,90,94,137904
138902,-1,19,85,73,90,138902
138903,-1,20.4,76,52,94,138903
138904,.,.,100,85,70,138904
139905,-1,20.6,81,81,97,139905
139908,-1,17.5,73,54,85,139908
139909,1537,21.1,85,67,80,139909
139911,1539,21.8,87,79,78,139911
139912,1425,20.4,89,79,80,139912
140901,-1,21,58,93,-1,140901
140904,1367,19.3,71,59,80,140904
140905,-1,19,80,78,86,140905
140907,.,20.4,84,71,90,140907
140908,-1,21.8,92,79,91,140908
141901,1408,21,85,77,94,141901
141902,1370,20.1,100,78,94,141902
142901,1163,16.3,74,51,80,142901
143901,1434,20.7,94,86,96,143901
143902,-1,21.3,91,88,100,143902
143903,1460,21.4,100,98,98,143903
143904,.,.,-1,.,.,143904
143905,.,.,100,.,.,143905
143906,.,.,.,.,.,143906
144901,1374,18.4,91,83,99,144901
144902,1454,19.6,69,93,96,144902
144903,1417,20,88,53,71,144903
145901,1428,20.2,74,78,96,145901
145902,1341,19.2,93,82,91,145902
145906,1297,20.3,87,78,67,145906
145907,-1,17.6,78,93,91,145907
145911,1436,19.8,79,71,84,145911
146901,1242,16.4,67,56,86,146901
146902,1375,18.3,85,69,80,146902
146903,.,.,100,.,.,146903
146904,1425,18.7,84,76,88,146904
146905,1292,17.2,100,79,84,146905
146906,1370,19.1,83,63,88,146906
146907,1446,18.4,80,71,100,146907
147901,-1,.,95,59,84,147901
147902,1399,19.3,71,69,87,147902
147903,-1,18.4,80,65,84,147903
148901,.,19.6,89,79,87,148901
148902,.,20.6,89,70,91,148902
148903,-1,-1,77,80,88,148903
148905,.,21.3,92,64,100,148905
149901,1519,19.4,76,66,91,149901
149902,1562,21.6,73,63,94,149902
150901,1428,23.3,91,84,92,150901
152802,.,.,.,.,.,152802
152803,-1,-1,37,46,75,152803
152901,1287,20.3,73,67,90,152901
152902,1351,18.1,79,77,92,152902
152903,1414,17.7,89,61,90,152903
152906,1477,21.6,92,83,94,152906
152907,1462,22.3,86,77,95,152907
152908,1313,17.9,84,79,94,152908
152909,1566,21.6,93,90,93,152909
152910,1441,21.1,92,77,96,152910
153903,.,19.2,86,82,90,153903
153904,1434,20.6,89,79,93,153904
153905,-1,17.8,93,94,100,153905
153907,-1,16.3,-1,43,100,153907
154901,1354,18.1,90,72,90,154901
154903,1374,20.4,70,79,83,154903
155901,-1,19.3,77,65,82,155901
156902,1416,22.2,80,71,87,156902
156905,-1,22.7,100,100,94,156905
157901,1539,22.1,93,82,98,157901
158901,1349,22.5,68,61,86,158901
158902,1257,17.7,76,70,93,158902
158904,.,.,.,.,.,158904
158905,1289,17.3,86,77,92,158905
158906,1389,19.2,78,70,96,158906
159901,1300,19.4,80,69,94,159901
160901,1456,19.5,79,77,92,160901
160904,.,20.4,71,62,87,160904
160905,-1,-1,67,59,88,160905
161801,.,.,.,.,.,161801
161802,1499,21,95,92,100,161802
161807,1418,18.6,92,81,96,161807
161901,1483,22.3,95,96,98,161901
161903,1559,23.5,92,90,96,161903
161906,1287,17,60,49,83,161906
161907,1485,21.8,96,81,98,161907
161908,1413,18.8,82,79,96,161908
161909,1466,20,89,89,95,161909
161910,1384,19.1,92,87,98,161910
161912,1492,20.4,77,74,96,161912
161914,1288,17.4,56,48,76,161914
161916,1448,20.3,89,84,99,161916
161918,1520,21.6,88,82,88,161918
161919,1477,21.6,74,68,84,161919
161920,1535,22.3,91,93,98,161920
161921,1338,20.7,80,65,85,161921
161922,1471,21.8,85,83,96,161922
161923,1582,22.1,90,83,93,161923
161924,.,.,.,-1,.,161924
161925,1249,.,100,70,100,161925
162904,1542,19.7,100,86,100,162904
163901,1348,19.7,85,67,94,163901
163902,1303,18.9,86,78,87,163902
163903,1285,16.9,72,63,86,163903
163904,1403,20.3,78,62,95,163904
163908,1452,20.6,83,71,94,163908
164901,.,21.3,71,61,79,164901
165802,.,.,.,.,.,165802
165901,1460,20.4,68,60,86,165901
165902,1459,19.3,83,78,85,165902
166901,1324,19.1,77,63,89,166901
166902,.,.,.,.,.,166902
166903,-1,21,92,64,92,166903
166904,1336,20.4,85,72,93,166904
166905,1416,20.4,89,68,96,166905
166907,1342,-1,53,43,76,166907
167901,1387,19.8,92,76,97,167901
167902,.,-1,100,86,90,167902
167904,-1,-1,90,100,93,167904
168901,-1,19.8,82,76,75,168901
168902,.,16,77,47,85,168902
168903,1210,-1,96,70,84,168903
169901,1414,21.4,96,81,93,169901
169902,1340,19.8,97,83,94,169902
169906,1380,-1,84,70,75,169906
169908,.,.,.,.,.,169908
169909,-1,-1,100,92,-1,169909
169910,-1,21.5,90,89,83,169910
169911,1474,20.3,82,83,92,169911
170801,.,.,.,.,.,170801
170902,1567,23.5,89,80,96,170902
170903,1526,23.2,94,88,97,170903
170904,1391,20,81,64,92,170904
170906,1477,22.2,86,79,94,170906
170907,1434,18.8,69,63,91,170907
170908,1402,20.3,73,66,88,170908
171901,1506,19.6,75,59,89,171901
171902,-1,20.5,80,67,92,171902
172902,1492,19.1,82,78,86,172902
172905,1307,19.7,89,93,97,172905
173901,.,17.9,91,57,83,173901
174801,.,.,.,.,.,174801
174901,1328,18.4,81,74,92,174901
174902,1491,20.4,96,87,95,174902
174903,-1,20.1,96,75,100,174903
174904,1469,20.3,65,60,52,174904
174906,1404,19.3,93,77,100,174906
174908,1536,22.9,87,80,96,174908
174909,-1,17.6,100,77,96,174909
174910,.,.,-1,.,.,174910
174911,1630,24,100,74,96,174911
175902,1415,18.6,89,75,96,175902
175903,1317,18.2,68,58,87,175903
175904,1308,19,87,79,83,175904
175905,1480,18.5,83,74,80,175905
175907,-1,17.7,76,53,93,175907
175910,1429,22.4,92,79,98,175910
175911,1356,18.3,74,64,78,175911
176901,-1,-1,54,52,85,176901
176902,1307,17,77,58,75,176902
176903,1383,21,80,65,92,176903
177901,-1,20.4,94,83,90,177901
177902,1420,21.7,63,66,92,177902
177903,-1,20,83,58,100,177903
177905,-1,22.8,100,100,100,177905
178801,.,.,89,63,-1,178801
178807,.,.,33,.,.,178807
178808,.,.,100,.,.,178808
178901,-1,19.7,88,71,81,178901
178902,1359,18.6,85,75,95,178902
178903,1449,21.8,91,87,98,178903
178904,1355,18.7,82,62,89,178904
178905,.,.,100,.,.,178905
178906,-1,.,93,92,98,178906
178908,1577,22,97,84,100,178908
178909,-1,16.9,69,55,83,178909
178912,1439,21,88,77,94,178912
178913,-1,17,79,73,95,178913
178914,1495,22,88,81,97,178914
178915,1167,16,80,57,80,178915
179901,-1,20,84,72,84,179901
180901,-1,19.1,75,69,100,180901
180902,-1,20.4,96,76,93,180902
180903,-1,21.7,75,38,100,180903
180904,.,.,.,.,.,180904
181901,1422,23.9,93,80,97,181901
181905,1448,23.5,94,70,93,181905
181906,1210,17.4,74,65,85,181906
181907,1420,21.5,83,72,85,181907
181908,1442,21.3,84,73,89,181908
182901,-1,21.3,82,80,93,182901
182902,1316,.,77,79,84,182902
182903,1348,20.8,70,63,90,182903
182904,1462,21.1,92,94,100,182904
182905,1502,.,80,69,77,182905
182906,.,.,.,.,.,182906
183801,-1,21.8,86,74,94,183801
183901,1474,20,94,78,72,183901
183902,1454,20.7,81,72,94,183902
183904,.,19.6,83,83,86,183904
184801,-1,.,56,74,79,184801
184901,1319,-1,84,71,85,184901
184902,1450,21.8,84,67,93,184902
184903,1465,20.9,83,80,95,184903
184904,1393,19.4,89,78,95,184904
184907,1592,24.1,96,93,96,184907
184908,1529,21.8,91,85,97,184908
184909,1522,22.9,99,92,98,184909
184911,.,.,100,.,.,184911
185901,-1,18.5,79,68,84,185901
185902,1514,19.8,83,83,98,185902
185903,-1,19.4,78,66,83,185903
185904,-1,21.3,78,62,85,185904
186901,-1,.,94,-1,100,186901
186902,1267,17.7,82,67,93,186902
186903,1320,20,94,84,100,186903
187901,1327,17.2,83,69,83,187901
187903,-1,16.7,89,67,78,187903
187904,1313,16.5,66,80,93,187904
187906,-1,16.6,43,57,73,187906
187907,1413,20,86,63,85,187907
187910,1398,-1,83,70,95,187910
188901,1351,20,85,74,88,188901
188902,-1,20.7,87,68,95,188902
188903,1333,19.9,83,87,91,188903
188904,1530,22.2,87,82,99,188904
189901,.,18.8,66,55,79,189901
189902,1194,16.5,85,66,71,189902
190903,1477,21,88,81,92,190903
191901,1529,22.3,85,80,95,191901
192901,-1,18.8,74,46,61,192901
193801,.,.,45,-1,-1,193801
193902,-1,20.2,87,95,100,193902
194902,.,20.4,85,89,-1,194902
194903,1498,20.4,95,74,86,194903
194904,.,16.1,78,75,83,194904
194905,-1,20,83,77,93,194905
195901,1315,17.6,75,63,76,195901
195902,1280,17.3,92,83,92,195902
196901,-1,.,75,70,83,196901
196902,1440,18.6,88,76,82,196902
196903,1325,18.5,80,48,96,196903
197902,-1,22.4,100,88,93,197902
198901,1291,18.2,91,90,100,198901
198902,.,17.2,45,44,62,198902
198903,1417,20.1,95,85,99,198903
198905,1223,16.9,46,44,75,198905
198906,1502,-1,100,98,95,198906
199901,1551,22.9,91,84,97,199901
199902,1421,21.6,86,77,95,199902
200901,-1,20.4,79,62,82,200901
200902,-1,19.8,92,75,100,200902
200904,1355,20.1,88,59,94,200904
200906,.,.,.,.,.,200906
201902,1510,20.8,78,70,92,201902
201903,.,17,100,-1,100,201903
201904,.,-1,83,90,100,201904
201907,-1,20.4,89,75,89,201907
201908,1291,20.4,45,53,74,201908
201910,1456,20.2,82,73,90,201910
201913,1373,19,81,70,96,201913
201914,-1,17.8,88,62,97,201914
202903,1506,22.2,88,79,89,202903
202905,1343,19.9,65,64,85,202905
203901,1292,18,61,45,50,203901
203902,.,18,77,65,100,203902
204901,1344,19.1,72,70,92,204901
204904,1331,18.7,78,63,92,204904
205901,1301,16.3,61,63,83,205901
205902,1441,19.5,82,76,93,205902
205903,1359,20.6,83,77,90,205903
205904,1209,15.9,80,60,89,205904
205905,1341,18,80,80,92,205905
205906,1272,17.6,74,61,88,205906
205907,-1,16.1,76,54,88,205907
206901,-1,20.5,80,81,86,206901
206902,-1,18.4,79,86,86,206902
206903,1246,17.4,69,64,78,206903
207901,-1,21.4,91,75,97,207901
208901,.,-1,82,79,88,208901
208902,-1,20.9,67,60,66,208902
208903,-1,20.7,100,93,93,208903
209901,1468,22,93,87,100,209901
209902,-1,.,67,70,-1,209902
210901,1208,17.7,76,57,89,210901
210902,-1,21,82,91,94,210902
210903,.,19.5,88,79,87,210903
210904,1148,15.1,78,65,76,210904
210905,-1,21,88,70,50,210905
210906,.,.,.,.,.,210906
211901,.,.,.,.,.,211901
211902,.,20.2,95,86,100,211902
212801,.,.,100,.,.,212801
212804,.,.,95,.,.,212804
212901,1378,19.3,81,71,82,212901
212902,1469,22.3,90,84,85,212902
212903,1479,22.2,95,90,98,212903
212904,1449,20.7,95,89,92,212904
212905,1391,19.8,76,63,90,212905
212906,1484,21.8,86,79,89,212906
212909,1285,18.7,84,71,85,212909
212910,1335,20.9,79,74,88,212910
213801,-1,-1,57,78,78,213801
213901,1419,20.1,95,87,96,213901
214901,1369,17.1,86,67,94,214901
214902,-1,18.4,92,82,100,214902
214903,.,17.4,79,60,90,214903
215901,1399,20.9,86,68,89,215901
216901,-1,22.5,64,41,84,216901
217901,-1,21.3,82,73,96,217901
218901,1594,19.6,78,69,87,218901
219901,-1,23.3,96,96,88,219901
219903,-1,20.3,76,70,93,219903
219905,.,19.3,71,53,86,219905
220801,-1,.,81,85,88,220801
220802,.,.,96,.,.,220802
220809,1594,22.9,100,96,100,220809
220810,1737,25.7,99,100,100,220810
220811,.,.,.,.,.,220811
220814,.,.,93,.,.,220814
220815,.,.,.,.,.,220815
220816,1600,21.6,97,89,98,220816
220817,.,.,82,83,96,220817
220818,1224,19.5,-1,73,-1,220818
220901,1433,20.7,74,65,89,220901
220902,1468,21.4,84,75,93,220902
220904,1225,16.4,86,69,93,220904
220905,1232,17.9,73,62,86,220905
220906,1624,24.5,89,86,95,220906
220907,1549,23.1,92,89,97,220907
220908,1456,21.3,85,78,94,220908
220910,1280,17.4,77,64,89,220910
220912,1335,18.6,73,66,89,220912
220914,1445,21.3,81,77,96,220914
220915,1446,22,82,70,88,220915
220916,1501,21.9,93,86,98,220916
220917,1281,17.6,75,62,88,220917
220918,1421,20.5,85,74,95,220918
220919,1740,26.6,99,98,100,220919
220920,1372,20.3,82,68,92,220920
221801,1541,24.3,76,80,92,221801
221901,1403,20.4,84,69,92,221901
221904,1398,19.8,77,78,82,221904
221905,-1,20.8,81,69,100,221905
221911,1514,23.4,95,88,98,221911
221912,1532,23.7,96,88,84,221912
222901,1528,20.7,81,87,87,222901
223901,1187,16.4,70,49,61,223901
223902,-1,17.1,90,81,89,223902
223904,-1,20.4,86,75,85,223904
224901,-1,21.1,89,80,90,224901
224902,.,-1,75,-1,100,224902
225902,1377,18.6,83,71,89,225902
225905,.,.,100,.,.,225905
225906,1602,21.6,87,81,85,225906
225907,.,.,100,.,.,225907
226801,1400,.,85,79,93,226801
226901,1532,21.8,96,93,90,226901
226903,1476,21.1,71,62,88,226903
226905,.,21.2,100,91,100,226905
226906,1567,23.2,99,91,98,226906
226907,1343,20.7,85,68,96,226907
226908,-1,22,90,84,90,226908
227803,.,.,79,58,92,227803
227804,1639,22.4,98,95,100,227804
227805,.,.,100,77,.,227805
227806,.,.,50,-1,-1,227806
227814,1723,27.6,100,93,100,227814
227816,1492,24.5,85,76,97,227816
227817,.,.,.,.,.,227817
227819,.,.,.,.,.,227819
227820,-1,19.3,91,80,96,227820
227821,.,.,.,.,.,227821
227824,.,.,83,66,87,227824
227825,.,.,88,.,.,227825
227826,.,.,.,.,.,227826
227827,.,.,.,.,.,227827
227901,1507,21.9,85,73,94,227901
227904,1413,20.1,84,73,93,227904
227907,1258,17.5,65,57,87,227907
227909,1799,27.3,99,99,99,227909
227910,1248,17.6,77,60,87,227910
227912,1482,23,86,76,98,227912
227913,1670,25.1,97,92,97,227913
228901,1415,20,80,82,98,228901
228903,1511,19.9,59,55,80,228903
228904,-1,.,85,-1,64,228904
228905,1272,-1,89,79,79,228905
229901,1297,21.3,100,94,82,229901
229903,1318,18.1,85,81,92,229903
229904,1435,19.8,87,78,71,229904
229905,1371,-1,84,79,95,229905
229906,1228,17.9,62,40,89,229906
230901,1443,20,84,63,84,230901
230902,1370,19.1,86,75,91,230902
230903,1488,21.8,81,68,65,230903
230904,.,16.9,100,89,100,230904
230905,1446,20.7,77,86,81,230905
230906,1398,21.3,93,87,95,230906
230908,1470,20.8,96,83,91,230908
231901,.,18.4,68,72,74,231901
231902,.,16.8,92,70,78,231902
232901,-1,-1,100,96,94,232901
232902,1194,18.5,82,69,91,232902
232903,1291,18.7,65,49,73,232903
232904,1510,21.6,83,86,94,232904
233901,1330,18.2,76,58,89,233901
233903,1465,25,100,100,100,233903
234801,-1,.,55,62,100,234801
234902,1549,23.8,94,83,94,234902
234903,1464,20,84,82,97,234903
234904,1325,20.3,79,78,73,234904
234905,1453,20.8,84,83,100,234905
234906,1392,21,88,78,87,234906
234907,1426,20.3,66,54,74,234907
234909,-1,21.2,81,83,-1,234909
235901,1281,17.1,67,49,88,235901
235902,1419,19.7,71,56,91,235902
235904,.,.,.,.,.,235904
236801,-1,.,-1,42,-1,236801
236901,1367,20.1,89,79,94,236901
236902,1436,19.7,72,66,85,236902
237902,1300,18.2,64,55,86,237902
237904,1380,19.6,80,72,92,237904
237905,1309,19.5,63,64,91,237905
238902,1496,19.2,71,66,78,238902
238904,1161,.,100,85,100,238904
239901,1439,19.4,74,64,89,239901
239903,1394,-1,83,83,70,239903
240801,-1,.,59,49,71,240801
240901,1254,17,74,52,77,240901
240903,1317,18.6,87,73,91,240903
240904,1202,16.5,86,73,88,240904
241901,1400,21.7,89,75,91,241901
241902,1511,22,90,91,97,241902
241903,1368,21,71,81,50,241903
241904,1371,18.9,75,75,92,241904
241906,1457,19.5,78,77,94,241906
242902,.,18.6,46,51,83,242902
242903,.,18.4,80,63,93,242903
242905,.,19.8,86,67,.,242905
242906,.,19.1,67,73,100,242906
243801,1450,20.7,75,88,92,243801
243901,1521,22.2,85,74,93,243901
243902,1484,19,97,84,89,243902
243903,1419,21.2,92,74,98,243903
243905,1420,20.2,79,67,87,243905
243906,1404,19.9,84,78,90,243906
244901,-1,-1,83,-1,100,244901
244903,1638,19.3,80,73,91,244903
244905,.,20.8,93,64,75,244905
245901,1350,18.3,71,59,97,245901
245902,1343,17.5,78,69,74,245902
245903,1056,16.8,76,60,89,245903
245904,1399,18.6,88,65,91,245904
246801,.,.,92,96,100,246801
246902,1427,-1,69,62,88,246902
246904,1544,22.7,89,77,95,246904
246905,1331,18.3,87,82,93,246905
246906,1373,20.4,83,79,95,246906
246907,1469,21.4,79,74,97,246907
246908,1524,24,90,86,97,246908
246909,1614,23.9,91,85,97,246909
246911,1387,19,81,64,89,246911
246912,1479,20.8,78,74,90,246912
246913,1589,23.6,92,89,97,246913
246914,.,.,100,.,.,246914
247901,1378,19.2,80,73,93,247901
247903,1430,20.6,90,76,90,247903
247904,1427,20.9,97,93,95,247904
247906,1368,21.8,86,80,96,247906
248901,.,18.8,78,62,88,248901
248902,.,19.8,88,83,77,248902
249901,1442,20.5,85,86,79,249901
249902,1388,20.1,80,77,98,249902
249903,1426,20,79,75,87,249903
249904,1413,18.7,87,77,78,249904
249905,1462,21.8,84,82,95,249905
249906,1452,21.3,92,81,89,249906
249908,1320,-1,100,93,89,249908
250902,1369,18.4,80,75,90,250902
250903,1464,20.7,72,79,78,250903
250904,1484,21.5,84,90,91,250904
250905,-1,20.4,92,78,96,250905
250906,1416,19.5,90,79,88,250906
250907,-1,20.5,91,79,94,250907
251901,1351,19.2,93,83,90,251901
251902,-1,17.9,88,84,96,251902
252901,1437,21.4,89,74,88,252901
252902,-1,-1,100,88,93,252902
252903,-1,19.4,79,78,100,252903
253901,-1,16.9,68,51,68,253901
254901,1457,18,60,51,79,254901
254902,1318,17.8,83,81,88,254902
