,gr3_math_avg,gr3_ela_avg,gr4_math_avg,gr4_ela_avg,gr4_writ_avg,gr5_math_avg,gr5_ela_avg,gr5_sci_avg,CAMPUS,DISTRICT
001904102,59,83,69,78,80,95,98,86,001904102,001904
001909101,63,97,63,75,79,96,96,81,001909101,001909
005902101,85,95,89,92,90,96,96,84,005902101,005902
010902101,49,71,70,81,74,83,82,70,010902101,010902
010902102,55,79,70,77,79,85,90,78,010902102,010902
011902102,59,60,36,55,49,86,83,68,011902102,011902
014903102,85,87,90,85,78,92,97,84,014903102,014903
014903114,73,81,76,61,74,84,83,51,014903114,014903
014905101,88,85,79,90,85,100,98,90,014905101,014905
014906104,42,70,81,59,70,86,86,69,014906104,014906
014906108,78,78,77,83,76,93,93,80,014906108,014906
014906115,81,89,77,79,84,89,91,69,014906115,014906
014906120,47,55,49,44,32,88,79,60,014906120,014906
014906121,78,85,77,87,85,96,98,83,014906121,014906
014906125,82,86,84,68,64,89,85,76,014906125,014906
014906126,91,93,92,86,86,89,93,81,014906126,014906
014906127,47,68,70,74,58,90,85,72,014906127,014906
014906129,56,77,52,67,67,91,88,73,014906129,014906
014906130,45,66,56,70,62,79,72,44,014906130,014906
014906132,58,81,78,80,72,93,91,73,014906132,014906
014906135,74,88,78,83,77,94,93,75,014906135,014906
015904102,53,63,52,60,62,81,74,55,015904102,015904
015906101,95,95,98,91,95,99,100,88,015906101,015906
015907101,57,69,77,80,73,92,82,79,015907101,015907
015907106,58,52,72,74,80,81,71,58,015907106,015907
015907124,58,60,53,61,58,88,74,67,015907124,015907
015907149,49,56,57,57,64,83,83,61,015907149,015907
015907150,60,67,55,66,68,79,78,67,015907150,015907
015907164,69,66,73,65,58,80,75,47,015907164,015907
015907165,50,50,43,47,44,90,88,82,015907165,015907
015907169,43,37,53,52,60,90,83,66,015907169,015907
015907174,67,71,50,62,64,92,85,71,015907174,015907
015908104,57,66,48,60,74,76,77,46,015908104,015908
015908105,48,52,49,59,81,66,71,35,015908105,015908
015908108,66,62,80,67,78,86,84,77,015908108,015908
015910104,73,66,56,61,59,92,83,77,015910104,015910
015910106,53,70,65,71,70,84,87,62,015910106,015910
015910110,35,59,50,58,50,79,94,73,015910110,015910
015910112,49,64,58,71,68,78,73,55,015910112,015910
015910113,50,63,68,75,63,85,81,72,015910113,015910
015910114,36,51,48,59,50,71,76,56,015910114,015910
015910116,58,75,76,73,82,94,91,79,015910116,015910
015910122,40,55,48,59,63,85,84,57,015910122,015910
015910128,78,90,82,90,90,99,98,94,015910128,015910
015910130,84,79,76,80,71,91,92,85,015910130,015910
015910131,83,94,78,82,82,98,100,98,015910131,015910
015910133,89,97,88,93,94,100,98,92,015910133,015910
015910134,96,92,87,92,89,98,98,88,015910134,015910
015910136,96,98,98,98,96,100,99,95,015910136,015910
015910140,93,96,84,90,92,98,98,92,015910140,015910
015910142,88,98,92,93,91,98,99,88,015910142,015910
015912101,68,71,55,49,53,84,82,67,015912101,015912
015912103,64,54,62,57,61,82,74,52,015912103,015912
015912106,48,49,54,52,56,82,73,73,015912106,015912
015912109,74,76,72,64,67,84,83,59,015912109,015912
015912110,50,74,45,46,51,78,68,52,015912110,015912
015914101,69,81,79,88,92,95,96,78,015914101,015914
015915101,66,68,83,69,72,91,85,74,015915101,015915
015915102,72,74,71,67,58,92,87,92,015915102,015915
015915103,51,61,61,57,65,80,75,67,015915103,015915
015915105,69,59,79,80,73,94,83,79,015915105,015915
015915106,86,85,78,86,70,98,98,93,015915106,015915
015915107,78,82,71,69,65,93,90,81,015915107,015915
015915108,67,64,80,83,85,94,91,63,015915108,015915
015915109,81,86,74,78,79,98,94,78,015915109,015915
015915111,80,77,81,80,71,99,86,77,015915111,015915
015915112,86,81,76,80,70,94,79,73,015915112,015915
015915114,51,72,49,38,33,86,71,70,015915114,015915
015915115,59,74,69,75,69,80,81,66,015915115,015915
015915116,73,63,79,69,59,79,79,67,015915116,015915
015915117,41,61,49,67,69,87,73,74,015915117,015915
015915118,46,70,71,78,79,84,84,67,015915118,015915
015915119,65,69,78,79,76,88,86,74,015915119,015915
015915122,52,69,72,72,66,83,72,57,015915122,015915
015915124,77,70,78,77,80,98,90,84,015915124,015915
015915125,71,82,64,69,72,84,86,72,015915125,015915
015915128,77,83,68,68,66,90,85,77,015915128,015915
015915130,63,77,73,76,73,91,93,83,015915130,015915
015915131,83,79,89,89,95,96,96,84,015915131,015915
015915132,75,85,73,77,73,94,91,79,015915132,015915
015915134,87,84,75,80,73,99,99,81,015915134,015915
015915135,68,70,74,74,73,94,89,83,015915135,015915
015915136,96,89,88,85,79,97,92,85,015915136,015915
015915138,74,81,62,64,66,92,93,78,015915138,015915
015915141,73,83,88,85,79,89,92,76,015915141,015915
015915143,85,94,88,88,88,100,99,82,015915143,015915
015915144,83,87,84,77,79,95,93,84,015915144,015915
015915145,72,86,90,83,79,100,99,92,015915145,015915
015915148,67,86,79,81,86,98,95,83,015915148,015915
015915149,69,84,66,79,71,93,93,79,015915149,015915
015915150,74,83,80,83,75,95,95,82,015915150,015915
015915151,83,90,92,89,84,100,98,88,015915151,015915
015915152,88,94,95,97,97,99,99,93,015915152,015915
015915156,73,86,83,85,79,87,88,80,015915156,015915
015915157,82,85,82,91,83,92,93,79,015915157,015915
015915158,68,75,72,79,77,76,80,57,015915158,015915
015915160,67,72,58,64,70,88,89,64,015915160,015915
015915161,84,91,89,86,84,100,99,94,015915161,015915
015915162,69,80,64,72,68,90,90,76,015915162,015915
015915165,76,82,72,84,78,97,95,92,015915165,015915
015915166,85,81,88,81,87,98,98,80,015915166,015915
015915167,84,86,82,85,79,96,97,84,015915167,015915
015915168,85,89,76,73,64,97,97,91,015915168,015915
015915169,67,74,69,76,74,99,91,80,015915169,015915
015915170,78,83,93,87,87,99,98,84,015915170,015915
015915171,70,85,78,75,87,94,95,85,015915171,015915
015915177,71,84,62,66,60,87,84,67,015915177,015915
015915178,93,97,87,88,94,100,100,91,015915178,015915
015915179,79,88,90,97,90,97,97,90,015915179,015915
015915180,92,95,86,93,93,96,97,92,015915180,015915
015915181,92,98,89,95,95,96,95,87,015915181,015915
015915182,74,88,76,76,67,89,90,85,015915182,015915
015915183,72,83,81,83,90,99,99,90,015915183,015915
015915184,84,88,80,83,83,95,90,77,015915184,015915
015915185,63,72,51,58,40,82,78,63,015915185,015915
015915186,88,91,91,92,94,99,92,87,015915186,015915
015915187,80,85,84,83,87,98,97,87,015915187,015915
015915188,85,90,97,92,97,97,96,93,015915188,015915
015915189,52,63,58,55,56,78,75,59,015915189,015915
015915191,78,96,80,86,88,98,97,88,015915191,015915
015915192,71,81,77,80,71,85,90,63,015915192,015915
015915193,86,91,85,85,88,97,98,91,015915193,015915
015915195,86,93,92,87,91,100,100,99,015915195,015915
015915198,74,80,77,82,77,96,94,86,015915198,015915
015915225,87,85,85,80,80,96,96,87,015915225,015915
015915236,89,93,94,98,94,100,100,92,015915236,015915
015916101,62,72,49,68,60,78,80,56,015916101,015916
015916102,75,70,72,55,65,96,96,86,015916102,015916
015916104,80,82,83,84,74,100,98,89,015916104,015916
015916105,53,56,39,55,59,91,85,53,015916105,015916
015916111,56,63,47,62,66,97,97,84,015916111,015916
015916113,56,66,62,67,55,86,86,68,015916113,015916
015916115,55,66,73,69,62,84,88,61,015916115,015916
015916117,70,80,58,70,74,92,94,78,015916117,015916
016902101,64,77,70,79,69,96,98,75,016902101,016902
018902101,74,81,55,97,89,100,100,94,018902101,018902
019907113,61,59,68,73,82,90,87,71,019907113,019907
020901103,61,59,80,78,63,89,78,70,020901103,020901
020901109,83,76,77,90,85,93,94,86,020901109,020901
020901110,80,75,82,82,77,94,94,92,020901110,020901
020901111,87,91,89,92,85,96,96,90,020901111,020901
020901113,79,77,70,74,76,91,90,75,020901113,020901
020901114,77,84,74,80,77,97,92,98,020901114,020901
020902110,65,73,58,78,75,96,90,92,020902110,020902
020906104,79,85,88,80,76,91,93,65,020906104,020906
021902112,80,90,75,84,76,98,96,90,021902112,021902
021902117,65,90,87,87,87,92,94,87,021902117,021902
021902119,71,72,69,69,69,93,88,79,021902119,021902
027904101,75,81,85,82,71,95,94,78,027904101,027904
027904102,89,73,79,73,73,100,95,82,027904102,027904
029901101,89,80,81,77,80,95,89,84,029901101,029901
030903101,53,60,77,45,59,87,91,74,030903101,030903
031901111,86,83,72,74,76,99,96,90,031901111,031901
031901120,61,61,84,83,77,96,85,76,031901120,031901
031901121,85,89,89,82,85,93,89,73,031901121,031901
031901122,75,67,64,66,72,97,88,88,031901122,031901
031901128,68,65,69,64,73,99,87,72,031901128,031901
031901129,85,88,88,85,90,99,94,89,031901129,031901
031901134,60,68,67,72,75,89,80,67,031901134,031901
031901135,89,84,96,93,96,99,98,79,031901135,031901
031901136,88,75,96,87,87,96,95,88,031901136,031901
031901138,85,83,78,78,87,96,92,85,031901138,031901
031901139,90,87,94,96,93,100,94,94,031901139,031901
031901141,85,84,94,83,93,94,93,89,031901141,031901
031901142,84,84,86,90,81,99,98,86,031901142,031901
031901143,85,80,73,65,74,91,89,79,031901143,031901
031903102,59,71,49,49,60,65,68,59,031903102,031903
031903103,85,81,61,67,66,83,86,68,031903103,031903
031903104,90,84,100,86,89,96,98,93,031903104,031903
031903106,70,55,75,71,88,90,84,68,031903106,031903
031903117,78,80,80,85,86,84,93,78,031903117,031903
031903122,81,72,71,76,77,85,82,67,031903122,031903
031903123,65,72,61,71,67,99,81,76,031903123,031903
031906106,87,86,86,82,93,94,91,91,031906106,031906
031906107,93,81,81,81,85,99,99,97,031906107,031906
031906108,94,92,96,94,95,100,100,95,031906108,031906
031912103,82,85,70,69,80,93,89,78,031912103,031912
031912104,67,87,68,76,86,86,89,71,031912104,031912
031912106,50,61,41,61,63,80,80,65,031912106,031912
031912110,75,82,67,71,81,86,84,76,031912110,031912
031912114,54,54,85,70,83,85,86,82,031912114,031912
031912115,78,80,76,74,72,91,85,70,031912115,031912
034903101,80,87,86,81,82,97,98,93,034903101,034903
034905102,86,79,83,74,64,94,96,84,034905102,034905
038901102,94,94,76,82,84,98,98,88,038901102,038901
039902101,86,96,71,74,71,93,96,86,039902101,039902
042901102,59,63,73,67,74,81,79,71,042901102,042901
043911101,76,82,55,64,59,96,95,86,043911101,043911
044902101,86,76,97,90,90,95,97,74,044902101,044902
045902101,58,72,61,71,67,87,83,65,045902101,045902
046901106,88,93,93,83,89,97,97,90,046901106,046901
046902101,77,85,86,89,91,99,100,88,046902101,046902
046902102,83,86,85,92,89,96,96,92,046902102,046902
046902115,63,70,69,68,66,93,89,78,046902115,046902
046902120,84,87,78,77,75,93,95,77,046902120,046902
046902121,85,92,69,83,91,93,98,88,046902121,046902
046902123,78,77,69,87,77,97,93,86,046902123,046902
049905101,72,95,94,85,81,97,100,74,049905101,049905
050910102,60,67,77,85,87,90,77,71,050910102,050910
052901101,43,63,42,66,72,66,74,69,052901101,052901
053001103,18,46,45,63,77,68,66,36,053001103,053001
054903102,67,79,53,42,47,76,89,57,054903102,054903
057903102,76,75,80,76,65,95,83,68,057903102,057903
057903105,85,82,67,68,71,90,88,70,057903105,057903
057903109,93,76,89,80,75,100,96,86,057903109,057903
057903110,63,65,48,58,52,81,93,73,057903110,057903
057903111,82,83,62,76,64,94,86,75,057903111,057903
057903112,98,100,95,96,95,98,97,95,057903112,057903
057903116,80,70,60,62,62,83,85,75,057903116,057903
057903118,86,88,98,98,95,98,95,89,057903118,057903
057903121,52,60,40,64,68,66,74,55,057903121,057903
057903123,85,87,75,85,85,94,90,88,057903123,057903
057903124,76,83,49,79,75,87,92,77,057903124,057903
057903128,71,83,81,88,86,94,92,89,057903128,057903
057905109,67,75,43,46,50,84,76,56,057905109,057905
057905110,38,46,33,39,33,71,59,33,057905110,057905
057905112,61,60,48,55,48,90,84,80,057905112,057905
057905120,84,82,79,65,61,87,93,72,057905120,057905
057905121,69,40,44,44,58,88,68,51,057905121,057905
057905122,35,45,39,48,43,70,62,47,057905122,057905
057905125,79,76,47,56,66,88,88,60,057905125,057905
057905129,60,56,54,53,57,82,84,64,057905129,057905
057905130,58,55,60,52,56,72,72,49,057905130,057905
057905131,57,64,80,60,67,82,86,74,057905131,057905
057905139,57,49,65,55,57,80,66,67,057905139,057905
057905145,76,73,60,45,63,89,81,62,057905145,057905
057905147,69,64,52,57,63,97,92,75,057905147,057905
057905149,63,72,55,76,76,69,73,46,057905149,057905
057905154,67,61,74,56,73,78,68,57,057905154,057905
057905156,59,57,56,58,55,73,73,59,057905156,057905
057905163,38,59,47,49,55,84,82,46,057905163,057905
057905164,57,67,65,73,73,82,81,60,057905164,057905
057905166,66,78,51,70,69,80,73,36,057905166,057905
057905167,68,70,77,74,68,91,86,70,057905167,057905
057905174,55,78,82,82,69,90,81,65,057905174,057905
057905175,14,34,19,31,34,40,50,16,057905175,057905
057905176,35,45,41,36,27,73,83,47,057905176,057905
057905180,75,77,75,67,79,90,94,61,057905180,057905
057905189,20,36,59,53,59,78,85,42,057905189,057905
057905192,42,60,86,57,57,91,85,64,057905192,057905
057905193,70,66,86,72,72,91,85,74,057905193,057905
057905194,29,59,59,69,65,75,85,62,057905194,057905
057905197,69,61,54,62,68,70,74,41,057905197,057905
057905203,81,72,76,76,73,98,91,62,057905203,057905
057905207,55,58,60,52,49,85,82,67,057905207,057905
057905208,75,79,69,67,77,79,85,56,057905208,057905
057905215,81,76,51,60,80,95,83,92,057905215,057905
057905220,38,52,26,34,38,68,75,42,057905220,057905
057905225,49,51,57,63,64,78,75,58,057905225,057905
057905230,74,76,87,83,83,91,92,67,057905230,057905
057905236,43,53,52,30,37,86,72,55,057905236,057905
057905240,67,65,72,74,82,79,89,70,057905240,057905
057905247,58,67,54,55,52,88,89,62,057905247,057905
057905266,26,49,48,43,60,71,63,35,057905266,057905
057905279,71,81,78,78,77,83,93,68,057905279,057905
057905280,74,68,53,60,65,85,88,62,057905280,057905
057905281,59,53,61,53,71,79,78,46,057905281,057905
057905283,53,60,54,58,61,85,88,51,057905283,057905
057905284,60,69,57,61,63,81,79,57,057905284,057905
057905286,64,34,72,54,60,85,85,73,057905286,057905
057905304,79,68,60,60,59,80,88,84,057905304,057905
057906103,42,55,49,71,73,94,82,65,057906103,057906
057906106,46,61,41,67,71,66,83,40,057906106,057906
057906107,76,84,71,82,64,84,82,52,057906107,057906
057909109,52,60,84,87,85,86,86,77,057909109,057909
057909113,70,75,66,67,53,85,83,63,057909113,057909
057909116,58,67,63,70,66,92,80,60,057909116,057909
057909120,64,81,65,73,70,91,90,78,057909120,057909
057909138,91,94,82,86,85,95,91,83,057909138,057909
057909154,73,80,81,84,87,91,93,80,057909154,057909
057909155,92,92,81,83,89,98,99,93,057909155,057909
057909156,91,90,82,81,77,95,89,86,057909156,057909
057909157,82,82,54,66,65,87,85,73,057909157,057909
057909158,62,79,54,64,66,88,91,69,057909158,057909
057909159,74,72,78,83,81,89,79,61,057909159,057909
057910106,76,88,82,84,78,88,90,68,057910106,057910
057910113,89,78,82,69,68,90,76,63,057910113,057910
057910119,61,68,73,68,74,83,84,71,057910119,057910
057910125,63,64,71,65,69,86,89,73,057910125,057910
057910126,72,74,81,82,87,93,93,81,057910126,057910
057910132,64,74,52,57,54,78,80,62,057910132,057910
057912103,70,64,46,54,50,82,79,47,057912103,057912
057913106,53,69,42,58,63,83,85,69,057913106,057913
057914104,77,78,77,74,72,96,92,68,057914104,057914
057914112,44,58,38,44,50,70,76,54,057914112,057914
057914123,68,75,79,78,76,90,96,91,057914123,057914
057914132,71,78,73,66,62,86,86,74,057914132,057914
057922106,72,82,76,92,90,90,91,80,057922106,057922
057922110,94,97,90,90,92,97,98,84,057922110,057922
057922111,85,93,69,88,80,97,100,87,057922111,057922
061901121,80,94,76,78,82,99,96,87,061901121,061901
061901122,82,93,85,95,96,99,99,93,061901122,061901
061901123,67,87,72,80,79,92,93,78,061901123,061901
061901125,72,82,59,70,65,98,98,83,061901125,061901
061902106,65,80,67,83,63,89,89,75,061902106,061902
061902107,51,76,63,72,71,90,94,62,061902107,061902
061902108,76,93,90,94,89,95,95,83,061902108,061902
061902111,46,61,57,71,69,93,89,73,061902111,061902
061902112,83,94,80,93,86,96,97,90,061902112,061902
061902113,82,91,64,80,87,89,93,69,061902113,061902
061902115,65,82,67,83,77,91,86,47,061902115,061902
061902117,69,90,58,86,87,96,90,90,061902117,061902
061902118,85,92,85,91,84,96,99,91,061902118,061902
061902120,83,95,88,89,98,100,100,89,061902120,061902
061902125,78,94,58,67,61,95,93,68,061902125,061902
061902128,83,90,87,88,88,97,93,81,061902128,061902
061902129,99,99,90,93,97,99,100,92,061902129,061902
061902130,94,94,96,95,95,99,100,93,061902130,061902
061902134,78,90,85,92,89,96,96,92,061902134,061902
061902140,60,77,80,92,95,90,90,86,061902140,061902
061902142,54,81,67,69,63,76,77,54,061902142,061902
061906101,74,70,72,80,78,93,85,77,061906101,061906
061907102,84,88,91,92,88,97,93,94,061907102,061907
061908104,87,91,78,82,81,83,88,79,061908104,061908
061911107,61,82,60,76,76,92,89,85,061911107,061911
061911108,54,68,53,68,56,88,88,71,061911108,061911
061911113,61,77,48,69,79,93,93,74,061911113,061911
061911116,74,85,87,88,85,91,90,81,061911116,061911
061912105,88,94,79,89,78,95,95,88,061912105,061912
061914103,80,88,79,73,79,94,95,84,061914103,061914
061914104,76,86,84,79,88,90,95,81,061914104,061914
062904102,35,48,53,76,71,90,87,55,062904102,062904
065901101,72,84,64,86,89,94,89,74,065901101,065901
067902101,85,93,79,88,88,100,98,90,067902101,067902
067903101,78,83,84,72,72,86,92,80,067903101,067903
067904101,80,80,70,65,52,100,81,88,067904101,067904
070908104,78,91,70,86,78,100,98,87,070908104,070908
070908106,90,95,85,90,91,96,99,83,070908106,070908
070908107,66,77,66,72,81,93,95,73,070908107,070908
070908108,75,88,77,88,92,91,95,87,070908108,070908
070915101,67,88,55,69,74,84,90,71,070915101,070915
071901104,67,72,72,74,79,92,80,81,071901104,071901
071902103,88,88,90,89,99,97,98,88,071902103,071902
071902105,82,84,74,62,67,98,88,81,071902105,071902
071902106,77,80,53,57,43,89,86,81,071902106,071902
071902111,55,59,71,72,78,98,81,64,071902111,071902
071902115,78,81,94,85,79,90,88,90,071902115,071902
071902116,90,81,69,78,84,95,95,92,071902116,071902
071902121,81,84,68,73,70,95,86,76,071902121,071902
071902141,66,56,57,71,63,94,86,69,071902141,071902
071902144,87,83,97,82,74,100,79,79,071902144,071902
071902151,86,93,98,95,93,100,100,100,071902151,071902
071902155,75,77,72,62,89,85,79,62,071902155,071902
071902162,90,78,93,96,95,100,99,91,071902162,071902
071902163,85,83,83,83,83,99,98,89,071902163,071902
071902166,85,90,87,86,88,98,94,78,071902166,071902
071902169,64,67,57,55,69,87,83,73,071902169,071902
071902174,78,83,84,76,86,100,94,76,071902174,071902
071902175,67,77,75,83,86,91,87,71,071902175,071902
071905113,65,68,78,79,84,95,85,68,071905113,071905
071905129,93,94,96,90,91,100,97,96,071905129,071905
071905131,74,71,70,78,79,98,82,85,071905131,071905
071907101,74,80,70,75,82,89,87,64,071907101,071907
071907103,61,82,75,79,81,100,93,89,071907103,071907
071909103,89,87,58,71,74,90,89,80,071909103,071909
071909113,70,74,68,77,87,92,88,84,071909113,071909
071909114,83,87,78,75,81,94,90,79,071909114,071909
071909121,88,88,92,89,98,94,93,91,071909121,071909
071909126,87,89,88,84,92,95,97,90,071909126,071909
073903102,14,31,27,29,28,40,64,24,073903102,073903
075903102,62,69,61,63,70,85,93,73,075903102,075903
077902101,77,69,77,88,65,81,81,58,077902101,077902
079901102,70,64,75,75,55,95,84,73,079901102,079901
079901107,59,61,72,64,75,79,76,48,079901107,079901
079901110,86,94,90,91,87,99,98,85,079901110,079901
079901112,71,78,85,67,65,93,83,58,079901112,079901
079901114,93,97,91,94,93,100,98,94,079901114,079901
079901116,65,66,63,54,54,88,82,60,079901116,079901
079901118,85,69,72,61,54,96,76,59,079901118,079901
079901119,91,96,96,97,93,99,98,90,079901119,079901
079901122,72,80,88,83,77,99,97,85,079901122,079901
079901123,87,92,91,92,98,100,98,91,079901123,079901
079901125,82,73,73,73,66,95,86,65,079901125,079901
079901126,97,92,91,88,89,98,97,93,079901126,079901
079907109,46,49,63,44,44,96,87,54,079907109,079907
079907118,71,77,85,82,79,90,87,74,079907118,079907
079907120,92,96,92,90,88,99,99,90,079907120,079907
079907122,59,65,58,60,79,91,93,80,079907122,079907
079907123,80,90,91,89,86,98,95,84,079907123,079907
079907124,57,72,74,78,76,92,90,67,079907124,079907
079907125,83,92,80,84,76,91,96,86,079907125,079907
079907127,86,86,86,82,80,88,90,70,079907127,079907
079907128,91,95,99,96,95,99,98,95,079907128,079907
079907133,76,88,76,77,76,87,90,78,079907133,079907
079907144,70,75,77,54,46,88,82,58,079907144,079907
079907146,62,73,75,77,75,85,82,69,079907146,079907
079907150,49,76,68,82,80,81,82,63,079907150,079907
082902101,45,58,49,44,46,59,77,56,082902101,082902
084910101,85,87,71,86,77,98,96,88,084910101,084910
084910103,56,67,62,79,73,95,87,76,084910103,084910
084910104,63,84,66,84,79,80,86,63,084910104,084910
084910105,77,86,73,88,86,99,99,91,084910105,084910
084910106,81,88,87,93,91,99,98,89,084910106,084910
084910108,67,87,55,71,59,95,90,74,084910108,084910
084910110,73,90,81,83,87,97,95,82,084910110,084910
084910111,70,78,67,74,75,97,97,84,084910111,084910
084910115,98,95,84,84,88,94,93,87,084910115,084910
084910118,77,83,76,78,78,97,94,88,084910118,084910
084910119,60,87,87,81,88,83,90,70,084910119,084910
084910121,79,91,89,91,89,96,97,90,084910121,084910
084910122,89,89,80,87,88,97,98,90,084910122,084910
084910123,83,92,91,95,96,99,99,87,084910123,084910
084910124,79,86,73,90,87,98,99,92,084910124,084910
084910125,88,94,79,82,78,98,98,97,084910125,084910
090904105,57,57,43,41,50,97,85,69,090904105,090904
090904107,60,76,73,78,72,87,95,69,090904107,090904
091903103,60,80,75,63,63,88,82,72,091903103,091903
091903104,75,83,85,93,91,91,100,91,091903104,091903
091910101,88,94,66,78,74,96,94,79,091910101,091910
092903122,64,62,63,73,61,87,88,80,092903122,092903
092903123,74,70,70,81,69,88,84,70,092903123,092903
092903124,68,66,73,56,56,87,85,52,092903124,092903
092903126,93,88,92,92,96,97,90,76,092903126,092903
092906102,78,91,74,80,83,90,87,59,092906102,092906
093904106,48,68,53,60,67,75,81,40,093904106,093904
095901101,92,72,89,77,64,74,78,62,095901101,095901
095905106,77,73,90,67,64,98,90,77,095905106,095905
095905108,77,62,79,76,75,92,90,83,095905108,095905
097902102,91,93,90,76,74,80,82,69,097902102,097902
100905102,86,91,79,83,72,96,98,87,100905102,100905
101903101,61,68,54,63,59,84,87,78,101903101,101903
101903108,71,78,80,82,68,96,93,88,101903108,101903
101907103,86,86,86,85,82,95,93,89,101907103,101907
101907105,83,82,84,82,74,97,94,87,101907105,101907
101907106,75,67,62,65,60,92,93,82,101907106,101907
101907107,82,84,89,85,86,96,97,89,101907107,101907
101907108,70,71,67,69,62,94,91,79,101907108,101907
101907109,87,80,81,83,86,98,94,82,101907109,101907
101907111,76,74,62,64,71,93,86,85,101907111,101907
101907112,57,55,52,51,50,82,74,66,101907112,101907
101907113,69,66,58,68,58,87,87,76,101907113,101907
101907116,84,92,83,89,84,99,99,96,101907116,101907
101907117,77,64,62,66,55,90,87,87,101907117,101907
101907118,91,86,83,84,78,99,95,87,101907118,101907
101907119,83,80,77,78,75,94,88,80,101907119,101907
101907120,71,71,72,66,58,97,91,84,101907120,101907
101907121,85,82,84,84,79,94,91,85,101907121,101907
101907122,84,74,98,77,75,100,92,90,101907122,101907
101907124,80,80,78,80,80,97,93,87,101907124,101907
101907125,83,77,73,80,80,97,93,90,101907125,101907
101907126,98,96,99,96,91,100,100,97,101907126,101907
101907127,61,56,72,74,64,93,88,72,101907127,101907
101907128,87,83,91,89,94,98,96,88,101907128,101907
101907129,76,74,73,74,71,89,82,67,101907129,101907
101907130,85,85,82,87,83,96,95,89,101907130,101907
101907131,69,75,70,73,64,86,90,75,101907131,101907
101907132,76,80,80,80,79,95,95,87,101907132,101907
101907133,85,87,88,89,84,97,93,93,101907133,101907
101907134,80,72,75,75,65,93,85,74,101907134,101907
101907135,86,84,91,88,84,94,92,87,101907135,101907
101907136,88,88,83,79,82,94,92,75,101907136,101907
101907137,78,75,66,70,61,99,96,88,101907137,101907
101907138,97,97,100,99,97,100,100,99,101907138,101907
101907139,95,91,97,93,90,100,99,93,101907139,101907
101907140,82,86,83,88,85,99,96,93,101907140,101907
101907141,75,71,81,76,76,96,87,80,101907141,101907
101907145,77,79,81,83,81,95,91,84,101907145,101907
101907146,82,81,69,73,61,97,92,86,101907146,101907
101907147,91,90,85,81,82,99,93,85,101907147,101907
101907150,72,77,69,76,66,93,87,76,101907150,101907
101907152,89,80,79,83,80,96,94,85,101907152,101907
101907153,96,95,89,89,87,100,98,97,101907153,101907
101907154,80,84,87,77,77,95,88,80,101907154,101907
101907155,97,94,88,89,86,97,95,92,101907155,101907
101907156,97,98,95,97,99,100,99,97,101907156,101907
101910101,61,72,75,72,74,89,79,67,101910101,101910
101910102,85,82,79,65,74,97,86,77,101910102,101910
101910104,62,70,74,64,67,97,84,77,101910104,101910
101910105,60,62,89,81,87,87,88,73,101910105,101910
101910106,78,75,68,82,88,93,86,78,101910106,101910
101910107,53,62,79,66,72,92,85,63,101910107,101910
101910108,77,81,76,66,64,95,85,79,101910108,101910
101910109,80,79,90,77,84,99,90,78,101910109,101910
101910112,79,74,82,76,76,92,84,80,101910112,101910
101910113,73,78,74,69,79,91,90,73,101910113,101910
101910114,64,73,77,77,81,90,85,58,101910114,101910
101910115,65,75,76,71,70,93,85,59,101910115,101910
101911103,68,67,69,68,63,87,85,82,101911103,101911
101911105,65,72,72,69,66,92,84,72,101911105,101911
101911107,63,74,59,67,64,74,76,66,101911107,101911
101911112,71,69,82,74,78,92,77,77,101911112,101911
101911113,70,67,62,52,56,79,75,72,101911113,101911
101911114,66,73,63,75,66,82,85,83,101911114,101911
101911118,76,83,74,76,80,95,94,81,101911118,101911
101911120,71,71,81,69,70,84,79,67,101911120,101911
101911122,76,77,61,65,61,90,82,81,101911122,101911
101912104,48,64,43,50,55,65,66,55,101912104,101912
101912106,28,43,37,47,81,61,49,34,101912106,101912
101912108,31,33,19,28,26,68,71,39,101912108,101912
101912109,82,68,80,64,62,85,74,46,101912109,101912
101912112,67,67,71,69,63,94,77,74,101912112,101912
101912114,58,60,68,57,60,94,64,59,101912114,101912
101912128,94,93,84,84,88,100,97,91,101912128,101912
101912136,66,71,69,53,53,91,73,71,101912136,101912
101912148,60,77,85,70,76,86,77,53,101912148,101912
101912149,68,66,67,70,67,89,82,68,101912149,101912
101912152,81,89,90,93,90,100,98,88,101912152,101912
101912153,55,61,50,64,60,69,67,46,101912153,101912
101912162,64,64,58,69,69,82,75,66,101912162,101912
101912169,90,94,90,90,95,97,97,91,101912169,101912
101912179,39,48,44,43,48,67,65,36,101912179,101912
101912181,72,75,70,81,87,82,78,56,101912181,101912
101912182,55,57,49,58,49,46,61,20,101912182,101912
101912185,22,52,44,64,58,82,55,50,101912185,101912
101912187,67,73,67,65,71,78,58,43,101912187,101912
101912188,79,85,85,74,81,84,82,58,101912188,101912
101912189,93,95,92,98,98,96,96,91,101912189,101912
101912199,91,93,93,87,92,97,96,82,101912199,101912
101912203,33,43,46,46,48,74,68,54,101912203,101912
101912210,71,74,71,66,60,76,73,65,101912210,101912
101912213,95,93,80,78,80,86,88,95,101912213,101912
101912215,88,91,85,91,84,93,93,85,101912215,101912
101912219,56,71,51,55,55,85,72,62,101912219,101912
101912222,88,88,90,81,94,96,96,53,101912222,101912
101912224,82,92,83,85,88,93,89,78,101912224,101912
101912225,59,61,42,62,65,65,75,48,101912225,101912
101912227,58,51,64,53,57,77,71,69,101912227,101912
101912233,68,63,71,75,76,93,79,68,101912233,101912
101912241,70,89,80,79,73,93,97,90,101912241,101912
101912242,67,63,58,69,67,93,85,87,101912242,101912
101912243,60,60,52,62,68,63,57,31,101912243,101912
101912245,77,74,68,61,79,82,77,67,101912245,101912
101912247,55,49,75,70,60,85,82,56,101912247,101912
101912248,73,78,89,81,78,96,89,81,101912248,101912
101912251,94,96,90,96,93,94,96,89,101912251,101912
101912252,61,75,51,63,77,79,73,46,101912252,101912
101912260,79,89,80,82,93,93,86,77,101912260,101912
101912262,56,56,44,54,61,66,69,46,101912262,101912
101912263,58,61,68,59,73,81,64,47,101912263,101912
101912271,76,70,45,33,51,88,71,64,101912271,101912
101912275,96,96,99,99,96,100,99,92,101912275,101912
101912281,78,68,90,68,80,99,90,86,101912281,101912
101912283,55,61,62,54,57,82,74,59,101912283,101912
101912285,78,76,69,64,78,85,92,73,101912285,101912
101912287,91,84,62,74,77,89,87,66,101912287,101912
101912289,50,55,54,66,51,74,85,65,101912289,101912
101912295,57,72,79,70,81,67,58,52,101912295,101912
101912298,62,59,54,63,59,73,71,49,101912298,101912
101912353,86,87,84,89,81,90,91,79,101912353,101912
101912359,78,75,87,75,78,87,87,81,101912359,101912
101912372,51,64,76,72,76,99,90,82,101912372,101912
101912373,94,78,72,70,77,95,91,77,101912373,101912
101912396,83,88,77,81,80,96,91,87,101912396,101912
101913102,43,57,45,48,53,73,67,52,101913102,101913
101913104,70,85,71,82,79,83,87,81,101913104,101913
101913107,71,85,84,87,76,95,89,80,101913107,101913
101913108,71,73,67,59,62,89,82,51,101913108,101913
101913112,79,95,92,89,82,96,96,90,101913112,101913
101913117,60,65,68,71,70,82,69,72,101913117,101913
101913119,79,82,87,80,82,95,92,90,101913119,101913
101913121,87,91,93,95,90,95,99,87,101913121,101913
101913125,89,95,72,81,81,96,93,82,101913125,101913
101913126,80,89,90,89,85,99,92,90,101913126,101913
101914102,99,99,99,97,97,100,100,92,101914102,101914
101914103,84,88,87,85,86,92,96,80,101914103,101914
101914104,82,90,75,80,75,84,90,81,101914104,101914
101914105,70,84,90,89,80,95,96,78,101914105,101914
101914107,76,81,78,85,76,90,94,90,101914107,101914
101914108,88,90,92,83,89,98,94,79,101914108,101914
101914109,71,92,88,90,86,93,94,83,101914109,101914
101914110,66,80,60,70,71,87,84,69,101914110,101914
101914112,95,96,97,96,94,100,99,99,101914112,101914
101914113,74,88,77,75,66,93,93,79,101914113,101914
101914114,88,93,90,92,85,100,97,90,101914114,101914
101914116,83,73,82,79,81,97,94,78,101914116,101914
101914117,93,96,98,98,98,99,98,99,101914117,101914
101914119,90,95,93,93,93,99,99,96,101914119,101914
101914120,72,86,71,83,76,92,93,80,101914120,101914
101914121,83,89,88,91,88,95,97,84,101914121,101914
101914122,94,97,97,96,95,98,99,94,101914122,101914
101914124,95,94,96,96,95,98,98,92,101914124,101914
101914125,83,86,87,85,70,97,96,84,101914125,101914
101914126,69,81,72,81,85,88,94,69,101914126,101914
101914127,100,96,96,96,94,100,100,96,101914127,101914
101914128,93,89,95,90,92,98,94,87,101914128,101914
101914129,86,95,88,92,91,99,97,90,101914129,101914
101914130,71,88,69,81,72,92,95,71,101914130,101914
101914131,98,98,96,97,94,100,99,99,101914131,101914
101914132,96,98,95,96,96,100,99,95,101914132,101914
101914133,93,97,94,97,92,99,100,96,101914133,101914
101914134,90,96,97,95,94,100,99,96,101914134,101914
101915107,79,89,86,81,77,94,95,79,101915107,101915
101915109,74,81,89,87,85,99,97,92,101915109,101915
101915111,76,90,88,92,81,99,94,80,101915111,101915
101915113,78,85,85,82,74,98,97,91,101915113,101915
101915115,89,93,89,90,87,100,98,92,101915115,101915
101915116,70,84,80,87,81,94,95,76,101915116,101915
101915119,83,90,84,85,89,95,92,77,101915119,101915
101915121,84,86,79,81,71,96,94,78,101915121,101915
101915123,80,79,86,82,80,98,97,89,101915123,101915
101915124,78,93,96,96,89,99,99,94,101915124,101915
101915125,91,93,97,95,91,99,99,94,101915125,101915
101915128,82,86,92,93,85,100,100,86,101915128,101915
101916104,94,84,91,87,84,97,92,87,101916104,101916
101916105,67,67,67,84,78,88,95,96,101916105,101916
101917102,69,81,86,90,91,91,89,84,101917102,101917
101917116,65,76,69,83,86,81,79,60,101917116,101917
101919102,32,49,29,42,43,70,70,36,101919102,101919
101919105,68,69,66,66,72,82,83,57,101919105,101919
101919106,68,80,57,63,71,86,67,53,101919106,101919
101919108,36,63,31,63,52,72,83,38,101919108,101919
101919112,65,72,73,47,47,86,83,67,101919112,101919
101919114,55,62,52,52,53,82,76,55,101919114,101919
101919115,84,65,51,52,64,86,82,70,101919115,101919
101919116,77,72,39,55,61,79,77,67,101919116,101919
101919117,73,81,56,52,55,85,81,62,101919117,101919
101919119,72,75,85,74,76,93,88,81,101919119,101919
101919120,88,82,72,72,72,94,87,92,101919120,101919
101919121,66,72,53,70,67,77,84,54,101919121,101919
101919126,65,68,69,63,74,75,79,74,101919126,101919
101919127,37,55,61,75,72,81,81,57,101919127,101919
101919128,47,76,67,63,72,70,75,46,101919128,101919
101920108,70,86,78,84,75,96,93,89,101920108,101920
101920109,87,93,94,95,92,98,99,93,101920109,101920
101920112,89,98,85,90,91,99,97,89,101920112,101920
101920113,63,62,54,55,52,76,62,52,101920113,101920
101920115,73,84,73,75,79,93,95,83,101920115,101920
101920118,94,100,98,94,94,100,99,95,101920118,101920
101920121,76,68,66,71,64,85,88,70,101920121,101920
101920124,53,55,63,73,64,78,70,63,101920124,101920
104901101,63,69,66,77,71,98,98,85,104901101,104901
105902107,78,77,68,75,70,95,100,83,105902107,105902
105904102,76,85,75,87,81,94,96,89,105904102,105904
105906101,66,82,56,72,58,81,87,55,105906101,105906
105906103,65,78,72,70,67,79,79,79,105906103,105906
105906106,70,87,54,61,60,95,98,72,105906106,105906
105906107,76,94,78,92,87,93,94,58,105906107,105906
105906108,65,73,58,68,69,91,91,70,105906108,105906
105906109,44,55,56,57,42,70,80,55,105906109,105906
105906110,64,80,60,64,64,89,86,72,105906110,105906
105906111,71,89,66,74,60,97,95,88,105906111,105906
105906114,64,68,76,84,78,85,81,68,105906114,105906
105906116,60,82,63,73,72,96,92,72,105906116,105906
107906102,96,95,100,95,89,87,96,91,107906102,107906
108902102,91,57,41,60,76,93,74,74,108902102,108902
108902111,60,31,58,44,53,68,42,35,108902111,108902
108902114,48,56,44,38,46,83,71,58,108902114,108902
108902116,57,45,67,44,63,77,62,44,108902116,108902
108904101,90,82,90,92,87,100,100,98,108904101,108904
108904107,80,63,75,65,74,79,77,65,108904107,108904
108904114,88,85,89,92,95,97,96,91,108904114,108904
108904124,83,68,76,63,69,89,76,65,108904124,108904
108906103,72,65,60,56,80,98,93,69,108906103,108906
108906108,78,74,65,73,71,94,90,79,108906108,108906
108906114,62,61,74,70,89,94,90,71,108906114,108906
108906119,55,72,71,71,78,81,72,58,108906119,108906
108906120,80,90,83,79,82,90,92,80,108906120,108906
108906123,68,74,65,71,86,83,92,76,108906123,108906
108906128,68,73,85,89,89,89,92,75,108906128,108906
108908102,61,72,57,58,75,92,84,69,108908102,108908
108908109,81,67,85,77,78,87,96,87,108908109,108908
108908112,56,67,78,68,66,98,93,81,108908112,108908
108908113,84,78,57,78,78,100,97,78,108908113,108908
108909102,74,69,74,69,80,91,89,64,108909102,108909
108909112,78,64,61,57,57,92,90,80,108909112,108909
108909115,64,74,76,64,78,81,83,76,108909115,108909
108909120,83,83,73,68,81,94,92,78,108909120,108909
108909121,84,75,70,73,83,92,88,73,108909121,108909
108909123,62,70,66,72,79,90,89,68,108909123,108909
108909128,61,52,57,51,60,84,89,67,108909128,108909
108909134,91,90,75,70,77,99,95,92,108909134,108909
108912106,62,71,56,57,62,80,91,57,108912106,108912
108912108,56,61,70,70,76,83,87,71,108912108,108912
108912111,61,52,60,71,78,87,75,72,108912111,108912
108912115,82,72,64,54,72,82,86,66,108912115,108912
108912117,77,76,47,44,47,80,71,61,108912117,108912
108913102,68,71,66,70,81,87,84,75,108913102,108913
108913106,84,61,59,59,62,86,66,69,108913106,108913
109907101,67,80,100,88,85,97,92,90,109907101,109907
110907101,100,96,89,94,81,100,98,83,110907101,110907
116915101,85,95,80,90,79,94,96,94,116915101,116915
117903101,69,85,63,72,77,64,83,53,117903101,117903
120901104,71,75,65,64,59,91,92,66,120901104,120901
120905102,77,90,82,82,86,100,87,77,120905102,120905
121902101,95,86,73,74,55,72,92,64,121902101,121902
121903101,69,79,51,60,58,78,75,75,121903101,121903
123910101,39,49,46,56,69,78,81,49,123910101,123910
123910104,48,63,46,63,63,71,75,47,123910104,123910
123910105,74,86,77,88,89,98,96,88,123910105,123910
123910110,62,69,74,77,87,90,86,54,123910110,123910
123910112,69,71,66,70,77,88,93,84,123910112,123910
123910123,58,69,73,86,72,87,83,68,123910123,123910
123910125,29,47,39,59,54,69,73,48,123910125,123910
123910126,61,87,52,73,64,84,89,68,123910126,123910
123910131,34,49,15,53,54,59,69,48,123910131,123910
126902102,83,82,74,88,87,100,96,90,126902102,126902
126902103,67,77,72,70,67,92,96,88,126902103,126902
126903104,73,73,36,55,44,68,77,45,126903104,126903
129901101,70,88,62,74,64,96,94,78,129901101,129901
130902101,75,79,62,77,67,94,87,66,130902101,130902
133901101,51,57,51,57,65,90,77,87,133901101,133901
134901101,57,76,52,81,67,89,89,75,134901101,134901
136901101,75,88,54,77,69,90,88,71,136901101,136901
139905101,71,92,86,95,62,98,98,82,139905101,139905
139912101,67,88,74,85,90,94,94,80,139912101,139912
139912102,50,87,63,81,64,75,100,75,139912102,139912
141901103,48,78,66,65,60,98,97,89,141901103,141901
144902101,77,87,54,84,80,89,95,81,144902101,144902
145906101,79,82,49,87,72,95,97,90,145906101,145906
148901101,67,74,34,61,71,91,87,45,148901101,148901
150901101,83,83,93,92,88,98,95,94,150901101,150901
152901168,72,76,65,76,60,77,80,66,152901168,152901
152901170,71,81,65,82,81,94,85,76,152901170,152901
152901174,48,38,58,58,46,90,83,73,152901174,152901
152901176,62,67,65,69,73,96,84,78,152901176,152901
152901177,63,71,72,83,72,98,100,98,152901177,152901
152901179,87,98,96,97,99,100,100,96,152901179,152901
152901186,80,63,78,61,50,89,84,80,152901186,152901
152901196,30,42,23,26,28,47,62,42,152901196,152901
152906103,84,89,89,90,83,93,95,88,152906103,152906
152907107,79,87,91,91,87,100,97,91,152907107,152907
153903101,67,76,63,74,70,100,100,87,153903101,153903
153904101,66,79,92,86,84,96,91,76,153904101,153904
158901101,65,62,80,65,62,93,85,67,158901101,158901
160901101,67,80,75,75,80,86,84,71,160901101,160901
161914101,43,58,60,75,60,77,90,44,161914101,161914
161914103,38,61,69,62,60,90,75,68,161914103,161914
161914106,58,40,58,43,69,88,79,57,161914106,161914
161914107,61,68,60,63,67,68,78,68,161914107,161914
161914110,36,38,12,32,27,43,44,19,161914110,161914
161914120,72,70,55,68,76,84,86,73,161914120,161914
161914130,25,42,23,37,36,61,71,35,161914130,161914
161918101,87,94,87,84,89,93,95,62,161918101,161918
161923101,75,77,67,91,84,93,93,64,161923101,161923
163908104,86,88,74,81,69,100,96,75,163908104,163908
163908105,85,89,84,91,89,98,96,94,163908105,163908
165902101,59,66,77,76,68,82,84,73,165902101,165902
167901101,94,97,85,89,89,91,94,82,167901101,167901
170904101,73,69,70,70,76,80,81,72,170904101,170904
170906105,46,56,59,71,71,88,76,69,170906105,170906
170906107,62,75,99,93,88,93,91,73,170906107,170906
170906108,76,93,75,83,81,93,92,73,170906108,170906
170906109,63,81,59,78,75,90,91,75,170906109,170906
170908107,78,87,73,87,85,99,95,90,170908107,170908
170908110,57,69,59,60,58,98,85,74,170908110,170908
170908111,87,85,66,71,65,94,93,83,170908111,170908
172905102,49,65,50,69,66,79,89,60,172905102,172905
174903101,82,93,74,77,79,96,98,88,174903101,174903
174904101,45,54,69,60,53,77,72,48,174904101,174904
175903107,65,47,75,70,67,85,72,62,175903107,175903
176902104,73,81,78,79,90,97,94,66,176902104,176902
178904103,63,82,48,58,58,96,87,80,178904103,178904
178904123,60,63,52,54,68,85,86,58,178904123,178904
178904124,59,64,54,63,63,79,74,58,178904124,178904
178904132,83,84,66,72,59,82,83,75,178904132,178904
178904136,60,69,37,56,58,91,89,85,178904136,178904
178904142,58,62,31,44,40,68,69,52,178904142,178904
178904150,74,74,56,72,77,89,83,69,178904150,178904
178904152,72,78,83,74,72,91,90,89,178904152,178904
178904157,83,88,85,86,83,96,96,84,178904157,178904
178912104,.,.,68,75,72,88,87,76,178912104,178912
182904101,56,63,88,81,88,93,88,69,182904101,182904
183901101,74,85,82,74,80,91,96,91,183901101,183901
184902109,58,61,64,67,64,.,.,.,184902109,184902
184904101,61,72,72,70,51,89,93,77,184904101,184904
184907102,80,85,86,87,79,100,99,88,184907102,184907
184908101,69,85,83,80,76,94,90,84,184908101,184908
184909101,92,95,89,98,97,99,97,95,184909101,184909
185902101,71,90,86,74,86,88,93,71,185902101,185902
188901102,79,86,71,75,65,98,96,92,188901102,188901
188901104,65,66,90,94,88,95,95,86,188901104,188901
188901109,65,50,68,54,55,95,83,54,188901109,188901
188901111,79,61,79,80,80,93,86,65,188901111,188901
188901112,73,80,86,88,86,100,100,95,188901112,188901
188901114,74,70,63,59,61,89,80,64,188901114,188901
188901119,53,64,81,78,71,97,93,83,188901119,188901
188901121,86,86,90,95,100,100,98,93,188901121,188901
188901125,76,73,85,74,81,92,89,66,188901125,188901
188901126,56,59,84,67,63,93,87,86,188901126,188901
188901127,75,80,83,81,79,96,97,79,188901127,188901
188901130,89,66,65,54,79,100,93,86,188901130,188901
188901134,74,82,81,77,67,100,100,78,188901134,188901
188901135,76,88,56,81,76,93,95,85,188901135,188901
188901141,97,96,96,89,94,100,99,90,188901141,188901
188901143,86,77,82,73,75,98,94,83,188901143,188901
198903101,90,83,86,75,72,99,99,89,198903101,198903
205907101,48,49,44,47,40,64,71,52,205907101,205907
210902102,94,90,86,78,81,98,94,79,210902102,210902
210905101,70,62,78,66,64,93,90,60,210905101,210905
212901101,85,92,59,74,65,91,96,87,212901101,212901
212905104,69,61,52,52,55,76,66,54,212905104,212905
212905106,50,61,44,52,52,79,73,65,212905106,212905
212905112,45,52,37,49,46,78,69,53,212905112,212905
212905114,42,55,38,56,54,65,60,38,212905114,212905
212905117,70,81,50,69,74,86,86,63,212905117,212905
212905119,68,81,56,72,65,80,84,71,212905119,212905
212906111,76,84,89,89,91,100,98,91,212906111,212906
212909101,89,86,79,72,70,97,91,88,212909101,212909
214901102,90,81,74,77,91,87,84,62,214901102,214901
217901101,81,88,83,78,72,100,81,76,217901101,217901
220902103,71,85,83,61,78,100,82,63,220902103,220902
220902104,73,72,63,67,66,89,87,71,220902104,220902
220902105,65,69,67,72,72,84,90,66,220902105,220902
220902108,90,93,92,94,96,97,95,97,220902108,220902
220902111,62,66,73,59,61,96,83,63,220902111,220902
220902115,85,93,90,91,82,98,90,84,220902115,220902
220902119,84,85,65,67,65,82,85,73,220902119,220902
220902120,96,97,97,95,95,99,99,93,220902120,220902
220902121,91,92,84,91,86,99,97,86,220902121,220902
220905103,81,88,75,78,74,93,92,80,220905103,220905
220905107,71,91,83,83,84,95,97,71,220905107,220905
220905110,82,82,71,74,91,92,75,63,220905110,220905
220905119,62,62,48,48,50,90,83,64,220905119,220905
220905125,63,63,62,48,47,86,77,53,220905125,220905
220905126,37,64,44,56,64,75,75,48,220905126,220905
220905133,48,69,58,84,76,91,93,72,220905133,220905
220905134,79,77,42,52,51,81,74,40,220905134,220905
220905135,56,60,51,51,56,72,67,56,220905135,220905
220905137,72,77,52,68,47,76,76,56,220905137,220905
220905139,75,68,63,48,55,90,77,63,220905139,220905
220905143,56,67,76,72,74,82,83,63,220905143,220905
220905144,52,54,44,62,71,89,82,54,220905144,220905
220905147,51,55,51,58,59,69,63,47,220905147,220905
220905151,64,59,55,56,63,76,78,56,220905151,220905
220905154,41,68,63,79,61,90,90,85,220905154,220905
220905156,72,71,82,85,86,95,95,78,220905156,220905
220905159,52,54,55,65,59,73,75,63,220905159,220905
220905162,60,60,68,69,59,85,74,68,220905162,220905
220905167,72,72,77,68,73,90,78,61,220905167,220905
220905168,43,57,60,72,76,78,86,68,220905168,220905
220905176,77,81,69,88,79,95,91,89,220905176,220905
220905177,74,67,74,83,71,93,94,75,220905177,220905
220905178,40,63,55,57,50,87,88,73,220905178,220905
220905186,72,76,72,68,59,89,92,69,220905186,220905
220905187,48,58,77,81,81,91,91,74,220905187,220905
220905188,33,39,33,49,53,76,76,54,220905188,220905
220905206,47,49,51,56,58,82,79,60,220905206,220905
220905219,77,72,51,54,48,66,74,53,220905219,220905
220905223,51,52,73,68,65,89,78,65,220905223,220905
220905226,67,58,58,63,60,76,78,81,220905226,220905
220905227,48,54,60,52,40,92,77,55,220905227,220905
220906101,68,86,61,80,86,93,89,90,220906101,220906
220906104,86,96,75,77,73,85,80,73,220906104,220906
220906105,86,96,99,99,97,98,100,93,220906105,220906
220906107,93,97,95,95,95,100,99,95,220906107,220906
220906108,70,95,91,94,99,100,100,95,220906108,220906
220917104,69,63,48,55,57,70,52,45,220917104,220917
221911101,98,100,90,100,95,98,100,79,221911101,221911
226903102,59,58,79,65,60,89,89,70,226903102,226903
226903115,93,88,87,81,94,93,100,100,226903115,226903
226903116,61,66,55,63,78,78,82,63,226903116,226903
227901102,59,60,60,57,63,81,88,78,227901102,227901
227901104,76,79,80,90,71,94,100,65,227901104,227901
227901106,70,65,69,67,66,87,91,76,227901106,227901
227901107,81,86,68,79,78,96,89,85,227901107,227901
227901108,70,59,77,52,58,79,82,71,227901108,227901
227901109,67,60,41,56,62,80,82,59,227901109,227901
227901111,57,62,79,62,41,89,86,55,227901111,227901
227901112,95,97,95,98,98,99,99,96,227901112,227901
227901113,41,61,49,60,49,91,89,80,227901113,227901
227901114,59,79,97,97,97,100,98,89,227901114,227901
227901116,64,59,68,65,54,77,74,54,227901116,227901
227901117,93,98,95,95,95,98,99,90,227901117,227901
227901118,58,62,53,56,51,88,78,66,227901118,227901
227901124,76,77,67,54,67,85,76,56,227901124,227901
227901125,79,76,82,52,67,93,90,83,227901125,227901
227901126,82,85,90,91,88,97,88,78,227901126,227901
227901127,73,61,69,73,71,91,81,76,227901127,227901
227901129,78,66,55,61,66,70,81,74,227901129,227901
227901130,75,77,60,70,77,96,95,84,227901130,227901
227901132,88,78,93,93,81,91,82,79,227901132,227901
227901133,70,83,65,69,63,84,100,74,227901133,227901
227901138,64,83,94,91,92,94,92,80,227901138,227901
227901140,60,77,61,74,62,92,97,74,227901140,227901
227901141,50,63,54,50,44,100,87,64,227901141,227901
227901144,77,68,74,68,57,86,92,63,227901144,227901
227901145,93,81,84,83,73,100,91,91,227901145,227901
227901146,78,88,82,92,87,100,100,95,227901146,227901
227901147,79,88,67,87,79,97,91,82,227901147,227901
227901148,86,91,86,91,92,97,97,88,227901148,227901
227901150,71,81,39,54,54,79,75,68,227901150,227901
227901151,67,76,66,77,72,90,88,64,227901151,227901
227901155,92,99,91,97,97,100,98,93,227901155,227901
227901156,63,71,79,68,66,97,92,82,227901156,227901
227901157,80,80,66,66,73,96,88,61,227901157,227901
227901158,54,72,76,63,68,88,92,80,227901158,227901
227901162,65,75,57,52,51,90,81,85,227901162,227901
227901166,58,61,75,86,79,86,88,64,227901166,227901
227901168,72,76,73,59,62,82,78,53,227901168,227901
227901170,81,90,84,88,94,98,98,92,227901170,227901
227901171,65,68,65,54,58,96,86,78,227901171,227901
227901172,75,83,77,84,86,87,90,65,227901172,227901
227901173,79,82,48,68,74,91,95,82,227901173,227901
227901175,73,58,39,44,35,82,76,59,227901175,227901
227901176,92,86,54,53,54,90,77,63,227901176,227901
227901178,71,72,62,59,53,85,73,67,227901178,227901
227901179,78,92,78,89,85,92,95,90,227901179,227901
227901180,95,96,95,99,100,100,100,95,227901180,227901
227901181,90,97,91,96,96,99,99,95,227901181,227901
227901183,92,95,90,87,89,94,96,91,227901183,227901
227901184,96,99,94,98,95,99,99,94,227901184,227901
227901185,76,75,80,80,72,92,92,81,227901185,227901
227901187,93,97,97,96,95,99,100,96,227901187,227901
227901189,73,68,79,63,70,81,79,67,227901189,227901
227901190,58,65,57,57,58,91,81,74,227901190,227901
227904101,86,84,75,77,72,84,89,76,227904101,227904
227904102,82,88,86,92,76,98,95,91,227904102,227904
227904103,69,84,84,80,85,99,99,85,227904103,227904
227904104,61,69,90,81,87,90,91,78,227904104,227904
227904107,66,73,71,61,60,89,82,69,227904107,227904
227904108,78,83,63,70,71,92,92,72,227904108,227904
227904109,68,82,60,76,68,91,89,74,227904109,227904
227904111,75,82,66,69,70,82,75,58,227904111,227904
227904112,90,92,88,83,79,97,97,92,227904112,227904
227904114,69,82,64,69,68,84,82,68,227904114,227904
227904115,82,93,89,91,90,98,96,87,227904115,227904
227904116,66,79,79,80,77,96,91,74,227904116,227904
227904117,76,86,65,68,67,95,88,59,227904117,227904
227904118,84,90,70,79,72,96,95,88,227904118,227904
227904119,53,62,54,55,44,84,84,55,227904119,227904
227907105,53,65,70,74,61,88,77,48,227907105,227907
227907107,42,55,46,48,51,83,83,55,227907107,227907
227909101,95,97,91,97,93,100,100,92,227909101,227909
227912101,95,93,86,88,74,95,95,83,227912101,227912
227913101,78,88,74,82,81,94,93,81,227913101,227913
228903103,51,61,40,57,54,58,64,43,228903103,228903
230901101,73,76,50,77,50,100,89,84,230901101,230901
230903102,73,69,64,81,77,94,93,80,230903102,230903
233901103,54,52,54,56,56,69,69,33,233901103,233901
235902102,69,77,56,70,73,87,92,62,235902102,235902
235902103,34,44,61,59,54,84,63,45,235902103,235902
235902105,44,46,30,37,39,80,78,67,235902105,235902
235902106,50,66,31,44,36,67,57,41,235902106,235902
235902110,33,45,31,49,42,64,72,58,235902110,235902
235902111,36,47,33,41,50,66,60,45,235902111,235902
235902118,67,76,68,74,58,96,94,75,235902118,235902
235902123,51,61,52,63,57,79,88,74,235902123,235902
235902126,62,83,71,68,73,86,76,71,235902126,235902
235904101,73,73,85,95,85,90,90,90,235904101,235904
237904107,78,72,78,77,78,99,96,87,237904107,237904
240901119,60,57,59,63,71,80,73,85,240901119,240901
240901121,52,54,64,66,76,94,87,76,240901121,240901
240901124,35,49,60,62,75,77,72,59,240901124,240901
240903103,73,72,78,80,81,87,96,75,240903103,240903
240903105,78,56,62,59,73,81,82,66,240903105,240903
240903107,60,64,75,68,81,82,75,63,240903107,240903
240903109,77,71,69,73,70,83,82,68,240903109,240903
240903110,97,90,98,97,99,97,97,90,240903110,240903
240903114,69,76,70,72,78,83,87,60,240903114,240903
240903116,85,84,66,80,86,96,96,82,240903116,240903
240903119,72,64,79,62,68,88,79,64,240903119,240903
240903120,85,86,66,73,78,96,86,74,240903120,240903
240903121,92,93,83,80,80,89,82,77,240903121,240903
240903124,60,56,57,53,58,80,64,51,240903124,240903
240903126,79,69,66,72,76,93,81,73,240903126,240903
240903128,80,63,56,58,61,90,76,62,240903128,240903
240903130,80,76,78,70,70,87,86,74,240903130,240903
240903132,58,58,61,72,75,89,79,58,240903132,240903
243901104,74,78,61,78,68,87,89,89,243901104,243901
245903102,49,62,48,67,70,86,79,53,245903102,245903
246902101,60,73,46,53,52,78,82,68,246902101,246902
246909101,66,66,40,58,46,75,81,61,246909101,246909
246909106,62,68,56,56,46,90,77,65,246909106,246909
246909107,80,90,89,91,89,92,95,80,246909107,246909
246909108,66,88,80,85,73,95,97,92,246909108,246909
246909110,89,96,93,93,88,99,99,90,246909110,246909
246909114,87,92,90,89,86,99,100,92,246909114,246909
246909115,67,77,76,79,78,91,91,73,246909115,246909
246909117,75,84,94,90,87,94,97,87,246909117,246909
246909119,75,82,75,83,76,98,95,85,246909119,246909
246909120,72,83,75,89,80,85,97,77,246909120,246909
246909121,77,85,87,79,72,93,92,77,246909121,246909
246909124,75,82,71,71,56,89,90,79,246909124,246909
246909127,77,84,78,84,83,92,88,84,246909127,246909
246909128,95,98,89,95,91,97,95,92,246909128,246909
246909130,82,90,92,91,90,99,98,92,246909130,246909
246909131,80,93,89,86,83,93,96,84,246909131,246909
246909132,90,90,92,96,96,99,97,97,246909132,246909
246909134,92,95,94,96,93,100,100,94,246909134,246909
246909136,69,71,45,57,50,80,83,63,246909136,246909
246909137,78,81,69,71,72,89,89,68,246909137,246909
246909138,93,91,90,86,94,100,96,96,246909138,246909
246909139,92,98,94,95,97,99,98,93,246909139,246909
246913101,66,82,73,75,78,84,92,77,246913101,246913
246913102,58,76,71,80,81,87,90,79,246913102,246913
246913103,73,90,85,88,83,96,94,88,246913103,246913
246913104,75,90,85,93,91,95,96,93,246913104,246913
246913105,61,82,57,67,60,81,89,73,246913105,246913
246913106,65,84,67,77,67,82,91,43,246913106,246913
246913107,84,91,81,95,97,100,100,94,246913107,246913
246913108,67,91,79,83,72,96,90,79,246913108,246913
246913109,40,70,60,62,54,81,85,59,246913109,246913
246913110,74,93,80,90,80,100,98,87,246913110,246913
246913111,95,99,90,94,96,97,98,83,246913111,246913
246913112,63,67,73,80,72,87,86,78,246913112,246913
246913114,59,75,49,76,69,81,92,63,246913114,246913
246913115,72,85,73,91,92,85,89,83,246913115,246913
246913116,63,80,63,74,71,72,88,70,246913116,246913
246913117,69,78,70,77,67,89,90,72,246913117,246913
246913118,78,91,88,91,92,95,98,92,246913118,246913
246913119,69,91,77,90,86,86,91,83,246913119,246913
246913120,83,91,76,91,90,93,97,82,246913120,246913
246913121,66,82,84,85,81,87,96,78,246913121,246913
246913122,78,92,77,87,75,98,95,82,246913122,246913
247901106,81,76,62,67,68,98,86,83,247901106,247901
247904101,70,87,68,83,83,95,100,89,247904101,247904
248901101,42,54,58,60,62,63,67,60,248901101,248901
249901101,82,95,66,88,90,97,97,83,249901101,249901
249905101,67,84,72,77,79,86,87,76,249905101,249905
249905103,79,88,60,67,73,84,88,77,249905103,249905
249905104,59,72,40,56,58,76,79,71,249905104,249905
250902101,38,69,28,52,61,85,79,83,250902101,250902
251901101,76,81,71,66,72,92,82,64,251901101,251901
252903101,80,82,82,74,76,100,98,95,252903101,252903
253901105,69,64,76,66,73,74,75,63,253901105,253901
253901106,67,68,67,70,66,88,77,72,253901106,253901
253901107,40,51,47,42,49,71,63,39,253901107,253901
