,gr3_stu_count,gr4_stu_count,gr5_stu_count,black_stu_count,all_stu_count,asian_stu_count,white_stu_count,gifted_stu_count,spec_ed_stu_count,econ_dis_stu_count,eng_class_size,math_class_size,sci_class_size,teacher_experience,teacher_avg_salary,teacher_fte,county_num,charter_school,attendance,CAMPUS,DISTRICT
001902103,38,35,41,7,251,0,208,18,23,101,.,.,.,16.8,44627,22.4,001,N,96.7,001902103,001902
001904102,62,61,63,42,407,6,297,23,34,240,.,.,.,15.7,42083,24.9,001,N,97.1,001904102,001904
001909101,26,29,24,4,190,0,172,8,20,84,.,.,.,14.7,44888,18.5,001,N,96.9,001909101,001909
005902101,72,73,70,1,423,1,378,16,40,119,.,.,.,14.7,42170,28.5,005,N,97.6,005902101,005902
010902101,84,91,80,2,571,3,378,15,66,362,.,.,.,13.1,49406,35,010,N,95.5,010902101,010902
011902102,102,88,80,74,777,0,124,40,57,659,.,.,.,7.8,46609,47.7,011,N,96,011902102,011902
014906121,146,138,127,202,885,41,347,51,84,305,.,.,.,11.7,51253,53.9,014,N,96.7,014906121,014906
014906125,72,95,71,237,628,9,134,9,69,440,.,.,.,8.7,45862,43.5,014,N,95.9,014906125,014906
014906126,45,46,32,115,516,9,211,13,75,308,.,.,.,14.8,53343,42,014,N,96,014906126,014906
014906127,95,111,92,212,768,22,104,4,91,530,.,.,.,10.2,49734,56.1,014,N,95.9,014906127,014906
014906129,101,113,96,291,752,20,160,20,68,492,.,.,.,8.4,48351,48,014,N,95.7,014906129,014906
014906132,73,66,53,106,627,17,261,5,69,425,.,.,.,9.9,49820,45.6,014,N,95.8,014906132,014906
014906135,160,142,134,311,970,20,237,20,117,467,.,.,.,10.8,49710,61.1,014,N,96.8,014906135,014906
014907102,60,68,53,9,374,3,252,11,21,197,.,.,.,14.2,45128,24.1,014,N,97.2,014907102,014907
015904102,93,90,121,3,717,0,17,15,64,619,.,.,.,9,51858,47,015,N,96.4,015904102,015904
015906101,96,94,120,116,614,18,283,34,44,59,.,.,.,14,54474,42.5,015,N,97,015906101,015906
015907101,81,76,74,9,619,0,8,13,57,572,.,.,.,14,52940,39,015,N,96.9,015907101,015907
015907106,66,75,63,7,499,0,11,20,44,472,.,.,.,10.4,52090,33,015,N,97.2,015907106,015907
015907111,89,72,61,28,563,0,0,1,40,545,.,.,.,10.6,52155,33,015,N,96.4,015907111,015907
015907121,91,71,97,0,612,0,3,25,34,593,.,.,.,9.9,51325,36,015,N,96.9,015907121,015907
015907124,56,46,46,26,386,0,8,15,31,345,.,.,.,10.8,52243,23.5,015,N,95.7,015907124,015907
015907147,62,59,68,54,512,0,4,5,47,501,.,.,.,7.7,51040,34.7,015,N,96.8,015907147,015907
015907150,103,105,97,22,685,8,15,6,102,604,.,.,.,10.8,51936,39,015,N,96.4,015907150,015907
015907164,82,77,98,29,656,2,25,14,68,579,.,.,.,11.5,52313,41,015,N,96.9,015907164,015907
015907165,64,86,85,51,518,0,3,2,40,499,.,.,.,10.7,52148,32,015,N,96.5,015907165,015907
015907174,79,75,68,1,504,2,8,14,50,476,.,.,.,15.3,54421,31,015,N,97.1,015907174,015907
015908101,66,62,63,3,448,0,3,8,37,437,.,.,.,12.3,51431,28.4,015,N,96.3,015908101,015908
015908105,70,81,75,2,523,1,4,8,40,493,.,.,.,11.4,51109,30.4,015,N,96.3,015908105,015908
015908108,110,96,97,28,736,0,12,36,48,713,.,.,.,12,50793,40.2,015,N,95.2,015908108,015908
015910104,86,80,73,12,509,0,34,12,61,426,.,.,.,14.6,56108,35.6,015,N,96.5,015910104,015910
015910106,89,112,99,55,681,29,109,11,78,435,.,.,.,13.3,54853,43.6,015,N,96.2,015910106,015910
015910110,61,73,54,64,440,10,53,9,45,340,.,.,.,11.6,54509,32.3,015,N,96.2,015910110,015910
015910112,100,112,79,37,758,21,54,17,63,666,.,.,.,9.1,52616,54.3,015,N,96.5,015910112,015910
015910113,82,83,70,131,598,24,62,5,66,473,.,.,.,12.3,54361,40.1,015,N,95.9,015910113,015910
015910114,115,93,123,107,768,12,38,9,71,693,.,.,.,9.6,52577,54.9,015,N,96.3,015910114,015910
015910116,37,42,34,38,321,3,59,4,35,256,.,.,.,13.4,54356,30.2,015,N,95.9,015910116,015910
015910122,75,90,83,188,631,6,56,3,71,575,.,.,.,10.8,53179,46.7,015,N,95.3,015910122,015910
015910128,73,84,54,22,504,19,212,13,69,160,.,.,.,13.2,54761,34.9,015,N,96.8,015910128,015910
015910130,134,98,140,59,826,13,227,19,81,431,.,.,.,12.9,55072,52.7,015,N,96.5,015910130,015910
015910131,75,72,71,14,505,17,179,24,60,154,.,.,.,13.2,54782,38.8,015,N,97.2,015910131,015910
015910133,89,120,104,22,590,49,260,54,51,84,.,.,.,13.8,54977,41.2,015,N,97.3,015910133,015910
015910134,118,113,109,23,645,12,244,42,72,176,.,.,.,13,55090,41.7,015,N,97.2,015910134,015910
015910136,129,137,129,23,750,78,360,56,77,44,.,.,.,13.6,55143,48.7,015,N,97.6,015910136,015910
015910140,112,133,103,46,658,66,246,48,44,82,.,.,.,11.7,54434,39.7,015,N,97.3,015910140,015910
015910142,156,167,169,44,919,43,383,68,94,203,.,.,.,12.1,54393,57,015,N,96.8,015910142,015910
015912101,115,104,96,20,724,0,56,26,86,557,.,.,.,10,55140,45.5,015,N,96.1,015912101,015912
015912103,94,106,109,16,613,0,14,23,62,589,.,.,.,10.6,55238,45.5,015,N,95.8,015912103,015912
015912106,81,80,94,7,539,0,3,21,51,505,.,.,.,9.5,54629,41,015,N,95.9,015912106,015912
015912109,91,85,80,52,584,3,74,13,63,444,.,.,.,10.6,55026,36,015,N,96.4,015912109,015912
015912110,86,92,74,6,511,0,25,17,60,443,.,.,.,10.9,55731,39.5,015,N,96.1,015912110,015912
015912111,102,104,93,25,671,6,24,17,72,610,.,.,.,7.4,53751,43.9,015,N,95.9,015912111,015912
015914101,117,120,99,143,836,31,328,25,109,272,.,.,.,12.7,55791,59.3,015,N,96.8,015914101,015914
015915101,119,110,95,21,746,3,23,58,91,697,.,.,.,9.7,53287,56.3,015,N,95,015915101,015915
015915102,103,111,110,22,681,0,32,37,86,586,.,.,.,10.3,53748,46.5,015,N,95.7,015915102,015915
015915103,95,88,72,71,668,157,60,27,72,468,.,.,.,10.3,53819,49.3,015,N,96,015915103,015915
015915105,111,91,94,7,660,0,18,42,74,580,.,.,.,9.3,53526,46.3,015,N,96.3,015915105,015915
015915106,85,90,74,9,575,1,17,29,68,524,.,.,.,9.7,53564,40.5,015,N,95.6,015915106,015915
015915107,146,126,95,39,854,4,57,46,86,598,.,.,.,10,54580,58,015,N,96.9,015915107,015915
015915108,97,98,97,8,646,2,70,26,71,479,.,.,.,12.4,54596,51,015,N,96.3,015915108,015915
015915109,105,120,111,61,663,28,139,37,78,310,.,.,.,18.6,58006,47,015,N,95.8,015915109,015915
015915111,90,88,99,34,596,3,53,22,74,494,.,.,.,10.4,53285,39.9,015,N,95.5,015915111,015915
015915112,67,85,87,50,546,16,43,29,69,402,.,.,.,9.3,53440,39.5,015,N,95.8,015915112,015915
015915113,76,60,57,28,440,0,26,14,53,326,.,.,.,8.7,52778,35,015,N,96.2,015915113,015915
015915114,86,92,104,21,625,0,14,37,77,593,.,.,.,6.9,52247,48.3,015,N,94.8,015915114,015915
015915115,112,110,115,55,736,134,164,42,73,501,.,.,.,11,54283,52.2,015,N,96,015915115,015915
015915116,128,108,122,14,793,28,39,43,86,665,.,.,.,9.3,53050,56.1,015,N,96.4,015915116,015915
015915117,92,100,91,45,658,0,39,28,63,582,.,.,.,10.8,53995,46.5,015,N,95.6,015915117,015915
015915118,70,108,81,35,587,12,95,27,87,390,.,.,.,11.4,54224,41.5,015,N,95.9,015915118,015915
015915119,122,114,110,46,734,8,123,44,77,494,.,.,.,10.5,53688,52.4,015,N,95.5,015915119,015915
015915122,85,81,94,22,588,0,19,20,75,543,.,.,.,10.8,54055,42.5,015,N,95.9,015915122,015915
015915123,101,94,83,41,579,7,50,33,64,486,.,.,.,10.9,54520,43.7,015,N,95.6,015915123,015915
015915124,109,119,100,10,702,1,23,63,59,533,.,.,.,11.5,54578,51.5,015,N,96.3,015915124,015915
015915125,89,85,107,38,623,22,127,31,90,412,.,.,.,13.2,54863,45.9,015,N,96.2,015915125,015915
015915128,130,129,153,78,894,6,61,57,119,517,.,.,.,13.1,55273,58,015,N,95.5,015915128,015915
015915130,156,136,139,87,906,10,107,28,104,508,.,.,.,10.5,53663,52.7,015,N,96.2,015915130,015915
015915131,103,95,73,42,617,2,78,27,57,542,.,.,.,10.6,53530,45.4,015,N,96.1,015915131,015915
015915132,128,123,130,43,811,12,145,48,73,539,.,.,.,13.3,55129,52.4,015,N,96.2,015915132,015915
015915134,104,87,85,19,573,4,168,26,78,264,.,.,.,13.3,54742,54.5,015,N,96.9,015915134,015915
015915135,107,120,127,35,753,6,57,60,91,561,.,.,.,13.6,55059,55.5,015,N,96,015915135,015915
015915136,104,105,86,27,613,18,109,52,79,376,.,.,.,12.9,54342,43,015,N,96.1,015915136,015915
015915138,104,93,116,23,697,1,64,24,78,569,.,.,.,14.2,55469,51.5,015,N,96.5,015915138,015915
015915141,138,160,162,57,989,8,185,55,111,527,.,.,.,11.7,54358,62.5,015,N,96.9,015915141,015915
015915143,91,99,112,21,605,11,159,42,70,266,.,.,.,14.7,55425,40.8,015,N,96.7,015915143,015915
015915144,101,122,115,68,705,4,182,55,88,344,.,.,.,13.7,55472,45,015,N,96.7,015915144,015915
015915145,106,79,99,31,556,7,120,41,55,259,.,.,.,12.2,54590,36.5,015,N,96.6,015915145,015915
015915148,139,138,125,43,848,61,175,46,91,302,.,.,.,10.1,53702,55.2,015,N,96.5,015915148,015915
015915149,108,117,110,21,699,73,201,35,77,317,.,.,.,13.5,55446,47,015,N,96.9,015915149,015915
015915150,87,87,93,26,612,3,105,23,94,381,.,.,.,13.7,54991,41,015,N,96.4,015915150,015915
015915151,95,106,116,41,658,18,130,34,71,377,.,.,.,15.3,55885,43,015,N,96.9,015915151,015915
015915152,68,61,77,2,389,9,182,35,34,54,.,.,.,14.1,55010,33,015,N,97,015915152,015915
015915156,155,126,157,107,987,32,164,39,115,464,.,.,.,8.3,52837,58.4,015,N,96.6,015915156,015915
015915157,79,96,81,13,539,43,149,52,45,202,.,.,.,13,54768,41.5,015,N,96.9,015915157,015915
015915158,132,105,102,99,802,117,79,30,81,553,.,.,.,8.8,52197,54,015,N,95.5,015915158,015915
015915160,95,102,116,37,731,5,56,63,79,499,.,.,.,12.3,54757,50.5,015,N,96.8,015915160,015915
015915161,75,80,102,22,518,62,168,51,56,163,.,.,.,13.5,55189,37.5,015,N,97.1,015915161,015915
015915162,112,139,128,78,825,3,75,42,79,626,.,.,.,9.1,53052,52.9,015,N,96.4,015915162,015915
015915165,106,110,128,32,633,10,181,36,73,204,.,.,.,13.2,54880,41,015,N,97,015915165,015915
015915166,76,85,66,25,507,3,54,33,51,409,.,.,.,11.3,53970,38,015,N,96.3,015915166,015915
015915167,114,139,121,57,772,59,214,40,81,319,.,.,.,13.1,54696,53.8,015,N,96.9,015915167,015915
015915168,110,133,137,66,778,17,160,35,86,324,.,.,.,13.8,55285,52,015,N,96.6,015915168,015915
015915169,95,86,96,59,646,17,132,21,79,397,.,.,.,14.3,54805,40,015,N,95.8,015915169,015915
015915170,87,68,92,15,497,4,140,32,53,187,.,.,.,13.7,55141,35.7,015,N,97,015915170,015915
015915171,87,81,98,35,627,8,60,37,79,449,.,.,.,12.4,54689,43.9,015,N,96.1,015915171,015915
015915177,101,88,115,41,660,59,153,19,97,414,.,.,.,10.4,54004,43.9,015,N,96.4,015915177,015915
015915178,101,119,75,10,633,23,330,39,80,61,.,.,.,13.6,55269,42.9,015,N,97.2,015915178,015915
015915179,123,120,96,52,782,13,204,31,93,323,.,.,.,9,53269,48.5,015,N,96.4,015915179,015915
015915180,166,150,155,15,845,127,332,79,69,57,.,.,.,14.1,54928,52,015,N,97.4,015915180,015915
015915181,88,95,100,14,556,43,279,70,42,43,.,.,.,11.2,53959,37,015,N,97.1,015915181,015915
015915182,130,108,127,71,739,18,198,26,83,309,.,.,.,13.5,54840,46,015,N,96.5,015915182,015915
015915183,152,150,147,57,886,11,154,46,94,459,.,.,.,11.2,53889,53,015,N,96.5,015915183,015915
015915184,107,140,121,43,823,31,99,45,76,573,.,.,.,9.5,53296,53.4,015,N,96.4,015915184,015915
015915185,135,112,109,116,844,85,96,38,107,707,.,.,.,10.7,53761,57.4,015,N,95.4,015915185,015915
015915186,172,176,167,36,1067,20,332,66,120,327,.,.,.,12.4,54447,64.5,015,N,97,015915186,015915
015915187,116,117,115,58,768,17,194,54,82,228,.,.,.,8.9,52769,51,015,N,96.9,015915187,015915
015915188,141,149,133,58,881,17,292,38,96,190,.,.,.,8.1,52637,53.4,015,N,96.8,015915188,015915
015915189,111,130,98,25,794,0,12,24,79,671,.,.,.,8.3,52815,55.8,015,N,95.9,015915189,015915
015915191,112,151,154,19,778,18,300,56,84,107,.,.,.,13.3,54796,49.5,015,N,97.1,015915191,015915
015915192,109,133,113,107,814,12,175,42,88,321,.,.,.,10.3,53756,50,015,N,96.8,015915192,015915
015915193,82,90,75,29,541,12,140,17,56,199,.,.,.,9,52572,37.3,015,N,97,015915193,015915
015915195,158,150,150,93,980,63,308,80,80,194,.,.,.,6.5,52023,61.4,015,N,97.4,015915195,015915
015915198,92,98,94,29,641,2,150,52,82,258,.,.,.,10.8,53686,42,015,N,97,015915198,015915
015915225,106,111,93,50,683,9,160,32,84,273,.,.,.,7,52406,42.6,015,N,97.2,015915225,015915
015915234,79,74,60,17,465,29,179,27,43,93,.,.,.,9.7,53404,33.5,015,N,.,015915234,015915
015915236,72,75,67,4,447,5,199,34,56,74,.,.,.,12.5,54534,33.5,015,N,97.7,015915236,015915
015916101,99,109,105,138,668,6,143,28,60,461,.,.,.,9,50641,41.6,015,N,96,015916101,015916
015916102,126,122,134,113,845,4,103,66,74,682,.,.,.,12,53127,57.5,015,N,95.9,015916102,015916
015916103,65,65,64,38,452,9,111,29,40,288,.,.,.,12,52707,32,015,N,96.7,015916103,015916
015916104,58,58,52,47,389,2,76,38,46,215,.,.,.,10.1,51295,35,015,N,96.7,015916104,015916
015916105,92,91,81,175,594,8,24,14,61,542,.,.,.,6.2,49126,43.4,015,N,95.6,015916105,015916
015916107,101,113,112,215,711,18,89,43,61,499,.,.,.,11.8,52414,48.5,015,N,96.1,015916107,015916
015916111,97,95,107,87,609,8,138,48,60,419,.,.,.,8.2,50257,44.7,015,N,96,015916111,015916
015916115,130,121,117,110,801,9,78,56,73,567,.,.,.,11.5,51739,52.9,015,N,96.4,015916115,015916
015916117,120,94,114,197,753,9,126,46,68,456,.,.,.,9.1,51220,46,015,N,96.5,015916117,015916
016902101,70,84,90,6,483,0,260,23,48,269,.,.,.,15.3,50896,38.6,016,N,96.4,016902101,016902
019907113,103,114,100,262,741,3,349,30,88,565,.,.,.,11.4,45611,48.8,019,N,96.3,019907113,019907
019909101,34,30,44,0,226,0,215,8,28,138,.,.,.,13.4,41431,16,019,N,96.1,019909101,019909
019910101,15,17,10,0,128,0,108,6,12,71,.,.,.,11.8,40702,11.5,019,N,97.6,019910101,019910
020901103,118,119,103,11,809,7,215,27,97,622,.,.,.,11.2,55610,52.4,020,N,96.6,020901103,020901
020901109,119,87,104,11,748,5,231,29,65,510,.,.,.,11.6,55284,47.9,020,N,97,020901109,020901
020901110,123,121,110,166,822,33,94,27,59,516,.,.,.,10.3,54975,53,020,N,97.2,020901110,020901
020901111,136,114,121,246,810,247,187,106,41,134,.,.,.,7.9,53435,46.8,020,N,97.9,020901111,020901
020901114,109,133,90,188,780,223,142,35,61,195,.,.,.,5.7,51920,45.4,020,N,97.8,020901114,020901
020901115,131,113,94,210,847,169,143,31,38,312,.,.,.,5.2,52165,49.4,020,N,.,020901115,020901
020902110,50,41,57,69,611,2,258,8,64,489,.,.,.,12.8,54262,33.9,020,N,96.9,020902110,020902
020906104,148,124,141,123,875,0,490,25,66,475,.,.,.,15,54393,52.7,020,N,96.4,020906104,020906
021902101,84,87,72,247,894,1,69,16,115,852,.,.,.,6.1,44194,54.5,021,N,97.1,021902101,021902
027904102,94,76,93,4,578,4,294,22,55,372,.,.,.,12.4,48018,42.6,027,N,96.4,027904102,027904
029901101,128,105,126,18,812,92,178,42,68,575,.,.,.,13.1,46643,48.3,029,N,95.9,029901101,029901
030903101,22,17,27,2,151,0,114,6,12,96,.,.,.,9.6,35479,14.5,030,N,96.1,030903101,030903
031901104,100,105,84,1,619,1,12,39,73,593,.,.,.,14.8,50581,44.8,031,N,97,031901104,031901
031901108,71,66,67,0,519,0,6,29,51,509,.,.,.,12.1,47902,32.6,031,N,97.1,031901108,031901
031901111,63,73,71,0,525,0,7,58,60,467,.,.,.,12.4,48400,35.7,031,N,97.2,031901111,031901
031901113,61,64,73,0,434,0,2,13,40,418,.,.,.,11.9,47688,25.2,031,N,98.1,031901113,031901
031901120,75,59,76,0,479,0,2,32,44,473,.,.,.,12.9,48875,32.6,031,N,97.8,031901120,031901
031901121,69,98,85,0,602,1,3,39,68,584,.,.,.,13.4,49538,41.4,031,N,96.6,031901121,031901
031901122,83,85,90,0,569,0,6,48,46,553,.,.,.,11.4,47623,38.1,031,N,97.4,031901122,031901
031901124,94,97,83,0,589,0,0,43,75,580,.,.,.,13.1,49704,42.6,031,N,97.8,031901124,031901
031901126,147,117,119,0,896,0,1,73,60,886,.,.,.,12.8,49551,56.7,031,N,97.7,031901126,031901
031901128,114,131,109,0,934,2,3,33,81,903,.,.,.,17.4,52263,55.3,031,N,96.9,031901128,031901
031901129,111,93,108,0,786,0,7,41,68,734,.,.,.,12.6,49029,46.3,031,N,97.5,031901129,031901
031901134,104,137,132,0,831,3,11,92,72,737,.,.,.,15.9,50865,53.8,031,N,96.7,031901134,031901
031901135,102,91,83,0,651,2,3,52,59,576,.,.,.,15.3,50698,42.2,031,N,97.4,031901135,031901
031901136,111,122,128,1,823,0,1,56,62,810,.,.,.,11.5,50322,46.7,031,N,97.6,031901136,031901
031901138,101,94,93,0,664,0,0,53,67,654,.,.,.,14.8,51293,44.1,031,N,97.8,031901138,031901
031901139,79,110,103,0,664,1,3,75,63,642,.,.,.,12.9,48571,42.6,031,N,97.7,031901139,031901
031901140,96,102,113,0,705,0,4,38,63,657,.,.,.,10.9,47288,43,031,N,97,031901140,031901
031901143,118,101,89,0,685,2,6,49,53,642,.,.,.,11.5,47552,42.9,031,N,98,031901143,031901
031901144,113,98,92,1,676,1,5,49,62,638,.,.,.,9.5,46399,42.1,031,N,98.1,031901144,031901
031903102,54,60,61,0,407,3,42,32,36,341,.,.,.,16.9,53155,26.1,031,N,96.5,031903102,031903
031903103,125,124,107,2,787,2,79,33,71,666,.,.,.,9.8,48959,44,031,N,96.8,031903103,031903
031903104,50,53,46,1,388,1,7,9,17,368,.,.,.,11.7,49564,22.9,031,N,97,031903104,031903
031903106,87,66,69,3,457,0,25,17,33,422,.,.,.,14.9,51791,30,031,N,97,031903106,031903
031903117,106,117,118,4,831,17,70,79,60,587,.,.,.,12.1,50163,47.8,031,N,96.2,031903117,031903
031903122,116,120,122,3,776,4,90,35,72,606,.,.,.,13.9,50789,46.9,031,N,96.7,031903122,031903
031903123,80,87,66,4,546,5,36,32,40,369,.,.,.,9.4,48415,36.4,031,N,96.7,031903123,031903
031906106,84,93,82,3,620,0,40,26,66,487,.,.,.,9.7,44761,35.9,031,N,97.2,031906106,031906
031906107,90,98,100,1,674,0,11,23,78,602,.,.,.,10.9,45804,39.6,031,N,97.1,031906107,031906
031906108,75,90,90,2,613,2,8,40,34,432,.,.,.,10.6,45221,37,031,N,97.7,031906108,031906
031909102,99,90,87,3,699,4,34,21,65,599,.,.,.,11.7,48799,41,031,N,96.7,031909102,031909
031912103,95,82,98,0,596,3,6,9,56,491,.,.,.,13.7,46014,28.7,031,N,96,031912103,031912
031912104,69,69,81,0,486,0,8,42,37,300,.,.,.,18.6,49937,27.4,031,N,96.8,031912104,031912
031912106,25,45,40,0,291,0,1,2,25,243,.,.,.,9.9,44222,19,031,N,95.8,031912106,031912
031912110,66,81,58,0,469,0,3,7,38,361,.,.,.,12.6,46124,26,031,N,96.9,031912110,031912
031912114,61,77,62,0,440,0,3,1,34,352,.,.,.,9.8,45189,29.2,031,N,96.7,031912114,031912
031912115,40,49,66,0,389,0,1,7,48,361,.,.,.,8.8,43225,21.7,031,N,97.5,031912115,031912
031914101,88,78,78,3,550,0,6,12,39,499,.,.,.,11.2,45749,33.7,031,N,96.2,031914101,031914
033902101,36,50,51,3,311,1,278,16,17,71,.,.,.,17.3,46473,25,033,N,97.4,033902101,033902
034903101,89,100,85,81,638,1,464,11,55,436,.,.,.,13.2,42538,41.6,034,N,96.1,034903101,034903
034905102,49,47,50,83,355,5,207,7,31,273,.,.,.,15.1,42797,28,034,N,96.4,034905102,034905
036901101,88,83,83,60,563,13,282,53,35,334,.,.,.,14.5,49493,38.7,036,N,96.9,036901101,036901
038901102,86,80,92,25,572,11,305,33,44,320,.,.,.,14.4,42568,39.2,038,N,96.7,038901102,038901
043905109,130,136,120,41,724,436,177,156,44,28,.,.,.,6.3,50250,42.9,043,N,98,043905109,043905
043905112,121,128,130,31,705,102,447,69,46,36,.,.,.,10.2,53002,40.7,043,N,97.8,043905112,043905
043905113,121,124,111,67,693,88,414,55,52,76,.,.,.,9.9,52283,42.1,043,N,97.6,043905113,043905
043911101,104,74,99,55,692,2,320,16,75,389,.,.,.,10.4,48734,47.2,043,N,96.9,043911101,043911
043917101,59,63,49,3,350,0,272,26,21,217,.,.,.,9.1,38853,21.8,043,N,96.7,043917101,043917
044902101,48,38,34,9,321,0,141,4,33,205,.,.,.,10.5,39256,21.1,044,N,97.2,044902101,044902
046901106,89,66,103,8,602,11,306,15,50,189,.,.,.,11.7,49930,35.5,046,N,96.9,046901106,046901
046902101,69,68,68,6,405,1,260,54,79,98,.,.,.,11.3,50698,30,046,N,96.3,046902101,046902
046902102,108,103,105,26,620,7,411,71,72,82,.,.,.,12.3,50911,41,046,N,96.2,046902102,046902
046902113,87,103,85,2,514,2,341,26,38,233,.,.,.,13.1,51440,34.5,046,N,95.2,046902113,046902
046902115,73,102,108,7,559,4,218,40,80,329,.,.,.,12.7,51381,38.9,046,N,95.8,046902115,046902
046902120,56,68,64,1,393,3,269,25,57,198,.,.,.,10.5,49796,28.7,046,N,95.7,046902120,046902
046902121,37,50,54,7,271,0,173,38,60,35,.,.,.,11.5,50554,24,046,N,96.7,046902121,046902
046902123,80,84,90,9,515,6,236,40,79,185,.,.,.,9.2,49504,38.2,046,N,96.4,046902123,046902
052901101,86,93,81,15,606,0,121,29,48,273,.,.,.,12.2,54276,39.9,052,N,94.9,052901101,052901
053001103,81,60,69,1,488,1,123,15,31,298,.,.,.,9.7,43132,30.9,053,N,96.2,053001103,053001
054903102,48,37,45,6,327,0,77,4,24,273,.,.,.,7.6,37170,22.7,054,N,95.7,054903102,054903
057903102,113,100,91,25,640,13,38,26,65,584,.,.,.,11.3,53958,39.9,057,N,96.6,057903102,057903
057903105,76,89,99,24,592,32,50,29,61,459,.,.,.,8.6,51139,35.5,057,N,97.1,057903105,057903
057903109,71,86,74,17,566,4,41,6,74,494,.,.,.,10.3,53416,32.5,057,N,97.4,057903109,057903
057903112,60,48,54,34,327,44,131,25,52,107,.,.,.,9.4,52440,25,057,N,97.3,057903112,057903
057903116,43,54,63,34,375,31,96,18,55,263,.,.,.,11.2,54187,26.5,057,N,97.2,057903116,057903
057903118,65,63,62,54,444,79,156,11,46,202,.,.,.,16.1,56300,26.5,057,N,97.4,057903118,057903
057903121,71,66,70,273,465,59,46,17,49,337,.,.,.,6.8,51331,27.4,057,N,96.3,057903121,057903
057903123,50,55,43,109,361,108,49,10,45,153,.,.,.,8.9,52502,23.5,057,N,96.7,057903123,057903
057903124,77,81,65,194,513,26,70,17,85,336,.,.,.,11.4,54278,34,057,N,96.8,057903124,057903
057903128,85,95,71,164,540,283,35,32,32,176,.,.,.,7.2,51385,32.5,057,N,96.7,057903128,057903
057904108,65,58,48,215,397,15,57,7,75,259,.,.,.,9.1,50586,23.3,057,N,97,057904108,057904
057905109,110,91,96,343,742,0,10,99,34,673,.,.,.,14.8,55639,48,057,N,96,057905109,057905
057905110,124,88,94,129,669,1,17,46,38,625,.,.,.,6.3,50151,42,057,N,95.9,057905110,057905
057905120,91,101,98,19,690,0,12,62,40,630,.,.,.,9.9,52506,44.2,057,N,97.4,057905120,057905
057905122,52,75,49,176,401,0,5,30,29,360,.,.,.,6.2,50036,29,057,N,97.1,057905122,057905
057905125,102,98,118,40,739,10,24,66,66,656,.,.,.,11.4,53568,47.1,057,N,96.9,057905125,057905
057905129,108,76,97,312,733,0,14,65,63,653,.,.,.,7.4,50620,41,057,N,95.5,057905129,057905
057905139,77,80,67,476,590,0,6,63,36,527,.,.,.,11.4,53824,41,057,N,95.5,057905139,057905
057905142,120,99,90,595,697,1,9,39,33,605,.,.,.,11.6,53864,40,057,N,94.4,057905142,057905
057905145,124,122,97,17,832,1,7,99,84,762,.,.,.,9.4,52794,55.5,057,N,96.6,057905145,057905
057905147,105,127,86,149,794,57,36,106,39,671,.,.,.,12.5,54615,46,057,N,96.9,057905147,057905
057905148,39,31,29,22,289,5,12,30,33,268,.,.,.,12,54457,23.2,057,N,96.7,057905148,057905
057905149,72,86,66,9,546,0,2,60,21,519,.,.,.,7.3,51038,35.5,057,N,97.2,057905149,057905
057905154,105,117,111,134,774,3,27,47,58,685,.,.,.,10,52686,46.2,057,N,96.4,057905154,057905
057905156,60,57,58,35,455,0,6,42,32,440,.,.,.,8.8,51164,36,057,N,96.2,057905156,057905
057905163,71,91,52,250,494,0,5,46,36,443,.,.,.,9.2,51459,36,057,N,96.4,057905163,057905
057905164,92,103,105,11,714,1,4,88,43,628,.,.,.,11.2,52847,46,057,N,96.8,057905164,057905
057905166,109,96,103,58,738,4,24,78,26,651,.,.,.,8.9,50868,45.1,057,N,97.5,057905166,057905
057905167,106,88,58,123,619,4,74,68,43,571,.,.,.,6.9,50932,41.5,057,N,97.2,057905167,057905
057905169,80,77,73,99,540,6,56,62,46,414,.,.,.,9.5,52009,38.5,057,N,97.2,057905169,057905
057905174,58,44,54,33,351,6,64,59,39,259,.,.,.,10.3,52773,26,057,N,97.3,057905174,057905
057905175,96,92,97,403,638,0,1,21,34,602,.,.,.,8.4,52043,37,057,N,95.4,057905175,057905
057905176,98,79,82,49,631,94,10,18,23,581,.,.,.,7.1,50746,41.6,057,N,96.9,057905176,057905
057905180,83,66,71,28,566,0,7,81,44,554,.,.,.,10.4,52946,38,057,N,96.7,057905180,057905
057905183,82,76,81,392,515,1,3,25,30,430,.,.,.,11.6,53987,34,057,N,96.2,057905183,057905
057905187,106,116,108,98,745,0,19,78,65,728,.,.,.,8.8,51556,46.5,057,N,96.7,057905187,057905
057905189,64,41,59,263,384,0,2,28,23,341,.,.,.,7.7,51196,32.5,057,N,96.4,057905189,057905
057905192,58,58,58,4,405,0,4,28,29,375,.,.,.,8.4,51322,27,057,N,97.3,057905192,057905
057905193,91,69,74,69,554,1,17,38,29,516,.,.,.,12.7,54209,34.7,057,N,97.4,057905193,057905
057905194,76,103,113,152,545,6,18,122,27,491,.,.,.,11,53800,36.5,057,N,97.1,057905194,057905
057905200,123,117,92,502,788,2,3,46,21,679,.,.,.,11.4,54111,44.3,057,N,96.9,057905200,057905
057905203,67,66,50,73,505,12,62,63,40,415,.,.,.,9.2,51140,36.5,057,N,97.6,057905203,057905
057905207,85,73,71,71,540,0,14,23,49,540,.,.,.,9.6,52361,36,057,N,97.5,057905207,057905
057905208,98,106,91,94,653,0,154,73,49,567,.,.,.,11.9,53421,40,057,N,96.6,057905208,057905
057905210,125,113,126,37,809,10,7,84,31,771,.,.,.,12.4,54220,45,057,N,97.2,057905210,057905
057905215,64,66,66,447,476,0,0,44,34,396,.,.,.,13.8,55454,30,057,N,96.6,057905215,057905
057905220,67,71,44,232,368,2,2,41,25,320,.,.,.,9.7,52409,30.5,057,N,95.8,057905220,057905
057905224,43,35,47,45,375,0,29,74,48,302,.,.,.,11.4,53154,31.5,057,N,97.3,057905224,057905
057905225,118,111,89,306,737,0,8,55,50,650,.,.,.,11.2,53839,39.5,057,N,95.9,057905225,057905
057905230,69,65,54,6,437,6,154,58,28,285,.,.,.,12.8,54630,30.3,057,N,97.3,057905230,057905
057905235,56,54,54,346,407,0,6,12,33,320,.,.,.,12.6,53676,29,057,N,96.1,057905235,057905
057905236,74,91,64,168,560,2,9,28,44,480,.,.,.,7.9,51125,40.8,057,N,95.5,057905236,057905
057905237,107,82,100,239,731,0,16,90,37,634,.,.,.,10.5,53391,45,057,N,96.8,057905237,057905
057905240,126,97,105,291,749,5,19,65,30,682,.,.,.,8.5,52636,42.5,057,N,95.8,057905240,057905
057905247,90,110,99,145,711,0,12,59,49,696,.,.,.,9.6,52420,42,057,N,96.9,057905247,057905
057905266,86,74,68,297,566,0,9,55,31,523,.,.,.,10,53308,40,057,N,96.9,057905266,057905
057905279,93,86,112,225,715,45,62,81,78,494,.,.,.,11.9,53248,46,057,N,97.5,057905279,057905
057905280,152,165,126,212,1137,32,47,126,62,984,.,.,.,11.8,54339,66.5,057,N,97,057905280,057905
057905284,140,102,106,126,864,4,18,66,30,798,.,.,.,12.2,54099,50.5,057,N,96.9,057905284,057905
057905286,107,96,65,125,704,240,39,67,33,641,.,.,.,8,51380,41.7,057,N,97.8,057905286,057905
057905289,92,89,72,12,567,1,7,58,19,499,.,.,.,6.3,50447,35,057,N,97,057905289,057905
057905304,125,94,85,168,667,17,68,66,49,572,.,.,.,7.2,51110,41.5,057,N,96.5,057905304,057905
057906103,87,72,98,440,536,0,16,51,35,458,.,.,.,10.6,49986,30.9,057,N,97.2,057906103,057906
057906106,79,86,76,450,545,5,21,33,69,433,.,.,.,10.2,49603,32.3,057,N,96.2,057906106,057906
057906107,85,87,98,491,565,1,10,36,83,397,.,.,.,6.2,47775,37.3,057,N,97.7,057906107,057906
057909109,59,60,58,47,346,5,45,0,44,273,.,.,.,11.6,52564,25,057,N,97,057909109,057909
057909113,73,58,65,54,439,1,64,4,55,351,.,.,.,13.6,53232,33.9,057,N,96.1,057909113,057909
057909116,60,55,66,102,514,42,62,2,59,397,.,.,.,11.2,52623,31,057,N,97.4,057909116,057909
057909120,82,70,68,56,441,5,39,5,47,375,.,.,.,11,52042,31.9,057,N,96.6,057909120,057909
057909138,103,106,99,111,639,145,92,9,46,457,.,.,.,11.1,52134,38.4,057,N,97.5,057909138,057909
057909154,82,98,85,98,513,31,192,11,41,215,.,.,.,9.6,51668,32.7,057,N,96.7,057909154,057909
057909155,123,122,125,61,789,125,373,37,61,282,.,.,.,10.9,52165,46,057,N,97.3,057909155,057909
057909157,112,113,102,230,670,54,153,4,62,401,.,.,.,8.9,51422,41.3,057,N,96.9,057909157,057909
057909158,101,95,97,80,617,21,193,14,62,314,.,.,.,10.8,52151,37,057,N,97.2,057909158,057909
057909159,104,103,108,144,715,62,98,3,56,529,.,.,.,9.7,52006,40.5,057,N,97.1,057909159,057909
057910119,114,142,138,133,887,30,83,39,68,686,.,.,.,8.6,52018,53.3,057,N,96.8,057910119,057910
057910126,105,79,107,90,635,16,106,37,59,457,.,.,.,8.6,52744,38.9,057,N,96.5,057910126,057910
057912103,94,108,119,41,668,7,35,128,64,585,.,.,.,9.2,55626,48,057,N,97,057912103,057912
057913106,90,69,76,500,558,3,16,61,45,459,.,.,.,9,52694,31,057,N,96.8,057913106,057913
057913107,88,63,80,562,621,1,3,28,45,536,.,.,.,7.2,52940,35.5,057,N,95.7,057913107,057913
057914104,140,154,122,258,998,11,106,17,92,891,.,.,.,10.4,53290,62.5,057,N,96.5,057914104,057914
057914112,119,145,133,303,872,5,131,16,68,783,.,.,.,9.5,53078,53.6,057,N,97.1,057914112,057914
057914116,157,117,109,111,876,2,56,10,58,833,.,.,.,7.6,52608,52.3,057,N,97,057914116,057914
057914123,67,86,95,126,473,31,131,35,57,242,.,.,.,11.5,54273,30.9,057,N,97.8,057914123,057914
057914132,146,133,115,129,913,11,89,23,91,686,.,.,.,7,51957,56.8,057,N,97.3,057914132,057914
057922110,85,94,104,23,638,510,58,77,31,42,.,.,.,8.2,53334,37,057,N,97.8,057922110,057922
057922111,98,98,103,19,591,195,177,81,37,89,.,.,.,9.8,54880,39,057,N,97.2,057922111,057922
057922112,109,85,76,35,539,397,46,47,21,57,.,.,.,5.7,52478,33,057,N,.,057922112,057922
061901107,122,113,87,44,651,28,328,68,66,352,.,.,.,11,52719,48.7,061,N,96.3,061901107,061901
061901109,103,95,85,54,588,2,353,73,74,273,.,.,.,15.5,55730,44.8,061,N,97.2,061901109,061901
061901123,91,72,98,104,536,23,328,27,74,225,.,.,.,10,52573,38,061,N,96.7,061901123,061901
061901125,78,80,80,112,592,17,304,45,62,260,.,.,.,11.2,53170,40.4,061,N,96.6,061901125,061901
061902101,150,123,132,3,975,5,26,23,79,903,.,.,.,7.6,52440,66.4,061,N,97.7,061902101,061902
061902106,104,103,97,150,649,52,255,30,84,339,.,.,.,10.7,53216,41.6,061,N,97.1,061902106,061902
061902107,67,72,82,70,477,32,225,20,47,225,.,.,.,9.7,52653,33.7,061,N,97.1,061902107,061902
061902108,66,75,76,23,470,36,290,26,61,126,.,.,.,14.5,54613,32.5,061,N,97.1,061902108,061902
061902111,60,64,49,102,415,15,136,15,42,271,.,.,.,13.4,54529,30.5,061,N,96.7,061902111,061902
061902112,99,92,91,21,495,35,361,48,47,63,.,.,.,15.7,55252,35.7,061,N,97.1,061902112,061902
061902113,99,103,114,90,628,99,272,51,38,197,.,.,.,9.3,52235,39.2,061,N,97.5,061902113,061902
061902114,79,86,95,12,516,13,444,36,64,29,.,.,.,13.6,54563,37.6,061,N,96.9,061902114,061902
061902115,74,66,80,77,494,19,224,27,72,249,.,.,.,12.5,54814,38.1,061,N,97,061902115,061902
061902117,95,88,80,14,496,48,343,36,76,46,.,.,.,14.1,55047,36.1,061,N,97.2,061902117,061902
061902118,94,97,124,61,599,246,166,53,40,150,.,.,.,15.7,56245,38,061,N,98,061902118,061902
061902120,81,88,91,18,463,61,283,73,48,48,.,.,.,17,55641,30.5,061,N,97.8,061902120,061902
061902125,62,69,65,138,466,111,118,28,59,225,.,.,.,11.6,53625,31.8,061,N,97.4,061902125,061902
061902128,83,103,103,25,544,87,358,74,74,58,.,.,.,15.1,56870,37.1,061,N,97.5,061902128,061902
061902130,135,143,135,20,899,202,570,73,57,31,.,.,.,14.6,55407,54.8,061,N,97.6,061902130,061902
061902134,98,122,112,48,613,69,396,28,46,31,.,.,.,11.6,53581,43.3,061,N,97.1,061902134,061902
061902140,101,114,104,135,614,225,150,37,73,153,.,.,.,11.7,53291,42.2,061,N,97.9,061902140,061902
061902142,92,108,74,31,789,173,104,33,52,412,.,.,.,7.9,52057,51.9,061,N,97,061902142,061902
061906101,102,85,106,12,610,2,444,32,49,290,.,.,.,15.1,52039,43.5,061,N,96,061906101,061906
061907102,95,83,88,43,640,4,447,23,58,212,.,.,.,9.1,46718,36.4,061,N,97,061907102,061907
061908104,73,75,64,22,500,5,328,14,46,263,.,.,.,10.9,48642,32.2,061,N,96.9,061908104,061908
061911107,105,120,125,39,730,31,406,61,52,165,.,.,.,8.7,54451,45.9,061,N,96.9,061911107,061911
061911108,91,87,90,12,558,5,339,32,54,281,.,.,.,12.3,56486,37.1,061,N,95.6,061911108,061911
061911113,85,76,96,57,545,23,333,36,51,132,.,.,.,12.6,57216,35.9,061,N,96.7,061911113,061911
061911116,136,120,115,83,764,62,399,51,50,163,.,.,.,8.8,54598,48.2,061,N,96.5,061911116,061911
061911118,84,63,70,44,525,4,322,31,51,138,.,.,.,6.2,53403,37.8,061,N,96.2,061911118,061911
061912101,100,114,139,41,721,11,379,35,66,402,.,.,.,11.9,50123,47.5,061,N,96.6,061912101,061912
061912105,77,76,78,26,514,16,318,20,92,203,.,.,.,11.6,51314,38,061,N,96.9,061912105,061912
061914104,110,108,115,120,733,23,319,16,90,314,.,.,.,11.7,53167,42.2,061,N,97,061914104,061914
061914108,81,98,88,25,616,4,186,11,32,406,.,.,.,10.9,52465,39,061,N,96.6,061914108,061914
067902101,74,68,60,1,446,3,354,11,42,256,.,.,.,13.2,40688,31,067,N,97,067902101,067902
067903101,94,69,85,6,527,6,339,14,45,357,.,.,.,12.5,39591,37.9,067,N,96.6,067903101,067903
070908104,99,107,103,18,611,12,436,18,71,141,.,.,.,15.7,49545,41.6,070,N,96.9,070908104,070908
070908106,94,122,125,26,705,6,548,29,70,119,.,.,.,13.7,49356,43.6,070,N,97.3,070908106,070908
070908107,96,100,103,29,646,9,283,15,74,344,.,.,.,11.8,49224,47,070,N,97.4,070908107,070908
070908108,81,92,87,20,543,5,420,18,53,135,.,.,.,11.7,47486,37.3,070,N,97.1,070908108,070908
070912106,97,100,91,21,551,0,202,18,54,371,.,.,.,9.2,48225,37,070,N,96.8,070912106,070912
070912108,121,108,103,63,744,5,279,21,83,490,.,.,.,12.5,50877,45.3,070,N,96.9,070912108,070912
070912111,76,79,82,142,459,0,161,6,63,316,.,.,.,13,51231,31.8,070,N,96.7,070912111,070912
070912112,52,49,50,94,420,2,159,3,68,311,.,.,.,8.3,49596,31.3,070,N,.,070912112,070912
071901101,151,176,176,5,1058,1,30,29,91,931,.,.,.,10.3,52227,58.5,071,N,97.2,071901101,071901
071901103,178,165,170,23,1150,10,92,26,99,803,.,.,.,10.2,52377,58.5,071,N,96.9,071901103,071901
071901104,104,107,99,1,718,1,18,21,67,677,.,.,.,10.8,52743,41.7,071,N,96.8,071901104,071901
071901105,189,181,152,1,1140,0,60,24,75,1078,.,.,.,12.3,53491,61.5,071,N,96.8,071901105,071901
071902103,80,80,89,1,572,0,9,27,89,499,.,.,.,15.1,52175,43.8,071,N,97,071902103,071902
071902105,93,95,73,100,655,3,230,26,73,434,.,.,.,11.3,50482,41.8,071,N,95.4,071902105,071902
071902106,44,45,38,15,303,5,14,11,82,237,.,.,.,10.8,50397,25.5,071,N,95.8,071902106,071902
071902111,71,87,76,0,561,0,2,45,53,521,.,.,.,14.4,52053,36.4,071,N,96.3,071902111,071902
071902115,57,39,48,17,327,3,25,12,34,283,.,.,.,12.7,51160,23.4,071,N,96.5,071902115,071902
071902116,78,93,100,20,579,1,54,32,79,519,.,.,.,13.2,50414,34.2,071,N,96.8,071902116,071902
071902141,73,74,73,8,514,0,10,22,50,457,.,.,.,11.3,49514,33.2,071,N,96,071902141,071902
071902144,29,36,44,0,251,4,1,4,38,230,.,.,.,9.3,47552,22,071,N,97.6,071902144,071902
071902151,53,44,46,13,379,4,57,39,56,180,.,.,.,17.7,54710,25,071,N,97,071902151,071902
071902155,83,90,88,9,547,3,17,12,73,499,.,.,.,15,52242,37.1,071,N,95.7,071902155,071902
071902158,50,59,58,41,389,7,40,57,56,329,.,.,.,12.8,48672,28.8,071,N,96.7,071902158,071902
071902162,67,60,62,13,415,18,39,61,56,275,.,.,.,15.2,52325,30.4,071,N,96.9,071902162,071902
071902163,92,78,96,17,610,5,39,56,69,449,.,.,.,18.9,53907,41.5,071,N,96.4,071902163,071902
071902166,109,91,116,15,702,33,96,96,68,290,.,.,.,12.4,50553,45.9,071,N,97.2,071902166,071902
071902169,76,71,69,17,589,0,11,11,87,530,.,.,.,10.5,49660,40.4,071,N,95.8,071902169,071902
071902174,85,76,77,5,484,1,21,41,71,346,.,.,.,12.4,50878,38.2,071,N,96.7,071902174,071902
071902175,80,73,73,102,615,10,216,22,87,384,.,.,.,8.9,45907,38.6,071,N,96.4,071902175,071902
071905113,92,79,109,34,873,2,49,24,130,758,.,.,.,11,50302,51.8,071,N,97.3,071905113,071905
071905129,136,125,118,17,869,0,37,72,89,702,.,.,.,12.2,51605,56.3,071,N,97.2,071905129,071905
071905131,92,99,99,14,657,0,30,27,108,518,.,.,.,13.1,51849,43.5,071,N,96.6,071905131,071905
071907103,107,102,94,19,665,7,60,49,56,394,.,.,.,10.5,51138,40,071,N,96.5,071907103,071907
071909103,82,76,83,13,817,5,79,6,72,634,.,.,.,13.4,52511,38.7,071,N,96.9,071909103,071909
071909105,106,113,104,26,782,8,35,49,68,495,.,.,.,11.7,50789,40.9,071,N,96.9,071909105,071909
071909109,80,66,75,23,865,7,54,32,79,692,.,.,.,15.1,53663,39.7,071,N,96.8,071909109,071909
071909113,122,115,159,18,824,6,32,21,100,612,.,.,.,11.6,51695,48.2,071,N,96.9,071909113,071909
071909114,145,135,144,16,923,11,54,14,89,674,.,.,.,9.5,49201,49.7,071,N,96.6,071909114,071909
071909119,199,154,173,45,1135,10,80,30,93,686,.,.,.,13.8,52808,59.1,071,N,97.4,071909119,071909
071909121,106,116,121,19,726,10,43,42,70,375,.,.,.,12.2,51069,41.3,071,N,97.3,071909121,071909
075903102,40,57,48,48,347,2,126,19,37,248,.,.,.,10.4,41273,21.6,075,N,97,075903102,075903
079901107,81,98,76,80,526,6,59,21,49,392,.,.,.,11.5,55208,35.4,079,N,96.7,079901107,079901
079901112,87,91,111,137,679,6,100,19,58,370,.,.,.,8.3,53043,36.8,079,N,96.3,079901112,079901
079901114,84,91,87,59,570,18,323,29,45,117,.,.,.,15.8,57129,33,079,N,97.3,079901114,079901
079901116,102,96,92,90,606,0,14,14,45,381,.,.,.,10.6,53481,39.6,079,N,96.5,079901116,079901
079901118,72,57,58,45,393,0,8,11,42,296,.,.,.,11,52120,31.6,079,N,96.4,079901118,079901
079901119,110,125,138,55,701,61,465,163,56,19,.,.,.,12.5,55831,41.5,079,N,97.4,079901119,079901
079901122,104,100,100,143,682,30,215,47,59,326,.,.,.,12.7,55948,38,079,N,97.6,079901122,079901
079901123,118,129,100,270,833,170,128,39,33,224,.,.,.,9.3,54485,45.4,079,N,97.8,079901123,079901
079901125,152,152,143,246,1005,62,179,25,67,517,.,.,.,5.2,51940,53.6,079,N,97.2,079901125,079901
079901126,183,144,143,254,1082,129,376,52,59,208,.,.,.,5.5,52125,55.1,079,N,97.6,079901126,079901
079901127,76,83,83,93,566,67,263,51,45,86,.,.,.,9.4,53712,33,079,N,97.4,079901127,079901
079907108,107,106,94,326,625,2,11,4,40,532,.,.,.,9.8,54573,45,079,N,96.2,079907108,079907
079907109,119,100,110,228,712,0,2,1,39,633,.,.,.,11.1,54989,45.4,079,N,96.2,079907109,079907
079907118,131,139,122,171,788,35,53,11,68,621,.,.,.,11,55434,55.8,079,N,96.9,079907118,079907
079907120,121,116,121,57,769,366,194,79,70,106,.,.,.,11.8,55617,51.6,079,N,97.9,079907120,079907
079907121,93,117,127,269,589,113,75,15,47,172,.,.,.,13,56630,42.8,079,N,97.4,079907121,079907
079907122,63,78,67,374,437,1,17,4,34,342,.,.,.,14.3,57440,33.4,079,N,96.2,079907122,079907
079907123,69,90,91,53,549,201,167,38,46,106,.,.,.,15.8,59153,40.8,079,N,97.2,079907123,079907
079907124,83,76,84,202,493,74,17,10,42,317,.,.,.,11.1,54462,39.2,079,N,97.3,079907124,079907
079907125,101,85,99,66,630,39,370,21,64,106,.,.,.,15.3,57767,40.3,079,N,96.6,079907125,079907
079907127,140,137,131,81,774,409,114,32,54,260,.,.,.,10,54818,50.8,079,N,97.6,079907127,079907
079907128,105,125,140,40,767,435,194,117,34,47,.,.,.,11.1,55884,46.2,079,N,98,079907128,079907
079907133,122,106,117,162,727,151,34,12,30,457,.,.,.,12.1,56236,49.8,079,N,96.8,079907133,079907
079907139,124,95,106,384,657,3,9,3,50,447,.,.,.,10.5,54892,47.8,079,N,97,079907139,079907
079907142,173,160,179,127,985,72,599,96,53,20,.,.,.,12.1,56145,57.3,079,N,97.5,079907142,079907
079907144,109,100,90,152,645,28,20,4,47,539,.,.,.,10,54676,46.7,079,N,97.3,079907144,079907
079907145,221,187,229,254,1235,297,390,49,40,178,.,.,.,9.7,54814,83.7,079,N,97.6,079907145,079907
079907146,96,92,97,245,559,0,7,2,51,369,.,.,.,8.3,53921,43.2,079,N,97.4,079907146,079907
079907150,69,74,72,104,516,8,30,6,47,378,.,.,.,9.5,54420,41,079,N,96.7,079907150,079907
084910101,90,97,91,69,572,42,233,38,51,255,.,.,.,9.4,52870,37.7,084,N,96.4,084910101,084910
084910103,66,75,74,42,567,12,163,19,81,400,.,.,.,8.9,52739,40.4,084,N,95.3,084910103,084910
084910104,95,105,115,45,705,38,386,21,81,253,.,.,.,11.6,54974,42,084,N,96.6,084910104,084910
084910105,109,122,127,33,780,36,514,37,101,282,.,.,.,11.6,54357,44.3,084,N,96.1,084910105,084910
084910106,90,115,99,20,753,10,260,68,61,435,.,.,.,9.3,52727,44,084,N,96.3,084910106,084910
084910107,106,92,118,139,790,10,95,38,70,578,.,.,.,11.5,53297,54.6,084,N,96.5,084910107,084910
084910108,109,109,114,87,773,103,248,17,101,391,.,.,.,9.4,52473,48.7,084,N,96,084910108,084910
084910110,118,103,114,90,738,124,223,38,94,309,.,.,.,9.3,52544,44.9,084,N,96.5,084910110,084910
084910111,90,61,63,40,495,61,227,37,42,163,.,.,.,9.3,52598,29.7,084,N,96.4,084910111,084910
084910115,131,102,117,33,755,31,466,59,92,116,.,.,.,13.3,54438,48,084,N,96.7,084910115,084910
084910118,110,122,117,16,714,129,241,111,59,251,.,.,.,15,56464,43,084,N,97.1,084910118,084910
084910119,127,107,126,70,789,29,381,49,95,367,.,.,.,9.2,53429,48,084,N,96.1,084910119,084910
084910121,131,116,127,66,817,222,314,86,65,201,.,.,.,8.9,51706,46.8,084,N,96.9,084910121,084910
084910122,94,111,94,61,734,41,406,38,95,198,.,.,.,12.9,55004,42.9,084,N,96.5,084910122,084910
084910123,137,150,140,58,886,67,529,36,85,99,.,.,.,11.5,53554,51.3,084,N,97,084910123,084910
084910124,92,86,87,55,603,108,271,75,67,190,.,.,.,12,55632,40,084,N,96.8,084910124,084910
084910125,145,119,186,107,913,314,100,85,89,351,.,.,.,11.3,53873,59,084,N,97.3,084910125,084910
086902101,38,44,41,1,255,1,223,0,23,102,15,.,.,12.5,46678,15.9,086,N,96.5,086902101,086902
090904105,85,87,79,35,634,4,180,15,48,558,.,.,.,11.4,47421,39.2,090,N,96.6,090904105,090904
091910101,53,51,68,19,341,2,260,22,20,186,.,.,.,15.5,46128,23.4,091,N,96.8,091910101,091910
092903122,97,93,90,222,719,7,139,1,57,586,.,.,.,12.7,46306,43.1,092,N,96.2,092903122,092903
092903123,95,87,89,213,714,17,338,12,60,411,.,.,.,13.7,47163,44.6,092,N,96,092903123,092903
092903124,101,81,79,232,688,0,22,6,39,653,.,.,.,15.4,48004,44,092,N,96.7,092903124,092903
095901101,58,55,56,2,369,0,134,43,29,225,.,.,.,15.7,42964,25.4,095,N,96.8,095901101,095901
095905108,82,66,85,19,562,2,144,59,53,407,.,.,.,12.6,48213,37.1,095,N,96,095905108,095905
097902102,55,54,63,1,376,2,305,15,43,208,.,.,.,13,43142,27.6,097,N,96.6,097902102,097902
098904101,67,69,78,0,455,1,132,15,13,274,.,.,.,13.5,46102,36.1,098,N,96.6,098904101,098904
100905102,63,59,56,69,433,2,268,18,38,220,20.3,.,.,14.7,43418,31.7,100,N,96.3,100905102,100905
100908101,35,40,49,1,288,0,263,20,14,157,.,.,.,9,37149,20,100,N,93.8,100908101,100908
101903101,163,154,32,134,998,96,44,16,87,865,.,.,.,8.1,54527,72,101,N,96.7,101903101,101903
101903108,106,118,118,132,853,209,20,39,63,665,.,.,.,9.2,55850,59,101,N,97.1,101903108,101903
101907103,133,143,150,182,957,97,328,36,83,467,.,.,.,11.5,55923,57.3,101,N,96.8,101907103,101907
101907105,154,126,135,141,982,124,216,21,68,523,.,.,.,12.7,56893,57.3,101,N,97,101907105,101907
101907106,144,147,141,236,1104,18,60,13,100,1098,.,.,.,7,53494,67.1,101,N,96.7,101907106,101907
101907107,136,139,135,87,865,109,312,41,63,401,.,.,.,12.4,56224,54.3,101,N,96.9,101907107,101907
101907108,173,162,140,313,954,124,170,13,102,599,.,.,.,8.1,53267,61,101,N,97.1,101907108,101907
101907109,158,135,127,143,983,59,247,26,49,548,.,.,.,12.4,56580,58.3,101,N,96.4,101907109,101907
101907112,163,139,148,368,1065,70,105,14,50,894,.,.,.,8,52893,62,101,N,96.8,101907112,101907
101907113,169,152,163,154,1085,84,136,10,88,725,.,.,.,7.3,53630,65.7,101,N,97,101907113,101907
101907116,121,166,156,142,884,41,359,19,70,349,.,.,.,12.4,56436,47.3,101,N,97,101907116,101907
101907117,116,104,114,79,772,78,37,11,45,612,.,.,.,9.5,54991,53.5,101,N,97.6,101907117,101907
101907118,126,124,148,95,860,106,173,28,67,454,.,.,.,13.7,57334,53.5,101,N,97,101907118,101907
101907119,147,149,129,129,969,75,177,20,84,629,.,.,.,10.1,54145,57.8,101,N,96.8,101907119,101907
101907120,136,120,123,186,849,68,167,21,70,521,.,.,.,10,55351,52.4,101,N,96.6,101907120,101907
101907121,122,145,117,106,882,52,167,19,92,531,.,.,.,12,56028,52.5,101,N,97,101907121,101907
101907122,135,163,141,198,965,19,99,10,72,724,.,.,.,11.7,55935,58,101,N,96.8,101907122,101907
101907124,178,156,183,275,1129,125,351,32,107,523,.,.,.,9.5,55064,61,101,N,96.8,101907124,101907
101907125,162,131,156,218,952,74,216,24,66,546,.,.,.,8.6,54423,59,101,N,96.3,101907125,101907
101907126,160,156,156,43,961,130,594,90,73,74,.,.,.,10.2,55214,53.4,101,N,97.2,101907126,101907
101907127,154,156,140,148,994,96,68,13,59,794,.,.,.,8.3,53566,55.9,101,N,97.4,101907127,101907
101907128,129,127,114,59,831,21,63,13,66,694,.,.,.,7.6,53986,52.5,101,N,97.1,101907128,101907
101907129,143,177,156,62,1106,166,89,20,87,796,.,.,.,6.2,53269,66,101,N,97.4,101907129,101907
101907130,168,173,178,183,1055,143,372,67,64,309,.,.,.,12.9,56528,56.2,101,N,97.4,101907130,101907
101907131,153,158,138,134,931,190,114,31,95,593,.,.,.,9.5,54896,54.4,101,N,97.6,101907131,101907
101907133,152,156,195,93,1001,58,560,43,52,230,.,.,.,11.4,55693,52,101,N,96.8,101907133,101907
101907134,142,142,152,125,932,112,118,45,77,628,.,.,.,8.2,54065,57.2,101,N,97.5,101907134,101907
101907135,167,180,215,140,1118,105,522,58,65,298,.,.,.,14.4,57495,59.9,101,N,96.8,101907135,101907
101907137,161,164,151,271,1067,22,117,20,105,757,.,.,.,7.8,53965,59.4,101,N,96.7,101907137,101907
101907138,194,190,207,19,1078,130,759,125,69,20,.,.,.,16.4,58373,54,101,N,97.5,101907138,101907
101907139,189,211,206,196,1209,207,427,85,109,305,.,.,.,13.9,57496,68.8,101,N,97.3,101907139,101907
101907140,151,154,162,102,931,45,487,41,70,204,.,.,.,17.6,59427,46.6,101,N,97,101907140,101907
101907141,169,171,172,193,1167,62,88,11,82,924,.,.,.,8.2,54164,64.5,101,N,97.3,101907141,101907
101907144,150,165,156,87,1006,166,119,38,62,615,.,.,.,7,53851,60,101,N,97.5,101907144,101907
101907145,160,154,160,272,1040,94,150,17,82,754,.,.,.,10.3,55361,65.4,101,N,96.9,101907145,101907
101907146,172,182,176,383,1234,48,82,13,97,967,.,.,.,9.7,55070,72,101,N,97.1,101907146,101907
101907147,169,159,157,244,1133,183,304,30,84,337,.,.,.,9.2,54844,54.9,101,N,97.4,101907147,101907
101907150,167,161,162,319,1113,53,93,27,88,846,.,.,.,8.7,54860,62.5,101,N,97.2,101907150,101907
101907152,168,155,157,224,1100,33,86,6,103,829,.,.,.,8.1,53892,62.7,101,N,96.8,101907152,101907
101907153,193,217,200,82,1191,83,792,94,67,79,.,.,.,11.3,55686,61.4,101,N,97.2,101907153,101907
101907154,144,128,138,244,911,39,110,18,79,641,.,.,.,7.1,53506,54.5,101,N,97.5,101907154,101907
101910102,114,127,112,13,889,1,73,40,81,788,.,.,.,10.5,52971,51.4,101,N,97.1,101910102,101910
101910104,115,85,100,32,677,1,30,39,49,617,.,.,.,7.7,51819,40,101,N,97,101910104,101910
101910105,122,87,109,236,773,1,40,33,67,688,.,.,.,10.4,52717,47.8,101,N,96.2,101910105,101910
101910106,141,126,102,23,831,1,103,51,67,736,.,.,.,11.6,53179,49,101,N,97.2,101910106,101910
101910109,95,94,126,22,697,0,28,35,51,576,.,.,.,10.5,52855,42.6,101,N,96.7,101910109,101910
101910113,114,114,112,143,689,21,84,48,55,480,.,.,.,10.9,52886,37,101,N,97.5,101910113,101910
101910115,93,110,114,332,710,39,21,56,80,494,.,.,.,7.2,51777,42,101,N,97,101910115,101910
101911102,105,125,132,53,756,2,238,112,75,407,.,.,.,14.5,59187,44.7,101,N,96.9,101911102,101911
101911103,95,85,101,128,760,4,141,39,62,565,.,.,.,10.1,56541,50.2,101,N,96.8,101911103,101911
101911105,97,87,104,131,763,1,64,25,71,630,.,.,.,8.1,56490,44.9,101,N,96,101911105,101911
101911107,123,123,115,205,759,9,74,50,65,597,.,.,.,9.4,57567,49,101,N,96.4,101911107,101911
101911112,78,62,73,23,462,2,36,25,43,391,.,.,.,11.1,57157,31.4,101,N,96.4,101911112,101911
101911113,126,119,114,52,763,5,83,25,96,600,.,.,.,8.9,57222,50.7,101,N,96.5,101911113,101911
101911114,115,113,150,124,801,9,194,78,58,510,.,.,.,9.3,55718,47.4,101,N,96.6,101911114,101911
101911118,104,97,97,93,646,12,161,41,46,384,.,.,.,10.2,56415,38,101,N,97,101911118,101911
101911120,111,116,120,139,787,6,197,49,60,633,.,.,.,9.3,56502,45.4,101,N,96.1,101911120,101911
101911123,98,111,105,81,734,16,307,90,34,296,.,.,.,6.1,55240,41,101,N,.,101911123,101911
101912104,112,111,123,180,818,9,14,160,44,653,.,.,.,11.1,54260,41,101,N,97.3,101912104,101912
101912106,91,80,76,445,546,0,1,19,46,521,.,.,.,13.9,55050,27.7,101,N,98.8,101912106,101912
101912109,113,118,111,28,810,3,8,143,51,763,.,.,.,6.7,51548,42.5,101,N,97.6,101912109,101912
101912111,172,128,144,246,1083,13,19,118,47,1017,.,.,.,9.8,53788,61.6,101,N,96,101912111,101912
101912112,146,151,134,16,1004,15,12,118,59,884,.,.,.,10.7,53690,55.9,101,N,97.9,101912112,101912
101912114,149,133,130,39,946,6,3,102,55,921,.,.,.,10.3,53142,51.8,101,N,98.2,101912114,101912
101912116,137,133,137,59,844,146,341,167,31,229,.,.,.,8.3,50758,46.9,101,N,97.2,101912116,101912
101912117,56,60,64,3,426,0,3,78,43,383,.,.,.,13.7,55302,25.5,101,N,96.8,101912117,101912
101912128,160,151,136,8,1059,0,8,195,72,1002,.,.,.,10.1,53053,51.3,101,N,98.3,101912128,101912
101912136,123,88,103,73,761,45,13,102,58,670,.,.,.,9.3,52324,42,101,N,98,101912136,101912
101912140,91,92,70,235,640,0,6,91,55,566,.,.,.,6.7,51332,39,101,N,96,101912140,101912
101912149,153,130,112,182,944,34,122,91,42,702,.,.,.,10.8,53891,50.8,101,N,96.8,101912149,101912
101912151,132,129,127,269,825,20,22,145,43,708,18,.,.,14.6,56381,50.8,101,N,96.9,101912151,101912
101912152,75,55,50,28,478,3,20,74,29,429,.,.,.,12.3,54636,27,101,N,97.7,101912152,101912
101912153,66,62,46,129,419,4,9,33,59,372,.,.,.,9.5,52319,25.5,101,N,95.5,101912153,101912
101912169,109,108,102,37,706,24,320,277,26,148,.,.,.,10.5,53675,39,101,N,97.8,101912169,101912
101912179,65,65,65,339,445,0,1,36,37,391,.,.,.,7.9,52642,22.8,101,N,95.7,101912179,101912
101912181,95,82,75,15,646,0,7,51,43,607,.,.,.,11.6,54299,39.5,101,N,97.3,101912181,101912
101912185,54,66,54,358,417,1,3,15,28,392,.,.,.,9.1,53719,23,101,N,94.7,101912185,101912
101912187,73,70,51,172,436,2,1,38,32,403,.,.,.,9.3,52651,27,101,N,96.4,101912187,101912
101912188,107,120,93,192,796,0,5,80,46,690,.,.,.,12.8,54559,39,101,N,96.9,101912188,101912
101912189,91,101,99,102,662,80,263,263,42,174,.,.,.,12.7,55384,37,101,N,97.2,101912189,101912
101912192,107,117,102,16,801,8,5,161,49,648,.,.,.,9,53261,45.3,101,N,97.7,101912192,101912
101912198,76,54,52,16,427,5,29,107,32,379,.,.,.,14,55048,27.8,101,N,97.5,101912198,101912
101912199,117,114,115,158,700,73,221,296,33,233,.,.,.,9.2,51319,41,101,N,97.3,101912199,101912
101912203,92,93,88,494,633,0,1,22,60,513,.,.,.,8.4,52626,36,101,N,95.8,101912203,101912
101912210,95,99,87,19,634,0,13,73,39,546,.,.,.,16.5,57560,37.8,101,N,97.9,101912210,101912
101912213,71,51,58,265,423,0,5,11,35,366,.,.,.,12.3,54181,25.3,101,N,96,101912213,101912
101912215,135,133,135,224,836,28,182,212,53,454,.,.,.,11.9,54023,52.8,101,N,97.2,101912215,101912
101912217,81,84,68,302,610,0,8,54,42,535,.,.,.,10.4,53841,34.8,101,N,96.9,101912217,101912
101912219,190,164,169,142,1239,40,68,139,68,1100,.,.,.,12.4,54763,64.6,101,N,96.5,101912219,101912
101912222,55,55,37,4,349,0,2,51,21,343,.,.,.,12.1,49381,20.9,101,N,98.3,101912222,101912
101912224,94,100,76,177,665,30,75,166,62,450,.,.,.,12.4,54607,39.6,101,N,96.5,101912224,101912
101912227,112,117,108,147,864,10,26,84,51,754,.,.,.,13.2,54976,45,101,N,96.6,101912227,101912
101912241,71,84,64,47,533,9,110,97,48,306,.,.,.,11.6,54213,34,101,N,96.5,101912241,101912
101912242,125,137,104,216,903,0,26,67,74,746,.,.,.,9.8,53373,47.2,101,N,96.3,101912242,101912
101912243,71,72,82,463,540,0,3,30,46,408,.,.,.,12.4,54409,34,101,N,95.4,101912243,101912
101912245,94,108,83,82,763,4,36,46,54,627,.,.,.,9.3,53381,40.8,101,N,97.5,101912245,101912
101912247,70,57,58,329,405,0,1,13,38,364,.,.,.,11.6,54520,24.8,101,N,96.1,101912247,101912
101912248,150,162,146,81,1125,125,66,230,75,939,.,.,.,12.8,54992,57.4,101,N,97.2,101912248,101912
101912251,138,152,140,54,954,185,459,382,52,105,.,.,.,14.2,55427,53.1,101,N,97.2,101912251,101912
101912252,107,118,91,96,716,5,35,56,37,657,.,.,.,11.7,54515,43.5,101,N,96.5,101912252,101912
101912260,109,110,94,286,771,3,7,295,37,649,.,.,.,12.9,55119,42.5,101,N,97.2,101912260,101912
101912262,86,85,75,194,584,0,0,59,32,554,.,.,.,8.5,52110,29,101,N,96.6,101912262,101912
101912263,117,103,107,515,747,10,3,85,55,647,.,.,.,10.3,53649,39,101,N,96.1,101912263,101912
101912269,95,86,96,3,619,0,5,97,51,543,.,.,.,15,56931,35.3,101,N,97.5,101912269,101912
101912271,108,102,92,451,774,100,7,48,46,664,.,.,.,8.7,52730,44.6,101,N,95.1,101912271,101912
101912281,94,77,73,4,606,0,5,45,44,573,.,.,.,11.9,54498,34,101,N,97.5,101912281,101912
101912283,122,116,94,157,769,2,8,66,49,708,.,.,.,6,51472,43.8,101,N,96.4,101912283,101912
101912285,123,148,114,429,868,21,8,134,56,752,.,.,.,11.7,54376,49.8,101,N,96.8,101912285,101912
101912287,87,97,84,10,612,7,6,133,49,547,.,.,.,11.2,53347,35.8,101,N,97.6,101912287,101912
101912289,73,79,79,178,590,1,11,70,41,433,.,.,.,7.1,51361,34,101,N,96.7,101912289,101912
101912291,76,75,66,2,500,0,4,95,40,482,.,.,.,7.5,51849,32,101,N,97.5,101912291,101912
101912295,138,113,105,89,942,24,15,49,55,830,.,.,.,8.4,52197,50,101,N,96.6,101912295,101912
101912297,68,67,63,2,458,0,6,63,31,429,.,.,.,8.4,52366,27,101,N,96.7,101912297,101912
101912298,87,69,79,9,567,0,4,85,61,491,.,.,.,12.7,54994,30.8,101,N,96.7,101912298,101912
101912353,136,94,92,89,784,135,210,72,57,385,.,.,.,7.1,50792,42.6,101,N,96.8,101912353,101912
101912359,136,126,112,16,820,0,15,187,57,734,.,.,.,4.3,50446,42.5,101,N,98.8,101912359,101912
101912372,164,147,149,88,1026,15,16,113,77,981,.,.,.,10.6,53589,57.8,101,N,97,101912372,101912
101912373,96,98,91,49,663,0,2,97,52,600,.,.,.,8.7,52655,39.6,101,N,97,101912373,101912
101912396,106,104,84,224,729,140,98,93,31,336,.,.,.,13.3,55495,40.8,101,N,96.5,101912396,101912
101912473,130,120,134,521,723,1,5,6,56,601,.,.,.,8.3,52147,38,101,N,93.7,101912473,101912
101913102,122,102,85,217,745,0,62,29,59,666,.,.,.,7.5,51333,49,101,N,95.3,101913102,101913
101913104,95,87,98,60,596,19,319,35,39,225,.,.,.,11,53176,35,101,N,96.5,101913104,101913
101913107,88,79,78,20,483,3,305,21,68,169,.,.,.,13.9,53669,35,101,N,96.3,101913107,101913
101913108,78,96,80,86,555,11,226,25,58,300,.,.,.,9.9,52118,37.4,101,N,96,101913108,101913
101913112,89,93,92,15,596,14,445,56,42,71,.,.,.,13,53528,35.4,101,N,96.7,101913112,101913
101913117,83,80,93,176,562,6,44,5,32,456,.,.,.,8.3,51317,39.4,101,N,96.5,101913117,101913
101913119,116,121,121,104,695,31,379,31,45,169,.,.,.,10.1,52427,41.4,101,N,96.7,101913119,101913
101913121,119,129,131,122,784,14,425,79,59,103,.,.,.,10.4,52608,47,101,N,97.4,101913121,101913
101913125,143,163,134,173,949,43,427,65,76,130,.,.,.,7.9,51441,60,101,N,97.1,101913125,101913
101913126,159,155,152,121,1031,25,568,100,67,126,.,.,.,7.9,51473,54.6,101,N,96.9,101913126,101913
101914103,109,138,120,129,810,63,308,15,67,353,.,.,.,11.1,54344,55.8,101,N,96.6,101914103,101914
101914104,122,125,121,64,848,40,264,23,100,398,.,.,.,10.2,54336,65.4,101,N,96.8,101914104,101914
101914105,116,114,121,30,813,7,202,11,136,548,.,.,.,11.6,54788,62.9,101,N,96.6,101914105,101914
101914107,125,105,96,53,663,27,353,24,97,222,.,.,.,12.4,55223,47.9,101,N,96.6,101914107,101914
101914108,131,133,119,66,758,17,344,13,105,308,.,.,.,13.2,56336,58.1,101,N,96.9,101914108,101914
101914110,110,137,121,183,873,32,132,9,113,664,.,.,.,12.4,55592,64.2,101,N,96.7,101914110,101914
101914111,121,117,94,154,767,64,173,10,82,476,.,.,.,12.4,55956,55.1,101,N,96.3,101914111,101914
101914112,141,143,148,16,822,237,443,84,67,39,.,.,.,11.3,54884,53.9,101,N,97.5,101914112,101914
101914113,113,132,134,205,804,46,201,15,77,428,.,.,.,8.6,53722,56.3,101,N,96.8,101914113,101914
101914114,177,177,177,41,1108,82,384,74,73,170,.,.,.,11.2,55064,69.8,101,N,97.1,101914114,101914
101914116,125,121,131,144,817,37,130,21,134,512,.,.,.,13.5,56594,65.8,101,N,97.1,101914116,101914
101914117,160,180,186,24,1037,373,468,126,95,37,.,.,.,13.1,56132,71.2,101,N,97.7,101914117,101914
101914119,126,131,147,87,830,163,345,51,83,105,.,.,.,12.7,55650,57.1,101,N,97.7,101914119,101914
101914120,187,195,173,133,1288,52,377,17,132,639,.,.,.,9.3,53912,85.5,101,N,97,101914120,101914
101914121,177,174,167,215,1160,114,191,15,125,680,.,.,.,10.7,54590,85.7,101,N,97,101914121,101914
101914122,178,178,174,48,1100,305,466,92,121,41,.,.,.,12.1,55541,71.2,101,N,97.5,101914122,101914
101914124,161,162,165,69,986,256,397,36,48,124,.,.,.,11.7,55191,63.2,101,N,97.4,101914124,101914
101914125,153,162,164,173,1123,70,192,31,122,709,.,.,.,11,55061,86.5,101,N,97.2,101914125,101914
101914126,121,147,145,124,961,49,172,19,102,601,.,.,.,10.9,54596,75.5,101,N,97,101914126,101914
101914127,136,140,179,32,924,247,431,73,59,39,.,.,.,14.2,56760,53.1,101,N,97.8,101914127,101914
101914128,128,117,106,68,746,36,124,27,86,503,.,.,.,9.6,53949,57.5,101,N,97.3,101914128,101914
101914129,150,149,176,74,997,152,556,46,87,78,.,.,.,9.8,54452,67,101,N,97.3,101914129,101914
101914130,129,134,134,166,897,54,140,13,134,514,.,.,.,7.5,52576,65.3,101,N,97,101914130,101914
101914131,146,163,182,35,942,297,426,140,79,33,.,.,.,10.2,54686,65.3,101,N,97.6,101914131,101914
101914132,169,161,204,52,1112,284,543,113,86,16,.,.,.,9.5,53706,73.3,101,N,97.5,101914132,101914
101914133,176,154,167,54,1011,252,460,79,56,21,.,.,.,7.9,53269,65.9,101,N,97.6,101914133,101914
101914134,172,182,167,49,1202,106,835,64,86,19,.,.,.,7.8,53053,70.5,101,N,97,101914134,101914
101914139,145,124,126,44,811,67,552,51,71,17,.,.,.,8.3,53198,50.8,101,N,.,101914139,101914
101915107,118,135,117,110,784,104,290,24,81,344,.,.,.,12.6,55959,50.9,101,N,97,101915107,101915
101915109,104,120,134,57,765,68,297,26,54,280,.,.,.,15.4,58125,50,101,N,97.1,101915109,101915
101915113,116,128,111,63,741,56,350,29,76,283,.,.,.,13.8,55955,48,101,N,96.2,101915113,101915
101915116,117,141,140,242,857,86,268,26,89,421,.,.,.,11.9,55103,55,101,N,96.3,101915116,101915
101915119,140,135,143,53,923,45,366,24,65,421,.,.,.,11.7,56142,60.2,101,N,96.6,101915119,101915
101915121,147,156,145,84,881,53,389,17,72,277,.,.,.,12.2,55227,58.7,101,N,97,101915121,101915
101915123,141,123,156,81,873,37,459,13,70,247,.,.,.,13.5,55963,54,101,N,96.8,101915123,101915
101915124,139,162,174,74,943,84,526,34,76,169,.,.,.,10.8,53636,56.7,101,N,97.1,101915124,101915
101915125,114,112,86,33,618,68,382,38,45,30,.,.,.,15.6,57227,43.8,101,N,97.5,101915125,101915
101915128,148,148,135,90,919,57,366,12,88,413,.,.,.,7.7,53193,58.5,101,N,96.8,101915128,101915
101916104,64,59,77,22,507,2,217,44,44,305,.,.,.,11.1,55503,30.7,101,N,96,101916104,101916
101916105,77,59,69,41,504,7,205,26,57,321,.,.,.,9.3,52730,29.8,101,N,96.1,101916105,101916
101917116,126,109,134,7,892,1,11,24,77,803,.,.,.,10.5,53711,50.5,101,N,97.2,101917116,101917
101919102,112,131,130,583,943,11,48,7,67,779,.,.,.,7.4,52811,55.4,101,N,94.9,101919102,101919
101919105,114,112,112,217,767,39,59,21,64,580,.,.,.,11,56437,50.1,101,N,96.5,101919105,101919
101919106,110,89,115,247,660,5,32,9,58,539,.,.,.,8.5,56013,49.2,101,N,95.6,101919106,101919
101919108,85,110,114,203,705,17,163,22,52,486,.,.,.,5.9,49294,52,101,N,96.1,101919108,101919
101919110,102,105,101,189,677,19,19,12,47,613,.,.,.,10.3,55815,45.5,101,N,96.7,101919110,101919
101919111,73,88,100,105,599,10,202,34,52,362,.,.,.,13.8,57860,44.8,101,N,96.2,101919111,101919
101919112,102,112,116,208,757,92,24,18,44,566,.,.,.,8.5,54208,50.2,101,N,96.9,101919112,101919
101919115,80,67,80,200,517,28,11,21,34,415,.,.,.,9.6,54615,35.8,101,N,96.7,101919115,101919
101919116,219,224,211,1050,1643,19,28,6,97,1385,.,.,.,7.3,52908,93.2,101,N,97.7,101919116,101919
101919117,112,112,109,416,807,25,119,27,65,548,.,.,.,9,54641,51.2,101,N,95.9,101919117,101919
101919119,105,110,96,186,679,9,165,17,48,458,.,.,.,9.9,56565,47,101,N,96.3,101919119,101919
101919120,125,132,117,285,807,27,27,23,45,653,.,.,.,8.7,54494,49.6,101,N,97.7,101919120,101919
101919121,91,102,101,160,702,38,71,25,63,516,.,.,.,6.6,53962,49.3,101,N,96.4,101919121,101919
101919126,103,105,109,323,712,5,19,5,85,617,.,.,.,6.3,53665,44.9,101,N,96.3,101919126,101919
101919127,117,95,76,285,745,11,16,12,45,651,.,.,.,7.1,54009,46.2,101,N,95.9,101919127,101919
101919128,100,110,113,265,700,17,120,18,37,462,.,.,.,8.5,54474,42.4,101,N,96.5,101919128,101919
101920103,118,106,106,23,749,19,38,20,67,427,.,.,.,11.7,53846,50.7,101,N,96.8,101920103,101920
101920109,86,59,69,4,465,59,323,41,28,26,.,.,.,15.1,56335,28.5,101,N,97.3,101920109,101920
101920112,83,133,114,6,693,100,516,62,41,14,.,.,.,17.2,57920,40.4,101,N,97.5,101920112,101920
101920114,100,88,99,24,670,2,29,11,63,429,.,.,.,7.5,51770,42.6,101,N,96.5,101920114,101920
101920124,137,127,120,50,894,13,101,24,57,683,.,.,.,10.8,53730,58,101,N,96.7,101920124,101920
104901101,44,34,44,11,331,1,163,7,29,229,.,.,.,18.1,41587,29,104,N,96.6,104901101,104901
105902107,80,66,65,52,821,8,130,42,74,682,.,.,.,13.5,48792,49.9,105,N,96.7,105902107,105902
105904102,141,152,140,9,852,4,589,52,110,201,.,.,.,11.4,48642,55.5,105,N,96.5,105904102,105904
105906101,115,96,118,17,651,4,212,23,75,298,.,.,.,11.7,48156,41.8,105,N,96.5,105906101,105906
105906103,96,72,74,14,606,11,96,37,60,411,.,.,.,8.4,46382,44.3,105,N,96.6,105906103,105906
105906106,70,80,72,11,467,3,176,14,73,162,.,.,.,9.4,47510,31.2,105,N,96.8,105906106,105906
105906107,110,121,105,10,729,9,455,41,57,83,.,.,.,13.8,48432,40.9,105,N,97.2,105906107,105906
105906108,94,108,108,25,592,3,195,21,78,295,.,.,.,12.2,48486,43.1,105,N,96.5,105906108,105906
105906109,119,112,110,13,831,0,42,33,70,757,.,.,.,10.3,47558,54.4,105,N,96.2,105906109,105906
105906110,103,118,118,38,712,10,215,22,98,362,.,.,.,9.5,47302,45.5,105,N,96.1,105906110,105906
105906111,132,128,124,8,750,9,453,63,80,147,.,.,.,11.8,48079,46.3,105,N,96.7,105906111,105906
105906114,111,109,93,9,769,2,47,26,68,671,.,.,.,8.2,45884,52.7,105,N,96.6,105906114,105906
105906116,104,119,139,25,654,10,218,59,50,312,.,.,.,7.9,46117,40.7,105,N,96.2,105906116,105906
107906102,64,64,63,70,424,2,263,14,47,308,.,.,.,12.6,45791,32,107,N,96.9,107906102,107906
108902102,64,50,74,0,425,0,2,30,18,407,.,.,.,9.4,49723,24.3,108,N,96.2,108902102,108902
108902111,75,79,85,0,531,0,2,23,37,519,.,.,.,8,48302,29,108,N,97,108902111,108902
108902114,135,125,128,0,832,0,1,65,29,807,.,.,.,6.7,47857,41.9,108,N,97.3,108902114,108902
108902116,67,75,81,0,534,0,0,24,31,522,.,.,.,7.1,47615,29.3,108,N,96.9,108902116,108902
108904101,61,52,66,0,404,0,2,11,28,384,.,.,.,16.5,54089,27,108,N,97.2,108904101,108904
108904107,74,71,77,5,488,3,7,16,22,456,.,.,.,13.6,52696,31,108,N,96.7,108904107,108904
108904114,96,92,89,7,602,51,30,136,38,314,.,.,.,15.2,54007,36.3,108,N,97.5,108904114,108904
108904124,86,88,93,0,604,0,4,41,17,538,.,.,.,11.5,51603,37,108,N,97.6,108904124,108904
108906103,45,46,49,0,330,0,2,5,39,301,.,.,.,10.3,48200,24.3,108,N,97,108906103,108906
108906114,92,80,84,2,580,0,29,12,47,554,.,.,.,8.9,43562,38.5,108,N,97.2,108906114,108906
108906119,63,78,72,2,461,0,10,7,97,412,.,.,.,12.1,50690,36.4,108,N,96.1,108906119,108906
108906120,92,68,93,4,550,10,37,44,56,392,.,.,.,14.5,51771,32.8,108,N,97.1,108906120,108906
108906123,95,108,79,1,642,10,13,31,64,552,.,.,.,9.3,48637,39.6,108,N,96.8,108906123,108906
108906128,77,90,125,4,562,14,44,61,67,303,.,.,.,11.4,49615,33.9,108,N,97.1,108906128,108906
108908102,92,88,97,3,564,2,1,27,27,520,.,.,.,9.7,49538,34.8,108,N,96.6,108908102,108908
108908109,84,83,88,2,577,0,7,27,37,521,.,.,.,9.8,50333,35.2,108,N,96.5,108908109,108908
108908112,73,80,83,0,578,0,2,27,19,527,.,.,.,11.6,51457,37.1,108,N,97.6,108908112,108908
108908113,82,81,76,2,507,0,0,28,25,467,.,.,.,9.7,50530,31.9,108,N,97.4,108908113,108908
108909107,82,91,98,4,597,3,8,29,39,520,.,.,.,13,51549,37,108,N,97.3,108909107,108909
108909108,130,99,116,1,820,0,2,31,59,726,.,.,.,13.1,51822,47.2,108,N,97.3,108909108,108909
108909112,90,93,84,1,667,2,10,63,40,530,.,.,.,7.4,48017,38.2,108,N,97.1,108909112,108909
108909115,68,77,82,1,561,1,4,18,30,471,.,.,.,16,54146,33,108,N,97.4,108909115,108909
108909120,102,94,97,2,690,0,1,27,36,585,.,.,.,13.6,52481,40.2,108,N,98.2,108909120,108909
108909121,85,82,95,1,632,0,2,45,25,587,.,.,.,11.6,51028,36,108,N,97.8,108909121,108909
108909128,64,75,74,0,455,1,2,12,24,424,.,.,.,5.7,47394,30.9,108,N,96.8,108909128,108909
108909134,79,58,82,0,559,0,2,26,17,546,.,.,.,12.2,51224,35.2,108,N,98,108909134,108909
108909136,67,54,61,0,523,0,2,14,29,513,.,.,.,8.2,48762,29.7,108,N,.,108909136,108909
108910102,90,71,82,0,517,2,0,28,23,517,.,.,.,7.1,45851,31,108,N,96.5,108910102,108910
108912102,117,157,114,2,817,0,8,61,51,638,.,.,.,12.1,53293,51.2,108,N,96.3,108912102,108912
108912106,77,78,93,0,592,0,1,41,27,536,.,.,.,10,52083,37.6,108,N,95,108912106,108912
108912108,99,94,88,0,718,0,2,75,38,607,.,.,.,9.7,51576,43.6,108,N,95.7,108912108,108912
108912111,103,119,109,1,758,0,0,52,33,726,.,.,.,11.3,52647,47,108,N,96.2,108912111,108912
108912115,81,99,88,0,596,0,3,57,29,544,.,.,.,11.1,52597,38.6,108,N,95.4,108912115,108912
108912117,72,79,65,0,493,0,2,36,39,459,.,.,.,11.9,52983,33,108,N,94.9,108912117,108912
108912127,105,107,98,0,702,0,1,35,45,688,.,.,.,7.5,49808,43.7,108,N,96.8,108912127,108912
108913102,97,102,80,0,661,2,5,25,46,563,.,.,.,14.1,54841,41.9,108,N,96.8,108913102,108913
108913112,136,119,117,0,833,2,6,34,43,691,.,.,.,16.1,56271,48.8,108,N,97,108913112,108913
112905101,21,40,30,1,193,0,168,14,23,126,.,.,.,11.5,38171,16.9,112,N,94.4,112905101,112905
116901101,63,52,47,6,337,1,278,2,29,118,.,.,.,13.5,46408,26.4,116,N,96.8,116901101,116901
116906101,56,70,67,6,431,0,369,26,44,190,.,.,.,11.6,41042,30.6,116,N,97,116906101,116906
120901104,107,124,104,138,800,5,263,35,81,565,.,.,.,11,42158,54,120,N,96.1,120901104,120901
120905102,48,55,47,8,344,0,210,7,26,147,.,.,.,12.5,44247,26,120,N,97.4,120905102,120905
121903101,109,111,117,40,696,0,619,47,58,325,.,.,.,11.6,41002,46.5,121,N,95,121903101,121903
123910101,116,92,95,455,755,27,98,25,48,603,.,.,.,10.4,45132,42.8,123,N,96.6,123910101,123910
123910104,109,83,80,284,769,5,63,32,31,669,.,.,.,13.7,46570,43.7,123,N,96.8,123910104,123910
123910105,98,103,85,160,580,30,265,76,61,208,.,.,.,14.5,47957,31.1,123,N,96.8,123910105,123910
123910110,94,94,103,50,625,9,6,10,40,595,.,.,.,13.2,46527,35.7,123,N,97.1,123910110,123910
123910112,105,105,99,307,654,41,151,86,70,420,.,.,.,10,44236,39.4,123,N,96.2,123910112,123910
123910118,149,121,117,214,798,86,347,56,56,257,.,.,.,13.8,47325,43.1,123,N,96.7,123910118,123910
123910123,97,100,85,606,711,5,17,42,46,617,.,.,.,12.4,45855,38.6,123,N,96.4,123910123,123910
123910125,115,170,144,621,949,13,17,92,72,887,.,.,.,18.3,49999,58.8,123,N,96.6,123910125,123910
123910126,104,79,91,293,600,29,138,93,48,362,.,.,.,16,49630,34.7,123,N,97.3,123910126,123910
123910131,84,82,71,546,662,2,6,49,51,606,.,.,.,11.4,46465,37.8,123,N,95.6,123910131,123910
126902101,110,109,102,10,653,3,551,44,31,76,.,.,.,9.2,49468,39.9,126,N,97.5,126902101,126902
126902102,91,83,91,46,562,7,383,18,63,207,.,.,.,12.3,50289,36.2,126,N,97,126902102,126902
126902103,52,67,55,7,422,0,319,7,47,230,.,.,.,10.4,48999,29.6,126,N,96,126902103,126902
126902107,69,69,78,5,406,1,341,27,27,112,.,.,.,11.8,49880,25.1,126,N,96.8,126902107,126902
126902111,97,93,96,20,587,4,437,20,49,207,.,.,.,7.3,48090,37.5,126,N,97,126902111,126902
129901101,63,60,68,34,480,1,332,11,41,282,.,.,.,8.7,46465,26.7,129,N,96.8,129901101,129901
130902101,82,90,76,0,535,1,195,15,37,350,.,.,.,14.7,47385,39.6,130,N,96.4,130902101,130902
139905101,68,65,70,23,431,0,347,12,42,247,.,.,.,17.5,44555,28,139,N,97.4,139905101,139905
139912101,53,60,45,3,381,0,322,17,33,226,.,.,.,13.9,41643,25.3,139,N,96.8,139912101,139912
141901102,61,75,64,5,440,4,285,54,54,248,.,.,.,14.8,44726,29.8,141,N,96.5,141901102,141901
144902101,80,62,82,34,481,0,365,12,39,219,.,.,.,14.6,42997,32.9,144,N,96.4,144902101,144902
145906101,29,37,45,20,247,6,176,10,19,121,.,.,.,17.2,43721,18,145,N,96,145906101,145906
146903101,19,23,20,9,131,0,85,9,11,61,.,.,.,9,51327,8.6,146,N,96.3,146903101,146903
148901101,24,37,38,1,230,0,69,5,20,117,.,.,.,13.4,44772,17.8,148,N,96.7,148901101,148901
150901101,59,67,62,0,392,3,289,31,47,226,.,.,.,19.5,50919,25.6,150,N,97,150901101,150901
152901168,31,27,37,18,284,1,7,1,41,270,.,.,.,9.4,45987,20.4,152,N,97.1,152901168,152901
152901170,45,46,60,47,430,3,113,4,52,338,.,.,.,14,47641,29.9,152,N,96.3,152901170,152901
152901174,47,53,37,28,400,4,77,1,63,341,.,.,.,13.3,48799,32,152,N,95.6,152901174,152901
152901176,62,51,62,54,468,4,113,1,50,393,.,.,.,12.7,47234,30.7,152,N,96.4,152901176,152901
152901177,69,40,41,30,499,23,63,6,46,355,.,.,.,7,40307,39.9,152,N,97.4,152901177,152901
152901179,84,81,75,24,626,32,314,9,38,213,.,.,.,15.9,49897,40.3,152,N,97.1,152901179,152901
152901186,53,59,38,53,388,3,51,1,56,344,.,.,.,13.6,47220,27.2,152,N,96.2,152901186,152901
152901195,106,71,84,21,587,6,323,29,38,220,.,.,.,12,46779,38,152,N,96.5,152901195,152901
152906103,109,126,115,20,819,10,445,24,67,306,.,.,.,10.2,41427,58.1,152,N,97.1,152906103,152906
152906105,103,98,96,3,689,2,457,19,26,276,.,.,.,7.9,39651,43.4,152,N,97.2,152906105,152906
152907107,114,130,124,17,820,11,487,57,95,341,.,.,.,12.4,43513,49.9,152,N,96.8,152907107,152907
158901101,88,87,72,88,714,1,119,12,54,544,.,.,.,13.7,49054,40.1,158,N,96.3,158901101,158901
158902101,31,28,35,1,232,0,96,12,13,169,.,.,.,17.6,46949,15.5,158,N,96.4,158902101,158902
160901101,89,95,83,19,602,4,284,7,71,401,.,.,.,12.8,41446,45.5,160,N,96.6,160901101,160901
161914103,122,114,111,24,815,0,19,24,47,795,.,.,.,7.7,47480,48,161,N,97.2,161914103,161914
161914105,102,92,82,196,627,3,43,23,36,606,.,.,.,16,50365,36.4,161,N,96.2,161914105,161914
161914106,97,107,77,186,703,1,66,27,40,656,.,.,.,13.5,49296,40,161,N,96.9,161914106,161914
161914107,102,110,104,236,761,3,73,23,39,699,.,.,.,13.1,49481,45.5,161,N,96.7,161914107,161914
161914110,85,76,48,371,526,0,13,6,42,454,.,.,.,10.6,46389,30.4,161,N,94.9,161914110,161914
161914120,102,82,78,279,627,9,94,20,21,515,.,.,.,12.3,48361,36.7,161,N,96.7,161914120,161914
161914130,83,67,66,242,554,9,41,6,45,544,.,.,.,12.4,48831,31.9,161,N,96.2,161914130,161914
161923101,53,44,47,13,305,1,212,46,24,125,.,.,.,11.1,40426,25.3,161,N,97.3,161923101,161923
163908105,120,125,133,44,799,4,259,32,78,374,.,.,.,9.3,50622,44,163,N,96.3,163908105,163908
165902101,159,184,161,7,1051,3,552,44,49,323,.,.,.,11.5,48882,57.7,165,N,95.5,165902101,165902
166905101,36,46,50,7,263,0,182,15,19,141,.,.,.,17.4,46016,18.5,166,N,96.8,166905101,166905
170904101,96,112,113,85,743,0,451,32,88,464,.,.,.,10.7,48597,41.8,170,N,96,170904101,170904
170906107,107,104,95,6,644,1,506,12,90,210,.,.,.,10.7,51280,40.3,170,N,96.9,170906107,170906
170906108,108,103,143,18,726,10,555,24,58,148,.,.,.,12.9,51787,45.2,170,N,96.9,170906108,170906
170906109,105,96,116,15,658,7,396,25,64,281,.,.,.,11.2,51131,44.6,170,N,96.8,170906109,170906
170907104,82,80,99,9,617,1,415,32,57,358,.,.,.,9.7,50596,40,170,N,95.6,170907104,170907
170908102,106,111,88,14,684,0,292,41,58,500,.,.,.,10.1,52794,41,170,N,95.8,170908102,170908
170908106,138,127,123,10,838,3,203,48,66,613,.,.,.,10.7,51529,49.9,170,N,96.7,170908106,170908
170908107,104,91,93,56,643,61,282,46,34,182,.,.,.,11.4,53103,39,170,N,96.9,170908107,170908
170908110,117,119,111,14,742,5,225,54,56,457,.,.,.,8,51549,46,170,N,96,170908110,170908
170908111,134,125,133,33,836,21,297,82,66,468,.,.,.,8.2,50919,52.4,170,N,96.5,170908111,170908
172905102,69,69,68,77,498,2,325,7,51,366,.,.,.,15.3,42238,35.5,172,N,96.2,172905102,172905
174902002,28,35,31,12,236,2,174,3,24,173,.,.,.,12.7,41586,21,174,N,96,174902002,174902
174903101,40,49,49,68,341,4,220,7,27,187,.,.,.,13.4,42876,27.1,174,N,96.4,174903101,174903
174904101,108,107,91,195,762,11,122,14,73,701,.,.,.,10.5,43774,44.4,174,N,96.6,174904101,174904
174908101,90,83,96,24,525,5,387,25,32,244,.,.,.,13.1,42286,36.9,174,N,97.3,174908101,174908
175903107,88,79,68,213,744,2,67,21,69,711,.,.,.,11.5,47848,47,175,N,96.1,175903107,175903
176902104,69,75,68,191,495,3,252,27,56,251,.,.,.,13.5,40116,35.1,176,N,95.5,176902104,176902
178904123,85,101,92,9,542,1,76,0,52,374,.,.,.,14.6,49995,30.8,178,N,96.1,178904123,178904
178904124,46,49,53,10,348,2,42,0,46,279,.,.,.,9.6,48797,23.9,178,N,95.4,178904124,178904
178904132,66,58,63,25,413,5,66,0,52,284,.,.,.,12,50303,27.4,178,N,96,178904132,178904
178904136,74,76,52,30,543,0,53,0,33,500,.,.,.,10.1,47236,32,178,N,95.2,178904136,178904
178904142,114,103,88,15,759,2,50,0,65,725,.,.,.,11.4,49828,42,178,N,94.7,178904142,178904
178904150,76,89,111,10,647,8,50,0,64,482,.,.,.,12.6,49688,37.2,178,N,96,178904150,178904
178904152,85,84,86,17,584,32,166,0,53,240,.,.,.,12.1,49963,32.2,178,N,96.7,178904152,178904
178904157,106,114,108,34,758,65,181,0,63,237,.,.,.,13.1,49835,44.3,178,N,96.9,178904157,178904
178912104,0,314,276,7,657,3,92,48,79,386,.,.,.,15.8,48875,42.6,178,N,96.3,178912104,178912
181908103,0,141,164,33,308,9,228,7,50,129,.,.,.,11.9,44288,22.4,181,N,96.2,181908103,181908
183901101,36,61,50,19,341,0,277,2,22,121,.,.,.,13.7,45386,26.6,183,N,96.1,183901101,183901
184904101,60,58,57,2,418,0,342,11,25,185,.,.,.,12.6,44057,28.3,184,N,96.4,184904101,184904
184908101,68,107,75,5,547,2,482,26,48,192,.,.,.,12.3,43298,36.1,184,N,95.7,184908101,184908
184909101,96,83,78,4,549,0,482,18,38,69,.,.,.,14.4,44230,34,184,N,97.3,184909101,184909
188901102,52,57,53,18,353,4,220,7,48,160,.,.,.,16.5,52776,25.1,188,N,96.1,188901102,188901
188901104,73,66,60,67,484,7,253,13,33,312,.,.,.,12,50445,28.2,188,N,96,188901104,188901
188901109,36,59,49,187,366,0,49,6,66,350,.,.,.,10.2,49527,29.1,188,N,96.4,188901109,188901
188901112,39,45,41,35,319,9,145,16,57,256,.,.,.,14,52177,31.7,188,N,96.4,188901112,188901
188901114,61,53,66,7,406,3,125,8,55,347,.,.,.,11.6,49987,25.1,188,N,96.6,188901114,188901
188901121,54,40,50,25,337,6,197,16,44,150,.,.,.,13.2,51240,23.1,188,N,96.4,188901121,188901
188901126,90,90,93,143,661,6,156,14,83,639,.,.,.,13.6,51538,42.6,188,N,95.2,188901126,188901
188901127,68,66,65,21,450,2,239,5,43,258,.,.,.,16.1,52520,29.1,188,N,96.8,188901127,188901
188901130,62,57,52,12,365,7,39,11,43,319,.,.,.,12.4,50910,27.2,188,N,96.7,188901130,188901
188901134,69,80,64,102,529,56,56,7,50,494,.,.,.,9.6,49620,35.6,188,N,96.3,188901134,188901
188901141,75,78,87,11,465,12,354,31,56,86,.,.,.,15.4,52378,31.5,188,N,96.8,188901141,188901
188901143,88,95,83,29,677,43,212,8,55,484,.,.,.,7.5,49459,42.6,188,N,96.5,188901143,188901
192901101,64,57,64,6,449,1,75,13,32,191,.,.,.,8.1,41826,34,192,N,95.6,192901101,192901
194904103,39,42,30,173,320,0,48,12,23,290,.,.,.,13.5,42936,21.8,194,N,96.7,194904103,194904
200904101,49,45,52,2,300,2,83,25,30,240,.,.,.,16.6,40097,28.7,200,N,96.5,200904101,200904
210905101,56,49,57,74,331,0,191,5,31,193,.,.,.,8.5,42297,24.7,210,N,96.7,210905101,210905
212904102,82,73,74,78,520,2,364,26,33,310,.,.,.,13.3,43402,36,212,N,96.9,212904102,212904
212905102,75,73,68,129,454,1,82,18,31,359,.,.,.,8.5,44487,30.5,212,N,97.1,212905102,212905
212905104,65,55,69,71,437,4,10,10,25,409,.,.,.,10.9,46141,29,212,N,97.2,212905104,212905
212905106,54,49,54,115,361,5,104,15,37,246,.,.,.,11.3,45677,28.9,212,N,96.8,212905106,212905
212905112,51,33,46,182,350,0,19,8,50,302,.,.,.,9.8,44825,27.5,212,N,97.2,212905112,212905
212905114,100,86,92,234,651,1,23,31,43,597,.,.,.,10.4,45855,42.3,212,N,96.8,212905114,212905
212905115,44,66,54,155,343,0,6,12,20,330,.,.,.,12.2,43188,25,212,N,97.5,212905115,212905
212905117,106,93,100,163,633,31,311,57,42,273,.,.,.,14.5,47839,38.3,212,N,96.8,212905117,212905
212905119,98,108,82,240,663,18,298,40,48,372,.,.,.,11.6,46201,38.9,212,N,97.2,212905119,212905
212905125,126,100,106,129,742,36,483,94,30,223,.,.,.,9.6,44963,43.9,212,N,97.1,212905125,212905
212906111,92,76,107,45,599,5,434,35,78,239,.,.,.,13.5,46864,39.5,212,N,97,212906111,212906
212909101,98,41,43,83,520,3,220,14,32,361,.,.,.,13.9,44514,32.9,212,N,97.1,212909101,212909
214903101,60,60,55,0,441,0,1,40,23,389,.,.,.,12.3,50439,33.5,214,N,97.7,214903101,214903
214903103,106,80,78,0,606,0,0,39,23,530,.,.,.,12.3,51136,34.7,214,N,98.8,214903103,214903
214903105,100,94,76,0,541,0,2,51,21,451,.,.,.,12.2,50779,32.5,214,N,97.2,214903105,214903
214903106,81,76,52,0,427,0,1,19,19,340,.,.,.,14.7,52247,30,214,N,96.1,214903106,214903
214903108,83,81,77,0,579,0,0,36,23,530,.,.,.,10.4,50318,38.5,214,N,98.8,214903108,214903
214903109,96,92,88,0,711,0,3,20,30,654,.,.,.,10.9,50062,41,214,N,.,214903109,214903
217901101,22,15,21,3,130,2,82,0,12,81,.,.,.,7,36324,9,217,N,98,217901101,217901
220902103,54,55,44,7,393,55,74,25,37,308,.,.,.,12.4,55357,27,220,N,96.7,220902103,220902
220902105,53,65,57,45,425,25,203,17,33,273,.,.,.,8.8,53882,29.2,220,N,96.6,220902105,220902
220902108,69,64,70,41,429,20,255,48,42,181,.,.,.,11.7,54547,25.3,220,N,96.7,220902108,220902
220902111,107,100,94,7,700,15,85,20,42,622,.,.,.,8.9,54009,44,220,N,96.9,220902111,220902
220902115,67,81,81,11,464,20,358,65,60,67,.,.,.,12.4,54983,35,220,N,97.4,220902115,220902
220902119,75,80,75,172,630,79,188,24,49,376,.,.,.,10.8,54154,39.8,220,N,97.1,220902119,220902
220902120,78,78,63,15,487,9,390,66,46,85,.,.,.,15.6,57232,30.5,220,N,97.1,220902120,220902
220902121,80,106,86,44,650,32,443,74,50,195,.,.,.,11,54474,44.6,220,N,97,220902121,220902
220905107,78,74,79,35,546,5,165,66,61,317,.,.,.,11.9,56766,36.2,220,N,96.5,220905107,220905
220905110,109,62,78,299,608,0,14,34,41,574,.,.,.,9.4,54834,36.2,220,N,95.8,220905110,220905
220905119,107,119,103,63,789,11,52,34,78,634,.,.,.,10.2,53634,41,220,N,95,220905119,220905
220905125,101,71,78,331,641,52,27,18,45,515,.,.,.,6.7,51544,38,220,N,93.9,220905125,220905
220905133,119,91,92,240,770,1,43,18,57,714,.,.,.,9.9,54463,40,220,N,95.8,220905133,220905
220905134,78,68,88,95,589,7,41,20,45,503,.,.,.,13.3,57296,35.9,220,N,96,220905134,220905
220905135,49,56,51,162,345,0,4,14,31,322,.,.,.,14.5,58488,23.7,220,N,96.1,220905135,220905
220905139,76,56,67,38,438,9,18,25,39,421,.,.,.,6.5,51838,27,220,N,95.7,220905139,220905
220905144,55,64,70,282,460,2,4,25,21,403,.,.,.,8,53653,31.4,220,N,95.2,220905144,220905
220905154,80,71,81,70,552,7,119,31,74,416,.,.,.,12.7,55467,33,220,N,95.6,220905154,220905
220905156,112,104,100,124,661,16,317,65,76,272,.,.,.,12.9,55581,36,220,N,95.9,220905156,220905
220905162,109,122,111,81,755,1,14,30,32,683,.,.,.,8.4,53303,37,220,N,95.1,220905162,220905
220905168,71,85,77,3,534,14,22,11,34,471,.,.,.,12,55546,34,220,N,96.5,220905168,220905
220905176,129,134,104,114,809,7,309,72,89,412,.,.,.,11.3,54252,48,220,N,96.1,220905176,220905
220905178,86,105,101,222,716,13,48,16,65,638,.,.,.,10.1,54551,41,220,N,95,220905178,220905
220905186,113,99,74,255,658,2,14,26,29,601,.,.,.,9.9,55354,40.5,220,N,96.2,220905186,220905
220905187,63,63,63,166,442,15,92,19,37,317,.,.,.,12.4,55041,26,220,N,95.2,220905187,220905
220905188,100,91,78,506,631,13,11,11,38,501,.,.,.,10.1,54721,38,220,N,93.6,220905188,220905
220905206,97,100,100,508,647,8,20,11,37,450,.,.,.,9.6,53783,38.2,220,N,94.8,220905206,220905
220905219,119,92,92,343,688,16,37,47,69,529,.,.,.,11.3,54696,39,220,N,96,220905219,220905
220905223,75,84,63,30,567,0,16,23,47,516,.,.,.,8.7,54518,33.9,220,N,96.9,220905223,220905
220905226,65,53,54,96,417,7,10,20,27,383,.,.,.,7,51945,26.8,220,N,96,220905226,220905
220906101,74,70,74,22,519,15,218,49,46,256,.,.,.,12.4,54278,36.1,220,N,96.9,220906101,220906
220906105,65,82,81,8,448,35,329,73,54,18,.,.,.,13.5,54249,30.6,220,N,97.5,220906105,220906
220906107,71,85,82,9,453,80,286,83,39,14,.,.,.,15.1,55352,29.7,220,N,97.9,220906107,220906
220917104,74,76,84,7,546,4,92,23,59,485,.,.,.,5.2,52900,35.9,220,N,96.1,220917104,220917
221901102,108,105,75,28,596,7,346,74,46,260,.,.,.,14.4,48048,32.7,221,N,97.1,221901102,221901
221901108,85,66,65,33,510,16,283,33,54,228,.,.,.,18.3,50480,30.5,221,N,96.6,221901108,221901
221901112,86,85,91,40,546,27,273,39,35,342,.,.,.,15.6,48884,29.4,221,N,96.4,221901112,221901
221901113,96,78,85,55,531,0,183,19,39,356,.,.,.,14.7,48441,31.5,221,N,96,221901113,221901
221901121,100,90,86,74,600,19,289,79,34,339,.,.,.,15.3,48458,34.9,221,N,96.2,221901121,221901
221901150,88,92,76,52,549,14,306,50,49,217,.,.,.,13.5,47518,31.2,221,N,96.6,221901150,221901
221911101,38,45,43,1,265,0,220,19,36,92,.,.,.,16.5,45212,18.1,221,N,96.6,221911101,221911
226903102,70,65,65,20,463,2,142,1,66,339,.,.,.,12.7,45459,31.7,226,N,96,226903102,226903
226903115,53,42,38,16,359,4,175,4,42,241,.,.,.,13.3,46192,24.7,226,N,96.7,226903115,226903
226903116,59,47,54,14,358,0,39,1,63,306,.,.,.,16,47694,28.1,226,N,96.3,226903116,226903
227901106,77,57,55,44,539,3,39,19,46,471,.,.,.,10.3,46941,39.1,227,N,96.8,227901106,227901
227901108,37,38,47,41,346,0,12,4,43,317,.,.,.,11.7,47349,28.2,227,N,95.4,227901108,227901
227901109,58,42,52,20,407,4,11,12,36,391,.,.,.,12.9,48865,29.4,227,N,97,227901109,227901
227901111,34,34,28,118,253,1,8,4,32,243,.,.,.,7.4,48888,21.7,227,N,96.7,227901111,227901
227901112,137,117,120,15,803,20,646,30,48,23,.,.,.,12.7,48167,50,227,N,96.9,227901112,227901
227901113,58,52,53,41,405,9,98,14,72,278,.,.,.,10,46975,34.9,227,N,96,227901113,227901
227901114,39,45,31,39,334,4,34,19,74,289,.,.,.,12.1,47516,31.5,227,N,96.9,227901114,227901
227901116,71,68,69,71,545,2,12,39,57,496,.,.,.,8.3,45554,37.8,227,N,96.2,227901116,227901
227901117,88,94,83,11,556,9,406,17,42,43,.,.,.,12.8,48703,35.1,227,N,97.4,227901117,227901
227901118,96,79,75,66,666,26,14,3,54,650,.,.,.,11.4,47049,47.1,227,N,97.1,227901118,227901
227901124,55,49,53,18,358,12,3,10,40,322,.,.,.,14.2,48088,29,227,N,96.7,227901124,227901
227901125,39,34,35,88,306,5,6,9,39,303,.,.,.,5.7,45425,25.5,227,N,95.8,227901125,227901
227901126,40,43,42,36,325,1,7,12,30,308,.,.,.,11.2,46471,25.1,227,N,97.1,227901126,227901
227901127,57,57,46,6,434,10,10,12,38,418,.,.,.,13.3,49573,32.5,227,N,96.7,227901127,227901
227901129,57,52,50,128,451,0,7,15,39,439,.,.,.,12,48485,31.3,227,N,96.8,227901129,227901
227901130,82,75,66,27,527,1,28,4,51,475,.,.,.,10.7,47015,36.4,227,N,96.3,227901130,227901
227901132,41,39,32,10,276,4,23,5,35,249,.,.,.,8,46038,24.5,227,N,97.3,227901132,227901
227901138,122,126,107,34,774,186,302,34,55,271,.,.,.,14.3,48278,51.5,227,N,97.4,227901138,227901
227901140,72,56,58,38,496,2,97,42,64,363,.,.,.,10.3,46633,39.9,227,N,95.6,227901140,227901
227901141,75,93,74,80,660,15,33,7,40,605,.,.,.,10.2,46829,42.4,227,N,96.7,227901141,227901
227901144,108,107,69,38,723,9,34,18,66,682,.,.,.,11.3,46921,50.5,227,N,97.1,227901144,227901
227901146,81,74,90,14,565,10,305,61,48,156,.,.,.,12.3,47080,39.6,227,N,96.6,227901146,227901
227901147,113,84,98,29,712,27,224,28,70,354,.,.,.,11.1,46775,47.5,227,N,96.5,227901147,227901
227901148,130,127,92,11,799,49,340,73,86,330,.,.,.,11.9,47328,50.8,227,N,96.9,227901148,227901
227901150,36,31,31,137,299,1,11,6,34,287,.,.,.,10.1,47289,23.1,227,N,97,227901150,227901
227901151,91,67,76,89,582,44,103,18,44,422,.,.,.,14.7,50770,40.5,227,N,96.9,227901151,227901
227901155,144,154,125,26,887,62,604,65,44,82,.,.,.,10.5,47170,54.3,227,N,97.4,227901155,227901
227901156,69,87,67,24,544,2,39,16,48,498,.,.,.,9.9,46807,38.5,227,N,96.5,227901156,227901
227901157,48,44,29,67,336,1,8,9,49,328,.,.,.,9.8,46771,24.5,227,N,96.3,227901157,227901
227901158,88,64,58,14,517,7,127,25,38,339,.,.,.,14.4,48943,39.5,227,N,96.7,227901158,227901
227901162,109,122,109,49,764,1,15,15,46,743,.,.,.,13.5,47842,52,227,N,96.7,227901162,227901
227901166,67,72,89,25,512,17,60,13,79,429,.,.,.,13.9,49370,40.1,227,N,96.4,227901166,227901
227901168,118,95,112,31,738,1,18,12,60,698,.,.,.,11.8,47150,50.6,227,N,96.5,227901168,227901
227901170,69,67,69,18,497,2,221,32,53,219,.,.,.,11.5,47269,35.3,227,N,97.2,227901170,227901
227901171,82,90,67,43,516,5,15,18,53,430,.,.,.,11,47270,37.6,227,N,97.1,227901171,227901
227901172,80,74,87,43,536,10,118,28,61,378,.,.,.,11.8,47508,35.9,227,N,96.6,227901172,227901
227901173,106,104,86,42,663,16,126,16,73,451,.,.,.,10.1,46923,44.5,227,N,96.2,227901173,227901
227901175,63,87,71,43,588,0,7,14,70,559,.,.,.,7,46721,47.4,227,N,96,227901175,227901
227901176,80,80,85,26,591,1,35,8,90,544,.,.,.,10.6,46707,45.8,227,N,96.3,227901176,227901
227901178,106,103,118,138,760,0,13,9,81,738,.,.,.,7.5,45707,49.5,227,N,96.1,227901178,227901
227901179,113,95,107,39,737,87,369,69,53,176,.,.,.,10.6,46404,54.5,227,N,96.9,227901179,227901
227901180,171,152,177,9,1019,116,678,107,68,31,.,.,.,13.5,47725,60.3,227,N,97.1,227901180,227901
227901181,120,115,152,10,800,80,456,48,64,57,.,.,.,16.7,50220,50.5,227,N,97.5,227901181,227901
227901183,121,117,108,26,798,28,371,70,64,253,.,.,.,14.6,48660,49,227,N,96.8,227901183,227901
227901184,143,171,144,7,879,122,587,106,68,26,.,.,.,14.1,48002,54.4,227,N,97.6,227901184,227901
227901185,133,139,138,49,964,22,93,27,78,738,.,.,.,9.4,45990,63.9,227,N,96.4,227901185,227901
227901186,99,84,64,25,688,17,20,9,48,673,.,.,.,8.6,45937,48.3,227,N,96.5,227901186,227901
227901187,113,126,99,8,739,55,466,62,64,85,.,.,.,9.1,45904,45.2,227,N,97.3,227901187,227901
227901188,102,87,60,42,691,2,12,9,51,674,.,.,.,6.6,45660,45.9,227,N,.,227901188,227901
227901189,106,76,68,187,650,1,7,11,54,623,.,.,.,11.7,46707,46,227,N,96.8,227901189,227901
227901190,119,97,115,49,803,1,34,36,58,739,.,.,.,9.4,45683,52.3,227,N,96.6,227901190,227901
227904101,79,62,80,50,469,26,171,21,49,197,.,.,.,11.2,48565,34.4,227,N,96.8,227904101,227904
227904102,73,61,61,40,437,43,61,15,42,305,.,.,.,12.1,49435,35.2,227,N,97.2,227904102,227904
227904103,76,70,85,80,445,47,118,16,46,225,.,.,.,12.6,49687,35.5,227,N,97,227904103,227904
227904104,79,74,82,139,562,61,89,27,75,382,.,.,.,13.4,49632,39.1,227,N,96.8,227904104,227904
227904107,75,79,86,118,523,21,63,18,69,410,.,.,.,10.7,48524,43.1,227,N,96.2,227904107,227904
227904108,70,76,93,135,511,33,148,29,41,265,.,.,.,11.6,48352,39.5,227,N,97.1,227904108,227904
227904109,111,101,118,68,678,39,98,30,51,471,.,.,.,11.3,49294,47,227,N,97.3,227904109,227904
227904111,78,56,64,65,481,18,34,27,52,377,.,.,.,9.9,48163,40.9,227,N,97.4,227904111,227904
227904112,114,129,133,67,710,54,335,54,51,68,.,.,.,13.2,49384,44.9,227,N,97.1,227904112,227904
227904114,116,107,108,88,667,31,136,40,72,333,.,.,.,10.3,47676,47.4,227,N,97.2,227904114,227904
227904115,133,130,143,60,800,38,428,34,48,113,.,.,.,10.4,47971,49.9,227,N,97.1,227904115,227904
227904116,102,95,103,89,736,58,160,36,55,339,.,.,.,8.7,47408,52.4,227,N,97.1,227904116,227904
227904117,54,82,84,108,498,177,40,26,49,331,.,.,.,10.7,48656,37.4,227,N,97.5,227904117,227904
227904118,111,121,110,74,708,49,319,45,60,180,.,.,.,11.9,48778,46.3,227,N,97.2,227904118,227904
227904119,112,117,106,82,729,4,55,29,68,630,.,.,.,6.5,45851,51.3,227,N,97.1,227904119,227904
227904120,97,90,69,128,554,20,150,8,61,294,.,.,.,10.7,47915,38.3,227,N,.,227904120,227904
227907105,119,107,87,84,763,2,124,35,60,635,.,.,.,5.8,45174,41.4,227,N,96.8,227907105,227907
227907107,76,84,79,109,589,0,17,30,49,581,.,.,.,6.1,45334,35.9,227,N,96.1,227907107,227907
227907108,100,71,80,157,651,117,51,73,36,424,.,.,.,6.5,46029,38.9,227,N,97,227907108,227907
227909101,107,117,125,3,669,43,510,71,54,21,.,.,.,11.4,48534,49.3,227,N,96.7,227909101,227909
227910108,136,113,111,91,802,3,35,12,75,778,.,.,.,6.4,47736,54,227,N,96,227910108,227910
227913101,127,127,139,4,881,18,420,42,71,400,.,.,.,12,48643,58.9,227,N,96.4,227913101,227913
227913104,106,100,116,3,671,44,515,28,43,31,.,.,.,13.1,49772,42,227,N,97.2,227913104,227913
230903102,60,55,48,21,434,4,306,13,34,317,.,.,.,11.2,40269,33.9,230,N,95.9,230903102,230903
232902101,39,33,37,1,210,1,49,13,22,143,.,.,.,14.8,46731,18.7,232,N,95.7,232902101,232902
235902102,80,94,90,52,568,4,67,55,40,433,.,.,.,15.9,48220,32.5,235,N,96.8,235902102,235902
235902103,54,59,49,18,387,0,42,5,33,359,.,.,.,13,46892,26.3,235,N,96.4,235902103,235902
235902105,66,66,69,34,497,4,27,0,43,461,.,.,.,11.6,46732,34,235,N,95.4,235902105,235902
235902106,65,48,64,33,448,1,39,0,33,375,.,.,.,7.9,45712,29.6,235,N,95.8,235902106,235902
235902110,64,63,57,32,445,4,75,2,43,345,.,.,.,9.5,46047,28.2,235,N,96.3,235902110,235902
235902111,67,67,68,36,475,5,68,4,50,386,.,.,.,9,46477,29.2,235,N,95.7,235902111,235902
235902114,96,100,101,14,568,4,291,39,57,220,.,.,.,10.9,45113,31.9,235,N,97.6,235902114,235902
235902118,73,78,87,31,526,6,190,18,45,210,.,.,.,13,47116,31,235,N,96.9,235902118,235902
235902123,88,66,77,47,546,11,139,9,62,354,.,.,.,10.1,46431,34.4,235,N,95.7,235902123,235902
235902126,60,80,73,30,480,10,160,19,50,269,.,.,.,11.1,47439,30.7,235,N,97,235902126,235902
235904101,24,16,22,7,118,0,52,14,12,53,.,.,.,15.7,42053,12,235,N,96.9,235904101,235904
237904107,101,104,110,33,736,0,264,24,59,493,.,.,.,8.4,52193,42,237,N,96.4,237904107,237904
240901110,121,118,108,0,891,10,5,46,48,877,.,.,.,16.1,55989,44.6,240,N,98.1,240901110,240901
240901119,76,85,56,0,540,0,2,22,38,454,.,.,.,12,51772,31.9,240,N,96,240901119,240901
240903105,64,73,74,0,473,1,1,25,40,431,.,.,.,13.9,54907,33.1,240,N,96.6,240903105,240903
240903107,124,134,139,1,843,3,1,66,63,706,.,.,.,11.5,52292,52,240,N,96.3,240903107,240903
240903109,99,93,96,0,601,1,3,44,37,484,.,.,.,20.8,58176,38,240,N,96.8,240903109,240903
240903110,131,130,119,1,791,2,9,177,44,430,.,.,.,13.5,52980,45.9,240,N,97.9,240903110,240903
240903112,78,70,79,2,491,0,0,62,48,430,.,.,.,15.6,55245,35,240,N,96.5,240903112,240903
240903114,92,107,107,0,579,5,5,122,44,438,.,.,.,13.4,53736,40.9,240,N,96.9,240903114,240903
240903116,88,88,113,4,615,4,5,85,46,414,.,.,.,15.3,54490,39,240,N,96.8,240903116,240903
240903119,129,107,102,0,767,0,6,16,40,725,.,.,.,12.1,52133,46,240,N,96.2,240903119,240903
240903120,154,148,143,0,958,8,27,127,59,494,.,.,.,14.9,54896,53.3,240,N,96.6,240903120,240903
240903123,107,132,106,0,731,0,0,39,53,707,.,.,.,13.4,53862,43,240,N,96.3,240903123,240903
240903129,142,136,130,0,927,0,0,27,64,887,.,.,.,10,52376,52.2,240,N,96.7,240903129,240903
240903130,115,141,152,2,830,6,22,107,56,467,.,.,.,11.9,52317,49,240,N,96.2,240903130,240903
240903131,158,140,130,3,942,1,12,86,63,708,.,.,.,12.8,52781,55,240,N,97.5,240903131,240903
240903132,118,134,127,0,797,4,0,85,51,692,.,.,.,11.1,52473,47,240,N,96.8,240903132,240903
241906101,40,47,43,6,242,1,80,6,7,170,.,.,.,11.5,44791,17,241,N,96.6,241906101,241906
243901103,74,51,60,62,572,16,342,19,47,241,.,.,.,9.3,39648,38.4,243,N,96.4,243901103,243901
243901104,73,85,84,20,640,6,488,30,59,318,.,.,.,11.3,41214,41.7,243,N,96.2,243901104,243901
243905119,58,53,60,86,414,1,94,1,48,396,.,.,.,11,44001,27.9,243,N,96.7,243905119,243905
245902106,112,126,125,0,768,1,21,36,42,635,.,.,.,12.6,45915,46,245,N,96.1,245902106,245902
245903102,85,100,86,1,618,2,7,28,45,532,.,.,.,13,47288,37.1,245,N,95.8,245903102,245903
246902101,67,74,65,8,448,0,208,5,35,320,.,.,.,9.6,41846,30,246,N,96.4,246902101,246902
246904103,65,73,47,23,430,7,206,26,48,259,.,.,.,10.1,46638,33.7,246,N,97,246904103,246904
246906101,78,102,104,64,641,12,346,37,64,247,.,.,.,10.9,48131,40.9,246,N,97,246906101,246906
246906121,109,114,105,93,685,4,278,11,58,298,.,.,.,8.9,46923,45.2,246,N,96.7,246906121,246906
246909101,70,63,57,70,499,5,76,19,55,396,.,.,.,7.5,47391,39.5,246,N,95.7,246909101,246909
246909106,87,81,85,48,570,5,101,20,59,459,.,.,.,9.1,48193,44.5,246,N,96,246909106,246909
246909107,56,82,67,25,400,9,215,20,32,122,.,.,.,15.6,52280,30,246,N,96.9,246909107,246909
246909108,64,67,63,46,411,43,182,23,64,174,.,.,.,9.6,48876,36.7,246,N,96.3,246909108,246909
246909110,120,120,113,21,708,223,296,73,46,82,.,.,.,9.1,48208,45.3,246,N,97.2,246909110,246909
246909114,130,119,149,50,784,114,406,37,69,162,.,.,.,14.1,51269,50.6,246,N,96.9,246909114,246909
246909115,155,139,125,166,938,66,233,36,58,496,.,.,.,9.3,48495,66.5,246,N,96.3,246909115,246909
246909117,95,100,107,42,650,52,346,40,58,176,.,.,.,13.9,51109,53.5,246,N,96.9,246909117,246909
246909119,89,98,115,87,651,14,260,30,65,239,.,.,.,14,50966,46.9,246,N,96.5,246909119,246909
246909120,93,96,79,41,532,31,233,30,92,210,.,.,.,11.8,49969,48.2,246,N,96.3,246909120,246909
246909121,112,115,127,114,790,50,276,54,76,310,.,.,.,11.3,49572,55.4,246,N,96.7,246909121,246909
246909124,66,57,63,45,459,66,178,17,73,174,.,.,.,13.4,50772,36.2,246,N,96.2,246909124,246909
246909128,114,142,145,32,717,110,415,56,70,62,.,.,.,14.6,51214,47.7,246,N,97.2,246909128,246909
246909130,128,156,174,48,849,113,486,59,61,80,.,.,.,13.6,50547,52,246,N,97.3,246909130,246909
246909131,141,137,131,101,873,105,398,39,96,134,.,.,.,11.4,49557,58.6,246,N,96.6,246909131,246909
246909132,179,187,198,31,1064,263,580,80,64,27,.,.,.,9.7,48340,63,246,N,97.2,246909132,246909
246909134,158,150,144,17,986,393,424,82,67,20,.,.,.,11.2,49218,59.5,246,N,97.4,246909134,246909
246909136,127,126,126,174,856,34,213,37,86,504,.,.,.,10.7,48971,59.7,246,N,95.4,246909136,246909
246909137,134,126,125,151,848,19,204,18,99,563,.,.,.,7.8,47143,58.9,246,N,96.3,246909137,246909
246909138,133,141,127,83,840,23,351,56,74,245,.,.,.,9.4,48484,57.5,246,N,96.9,246909138,246909
246913101,124,149,127,13,802,13,423,86,81,283,.,.,.,10.6,48102,60,246,N,96.8,246913101,246913
246913102,82,79,94,27,532,11,342,78,60,182,.,.,.,16.5,51579,40.5,246,N,96.5,246913102,246913
246913103,93,98,106,17,653,13,432,85,70,131,.,.,.,12.6,49238,44.9,246,N,96.3,246913103,246913
246913104,131,112,145,21,745,50,513,121,48,87,.,.,.,16.1,51519,46.6,246,N,96.7,246913104,246913
246913105,99,131,94,24,627,9,398,138,73,198,.,.,.,10.8,48394,47.3,246,N,96.3,246913105,246913
246913106,75,73,90,34,533,12,297,90,67,170,.,.,.,11.8,48355,44.5,246,N,96.4,246913106,246913
246913107,99,118,132,11,650,57,450,117,48,38,.,.,.,10,48020,40.6,246,N,97.4,246913107,246913
246913108,81,67,86,12,497,22,327,101,60,108,.,.,.,15.7,51343,37.1,246,N,97,246913108,246913
246913109,98,88,91,19,553,6,221,70,62,297,.,.,.,12.1,48478,53.5,246,N,96.5,246913109,246913
246913110,107,123,130,16,705,68,462,130,60,107,.,.,.,11.3,48727,48,246,N,97,246913110,246913
246913111,165,160,153,8,862,105,618,271,62,14,.,.,.,13.5,50095,51,246,N,97.5,246913111,246913
246913112,135,108,130,43,792,15,311,58,102,444,.,.,.,12.2,48817,60.6,246,N,96.5,246913112,246913
246913114,121,157,140,36,841,18,518,89,107,240,.,.,.,12,48984,59.8,246,N,96.4,246913114,246913
246913115,111,121,113,18,762,149,398,109,61,54,.,.,.,12.6,49505,51.1,246,N,97,246913115,246913
246913116,141,124,134,39,846,12,500,94,84,272,.,.,.,9.5,47433,55.5,246,N,96.3,246913116,246913
246913117,115,130,122,33,778,27,499,97,59,145,.,.,.,12.1,48877,54.3,246,N,96.6,246913117,246913
246913118,164,123,159,35,800,89,498,196,46,85,.,.,.,8.3,47324,50.4,246,N,96.9,246913118,246913
246913119,85,85,87,27,478,45,277,76,44,87,.,.,.,10.5,48259,33.8,246,N,96.5,246913119,246913
246913120,130,124,168,16,836,56,613,163,73,45,.,.,.,11.3,48643,54,246,N,97.1,246913120,246913
246913121,110,92,102,2,559,32,391,87,59,39,.,.,.,11,48277,39.8,246,N,97,246913121,246913
246913122,154,153,162,20,891,101,494,158,64,89,.,.,.,12.5,49555,54.1,246,N,96.7,246913122,246913
246913123,134,148,141,4,812,96,598,229,63,9,.,.,.,10.1,48289,51.3,246,N,97,246913123,246913
246913124,95,122,85,58,684,41,206,72,90,321,.,.,.,12,49017,53.6,246,N,.,246913124,246913
247901106,138,126,144,8,887,1,239,22,83,537,.,.,.,11.4,47089,53.9,247,N,96.2,247901106,247901
248901101,104,116,93,15,759,3,139,21,62,515,.,.,.,11.3,50065,42.8,248,N,95.7,248901101,248901
249901101,48,64,53,0,327,0,269,24,31,122,.,.,.,13.9,48545,23.8,249,N,96.8,249901101,249901
249905101,59,77,74,5,472,3,238,31,30,239,.,.,.,13.1,50848,33.9,249,N,96.9,249905101,249905
249905104,69,58,58,3,489,5,292,21,55,290,.,.,.,13.7,51427,29.7,249,N,96.5,249905104,249905
252903101,56,47,65,6,385,2,224,14,49,273,.,.,.,13.2,41537,33,252,N,96.2,252903101,252903
253901105,105,98,87,0,678,1,4,39,41,535,.,.,.,11.4,52936,36,253,N,95.6,253901105,253901
253901106,91,76,96,0,611,0,11,27,37,476,.,.,.,12,51867,33,253,N,95.4,253901106,253901
