,gr3_stu_count,gr4_stu_count,gr5_stu_count,black_stu_count,all_stu_count,white_stu_count,gifted_stu_count,spec_ed_stu_count,econ_dis_stu_count,eng_class_size,math_class_size,sci_class_size,teacher_experience,teacher_avg_salary,teacher_fte,county_num,charter_school,attendance,CAMPUS,DISTRICT
003906101,36,35,37,0,251,238,6,17,168,22,.,.,11.210526316,41463,18.4888,003,N,96,003906101,003906
006902101,22,28,29,4,162,137,2,18,80,.,.,.,15.621422413,43034,14.8845,006,N,97,006902101,006902
007902101,122,88,109,5,618,251,35,35,390,.,.,.,11.230769231,44700,38.1528,007,N,96.8,007902101,007902
008903102,62,57,64,35,386,142,5,13,247,.,.,.,13.264225603,46178,24.419,008,N,96.7,008903102,008903
013903101,29,31,24,1,181,71,14,19,133,.,.,.,15.8125,44015,14.8507,013,N,96.4,013903101,013903
014903103,59,57,44,52,404,158,25,43,334,.,.,.,7.8333333333,43430,29.6677,014,N,96.1,014903103,014903
014903104,84,74,66,29,471,120,6,30,423,.,.,.,11.4375,45542,32,014,N,96.2,014903104,014903
014906102,56,67,60,85,438,115,14,38,288,.,.,.,11.894736842,49391,36.137,014,N,96.5,014906102,014906
014906103,73,89,70,200,540,98,6,60,449,.,.,.,7.1445783133,46341,40.3523,014,N,95.5,014906103,014906
014906105,102,93,83,130,708,212,7,66,564,.,.,.,9.9751644081,48218,52.6173,014,N,96,014906105,014906
014906109,90,83,77,170,683,122,15,61,538,.,.,.,8.8101755212,47240,50.2043,014,N,95.2,014906109,014906
014906110,108,107,108,219,742,152,13,71,459,.,.,.,9.1681308562,48145,51.895,014,N,96.1,014906110,014906
014906111,64,46,73,199,477,97,21,33,320,.,.,.,11.142857143,49622,31.5064,014,N,96,014906111,014906
014906112,61,65,52,182,523,110,2,47,439,.,.,.,12.601555055,50358,40.438,014,N,94,014906112,014906
014906113,68,76,78,200,535,130,13,70,366,.,.,.,12.281850577,49956,38.5191,014,N,96,014906113,014906
014906115,119,95,104,100,690,376,44,71,290,.,.,.,12.975137364,50360,46.7084,014,N,95.9,014906115,014906
014906117,85,82,78,116,681,332,17,50,372,.,.,.,9.1268625531,48013,46.6721,014,N,94.9,014906117,014906
014906119,86,92,88,304,684,144,14,66,486,.,.,.,11.714285714,49611,47.1746,014,N,95.9,014906119,014906
014906120,138,135,120,485,1012,224,10,105,632,.,.,.,6.5438613659,45844,64.2715,014,N,95.3,014906120,014906
014906123,110,116,100,205,837,375,10,71,591,.,.,.,9.8619527371,47977,56.112,014,N,94.7,014906123,014906
014906124,121,119,115,256,749,206,22,63,358,.,.,.,11.014320172,49619,47.4664,014,N,96.4,014906124,014906
014906128,84,69,90,136,612,290,5,103,490,.,.,.,6.9853407762,45987,46.0529,014,N,95.4,014906128,014906
014906130,120,119,96,390,793,153,19,81,554,.,.,.,6.0013901121,45287,56.4582,014,N,95.3,014906130,014906
014906131,137,131,127,349,933,246,11,63,443,.,.,.,7.9216880748,46458,65.7069,014,N,96,014906131,014906
014906136,123,145,156,194,920,442,38,94,269,.,.,.,6.9919698286,45539,54.7581,014,N,96,014906136,014906
014906137,92,81,83,97,585,273,20,62,333,.,.,.,11.23255814,48560,41.938,014,N,95.6,014906137,014906
014907102,66,54,77,7,417,264,27,23,239,.,.,.,11.296656429,40983,24.5608,014,N,96.7,014907102,014907
015819001,11,9,8,1,111,6,0,6,103,.,.,.,1.5,36170,8.0002,015,Y,96.4,015819001,015819
015819101,4,6,6,36,92,17,0,2,81,.,.,.,1.1020316534,37061,4.4541,015,Y,94.5,015819101,015819
015822005,15,18,17,17,147,10,16,6,113,.,.,.,1.2749434232,36947,10.0752,015,Y,.,015822005,015822
015904102,94,86,92,5,688,25,31,53,613,.,.,.,10.75,48769,40.7139,015,N,96.2,015904102,015904
015904105,96,71,79,1,755,2,28,53,743,.,.,.,8.6862745098,47416,47.3351,015,N,96.6,015904105,015904
015904106,102,107,117,1,781,9,18,63,748,.,.,.,9.717052768,48065,42.6601,015,N,95.6,015904106,015904
015904107,85,86,85,1,629,19,21,41,606,.,.,.,10.198589195,48376,38.5974,015,N,95.9,015904107,015904
015904109,89,86,95,0,556,8,23,45,550,.,.,.,10.373356969,49045,32.8363,015,N,96.5,015904109,015904
015904113,57,81,85,0,557,9,15,46,490,.,.,.,10.868421053,48994,33.8613,015,N,96,015904113,015904
015904114,68,56,67,4,483,11,32,33,483,.,.,.,10.290322581,48696,28.4287,015,N,96,015904114,015904
015904116,70,84,57,2,586,5,16,26,531,.,.,.,7.2051282051,47228,35.7618,015,N,95.4,015904116,015904
015905105,84,73,80,3,521,1,43,40,494,.,.,.,14.634670718,50885,33.174,015,N,95.7,015905105,015905
015905106,83,62,73,1,532,2,23,49,494,.,.,.,9.8823529412,48172,31.8881,015,N,95.6,015905106,015905
015905108,85,96,81,0,542,0,34,46,492,.,.,.,15.972972973,51417,34.3881,015,N,95.3,015905108,015905
015905109,80,94,87,27,594,1,44,48,570,.,.,.,10.843775275,48839,35.1345,015,N,95.6,015905109,015905
015905110,88,92,89,5,577,3,40,54,524,.,.,.,10.313510913,48699,38.0521,015,N,96.3,015905110,015905
015905112,118,122,121,4,773,0,63,92,741,.,.,.,12.461538462,49926,50.1372,015,N,95.3,015905112,015905
015905113,86,90,78,3,583,3,28,42,555,.,.,.,12.235294118,49707,33.0667,015,N,96.5,015905113,015905
015905114,117,84,91,11,622,2,20,45,603,.,.,.,12.225375002,49342,34.1579,015,N,96.2,015905114,015905
015905116,80,79,71,2,537,1,31,35,506,.,.,.,11.378378378,50046,35.1381,015,N,95.2,015905116,015905
015905117,71,81,59,13,488,4,28,29,473,.,.,.,12.711351649,49825,31.4472,015,N,96.8,015905117,015905
015906101,99,94,102,94,573,270,29,46,63,.,.,.,19.268292683,55499,41.0056,015,N,97.1,015906101,015906
015907101,81,85,90,1,633,10,22,54,593,.,.,.,11.789473684,49426,38.0004,015,N,96.2,015907101,015907
015907103,66,78,67,10,550,7,15,47,536,.,.,.,11.147058824,50044,33.5005,015,N,95.4,015907103,015907
015907106,73,74,66,3,525,16,18,66,506,.,.,.,13.151515152,51166,32.4995,015,N,96.1,015907106,015907
015907110,75,65,69,39,674,14,10,35,668,.,.,.,7.2051282051,46809,38.487,015,N,95.9,015907110,015907
015907111,83,80,69,17,622,8,6,41,620,.,.,.,9.7777777778,48287,36.0029,015,N,94.7,015907111,015907
015907114,52,40,51,165,346,15,14,35,336,.,.,.,8.7826086957,48310,22.5149,015,N,95,015907114,015907
015907116,75,114,96,3,638,3,9,37,606,.,.,.,13.617647059,50965,34.0008,015,N,95.7,015907116,015907
015907118,123,151,95,6,814,5,7,62,803,.,.,.,16.425531915,53195,46.9945,015,N,95.7,015907118,015907
015907119,59,64,65,35,408,5,6,46,400,.,.,.,14,51258,25.4671,015,N,95.5,015907119,015907
015907123,60,63,54,2,399,5,12,19,378,.,.,.,13.25,50378,23.2428,015,N,96.4,015907123,015907
015907125,67,62,49,71,591,29,9,30,570,.,.,.,10.090909091,48868,32.7588,015,N,95.8,015907125,015907
015907126,81,69,76,1,486,9,14,38,468,.,.,.,15.612903226,52598,31.0002,015,N,96.3,015907126,015907
015907127,37,32,40,116,266,9,4,35,257,.,.,.,7.3684210526,47412,17.8706,015,N,95.9,015907127,015907
015907129,129,133,122,1,904,8,44,50,865,.,.,.,13.94,50538,49.8648,015,N,96.3,015907129,015907
015907131,49,45,38,1,305,6,14,31,277,.,.,.,13.2,50122,19.4256,015,N,96.2,015907131,015907
015907134,123,124,114,23,788,23,9,43,728,.,.,.,12.195652174,50787,45.9999,015,N,96,015907134,015907
015907135,122,107,98,10,745,17,33,60,705,.,.,.,11.441860465,48944,42.9998,015,N,96,015907135,015907
015907141,91,70,55,2,505,8,4,40,475,.,.,.,15.931034483,51679,28.537,015,N,95.5,015907141,015907
015907143,35,44,36,1,285,4,10,24,268,.,.,.,8.8888888889,48238,17.7093,015,N,96.9,015907143,015907
015907146,35,30,30,15,258,11,5,18,248,.,.,.,17.619047619,53536,20.4103,015,N,96.2,015907146,015907
015907148,77,82,82,10,615,11,7,35,576,.,.,.,14,51451,36.9996,015,N,95.8,015907148,015907
015907149,89,81,54,8,601,8,10,62,584,.,.,.,11.441176471,48506,34.0021,015,N,95.9,015907149,015907
015907153,51,61,52,87,376,8,12,37,366,.,.,.,8.4347826087,47844,22.5881,015,N,94.7,015907153,015907
015907155,70,76,77,1,575,4,16,36,554,.,.,.,12.71875,50834,32.0005,015,N,96.1,015907155,015907
015907156,65,62,49,9,411,0,12,39,399,.,.,.,14.913043478,51478,22.9988,015,N,96.3,015907156,015907
015907157,78,90,89,7,585,5,6,43,573,.,.,.,11.194444444,49031,35.5122,015,N,96.1,015907157,015907
015907158,58,54,44,47,350,6,13,19,345,.,.,.,14.125,51510,23.4652,015,N,95.6,015907158,015907
015907160,62,63,61,5,476,10,10,39,463,.,.,.,13.642857143,51047,27.49,015,N,95.9,015907160,015907
015907161,106,86,91,3,688,5,16,28,634,.,.,.,8.5384615385,47513,39.0031,015,N,96.6,015907161,015907
015907162,77,75,59,5,516,2,11,59,498,.,.,.,11.818181818,48556,33.0032,015,N,96.8,015907162,015907
015907164,105,84,94,23,692,29,15,54,620,.,.,.,10.511627907,48481,43.0015,015,N,96,015907164,015907
015907167,57,66,61,6,392,15,15,24,355,.,.,.,12.130434783,49883,22.4851,015,N,95.4,015907167,015907
015907168,85,76,92,49,557,6,25,26,548,.,.,.,9.1515151515,47992,32.998,015,N,95.6,015907168,015907
015907173,89,73,69,299,560,17,22,35,545,.,.,.,14.090909091,50669,32.5,015,N,95.6,015907173,015907
015907176,66,66,71,7,418,6,21,36,393,.,.,.,13.111111111,50642,26.5341,015,N,95.4,015907176,015907
015908106,94,99,114,1,726,8,10,37,710,.,.,.,14.093023256,51671,42.167,015,N,96.1,015908106,015908
015908107,72,66,73,2,466,0,9,29,429,.,.,.,10.147058824,49605,32.5151,015,N,96.3,015908107,015908
015908109,63,58,59,16,412,8,8,22,393,.,.,.,13.448275862,51867,27.2834,015,N,94.8,015908109,015908
015908110,68,72,69,3,493,18,18,27,453,.,.,.,10,49690,32.3823,015,N,96,015908110,015908
015908112,69,76,66,0,489,3,6,22,465,.,.,.,8.21875,49481,29.8951,015,N,96.2,015908112,015908
015908113,82,89,103,0,589,10,8,31,517,.,.,.,11.891891892,50101,35.4762,015,N,96,015908113,015908
015910105,94,94,97,54,581,63,29,55,508,.,.,.,11.510638298,52148,44.0325,015,N,95.7,015910105,015910
015910114,96,111,84,70,708,25,11,54,657,.,.,.,9.203539823,51031,54.9137,015,N,96,015910114,015910
015910125,163,155,179,106,998,264,30,83,623,.,.,.,12.257142857,52843,67.9357,015,N,96.4,015910125,015910
015910139,74,83,77,17,566,216,29,31,114,.,.,.,11.595238095,52337,38.3308,015,N,96.7,015910139,015910
015912105,99,109,120,4,666,8,13,54,634,.,.,.,11.714285714,53440,41.9941,015,N,96.2,015912105,015912
015915123,78,77,72,38,511,38,37,57,403,.,.,.,11.917893074,52944,35.9534,015,N,94.9,015915123,015915
015916107,113,102,124,200,694,127,31,55,428,.,.,.,10.911111111,49872,44.9921,015,N,96.3,015916107,015916
015916112,97,106,78,172,618,50,27,46,523,.,.,.,6.8498958013,47384,44.5067,015,N,96,015916112,015916
015916114,118,111,131,204,725,77,37,51,585,.,.,.,7.0434782609,47727,46.0005,015,N,96.6,015916114,015916
019907105,52,54,38,193,312,38,8,28,292,.,.,.,10.807032171,43829,23.0209,019,N,96.3,019907105,019907
019907109,85,68,65,126,534,236,40,36,386,.,.,.,12.055491927,45465,33.6838,019,N,96.7,019907109,019907
019907111,64,60,65,190,406,150,28,32,297,.,.,.,11.161158714,43859,23.521,019,N,96.1,019907111,019907
019909101,30,31,35,0,220,203,5,23,135,.,.,.,12.434782609,40667,21.9254,019,N,96.1,019909101,019909
020901105,110,121,110,44,633,372,44,54,302,.,.,.,7.0888888889,49054,44.4758,020,N,96.1,020901105,020901
020901108,99,91,111,14,607,285,84,70,371,.,.,.,10.577777778,50874,44.2016,020,N,96.6,020901108,020901
020901111,140,126,127,246,892,227,126,45,145,.,.,.,6.462962963,48806,53.0718,020,N,97.3,020901111,020901
020901113,100,103,88,145,684,83,46,36,450,.,.,.,7.4235218803,49116,41.9332,020,N,97.1,020901113,020901
026902101,30,32,30,52,230,93,16,25,174,.,.,.,11.052631579,38798,18.9994,026,N,94.9,026902101,026902
027903102,56,52,60,1,417,261,6,37,274,.,.,.,12.962962963,45213,26.6776,027,N,96.4,027903102,027903
027904101,82,80,99,27,561,340,31,48,312,.,.,.,13.138888889,47476,36.0018,027,N,96.2,027904101,027904
027904103,105,95,89,5,661,224,27,82,543,.,.,.,11.040816327,45930,49.0026,027,N,95.8,027904103,027904
027904104,34,34,31,1,220,172,12,13,99,.,.,.,10.842105263,45479,18.4274,027,N,96.2,027904104,027904
028902105,85,100,85,18,580,133,23,44,417,.,.,.,11.621733375,45201,40.4718,028,N,96.2,028902105,028902
028903101,107,115,106,36,773,217,21,63,595,.,.,.,13.58490566,43711,52.0076,028,N,96.9,028903101,028903
029901102,142,125,137,20,924,244,49,68,673,.,.,.,9.8706896552,42924,57.7552,029,N,95.9,029901102,029901
029901104,9,14,15,0,78,54,7,5,47,.,.,.,12.875,47217,6.4337,029,N,96.4,029901104,029901
030903101,27,24,16,0,140,102,3,11,99,.,.,.,17.346564203,42454,12.4853,030,N,96.1,030903101,030903
031901101,118,103,99,1,724,2,83,43,708,.,.,.,9.4090909091,48105,43.6413,031,N,98.4,031901101,031901
031901106,117,126,119,0,827,2,71,68,827,.,.,.,12.030968499,49549,50.8996,031,N,97.2,031901106,031901
031901109,44,47,35,0,318,0,25,31,312,.,.,.,17.48,52568,24.5202,031,N,97.5,031901109,031901
031901112,113,110,108,0,765,3,108,51,765,.,.,.,8.544717031,48243,51.2325,031,N,96.5,031901112,031901
031901123,167,188,161,0,1102,14,120,107,1009,.,.,.,14.597038605,51031,70.9781,031,N,96.8,031901123,031901
031901126,127,121,121,0,920,1,40,71,899,.,.,.,9.698601296,47978,57.9491,031,N,97,031901126,031901
031901130,142,135,152,0,960,7,20,63,935,.,.,.,12.31147541,49574,60.3995,031,N,96.6,031901130,031901
031901131,107,85,85,0,602,3,39,56,588,.,.,.,9.8323264637,47695,37.2094,031,N,96.6,031901131,031901
031901132,86,91,101,0,570,22,87,31,473,.,.,.,15.33328205,53017,34.0438,031,N,97.5,031901132,031901
031901137,150,162,189,1,1084,18,82,95,898,.,.,.,11.420289855,49130,69.0121,031,N,97.1,031901137,031901
031901140,88,110,122,0,731,4,59,73,703,.,.,.,7.5259274583,46468,45.8147,031,N,96.8,031901140,031901
031903103,97,94,105,6,688,68,35,38,601,.,.,.,13.422143542,48290,41.837,031,N,96.5,031903103,031903
031903105,65,70,59,4,419,47,11,35,396,.,.,.,11.777777778,48045,26.5888,031,N,97.3,031903105,031903
031903107,87,69,74,3,512,17,23,41,453,.,.,.,12.121212121,47875,31.9384,031,N,96.5,031903107,031903
031903109,98,83,101,1,614,39,25,40,530,.,.,.,13.053055928,48685,38.3655,031,N,96.8,031903109,031903
031903110,76,98,71,0,498,90,16,28,465,.,.,.,12.941176471,48621,33.0624,031,N,96.8,031903110,031903
031903111,102,115,143,3,748,78,48,27,441,.,.,.,12.015661794,48201,41.9815,031,N,97.2,031903111,031903
031903112,65,65,51,1,465,21,21,34,414,.,.,.,15.014405601,49981,28.4725,031,N,96.3,031903112,031903
031903116,83,88,76,1,511,14,23,35,447,.,.,.,14.419354839,49945,30.5059,031,N,97.1,031903116,031903
031903117,154,132,124,7,858,120,91,40,504,.,.,.,14.78,49390,48.6505,031,N,96.9,031903117,031903
031903120,106,130,120,5,754,28,38,44,598,.,.,.,15.76744186,50584,42.0072,031,N,96.5,031903120,031903
031903123,88,66,72,8,533,35,22,32,413,.,.,.,8.3960425817,45767,31.4257,031,N,96.4,031903123,031903
031906101,94,78,70,1,539,25,28,27,437,.,.,.,12.088235294,46231,34.0064,031,N,96.9,031906101,031906
031906102,51,69,54,0,378,8,24,12,282,.,.,.,14.461632564,48160,26.001,031,N,96.7,031906102,031906
031906103,57,61,49,0,357,2,19,10,316,.,.,.,10.409090909,45173,22.0051,031,N,96.1,031906103,031906
031906104,103,118,92,1,623,15,35,30,497,.,.,.,12.722222222,46723,36.0091,031,N,97,031906104,031906
031906107,98,114,104,0,709,4,22,23,596,.,.,.,8.6352626071,44563,40.0639,031,N,97.2,031906107,031906
031906108,104,90,86,2,615,22,45,37,382,.,.,.,7.7444984472,43365,38.1163,031,N,97.2,031906108,031906
031906109,92,109,74,0,587,16,54,23,353,.,.,.,9.6417546326,44183,35.9974,031,N,96.5,031906109,031906
031906110,75,82,65,0,465,19,18,25,341,.,.,.,8.2372067628,43757,30.0185,031,N,.,031906110,031906
031912101,88,108,91,2,607,0,9,25,491,.,.,.,11.666666667,44959,29.4999,031,N,96.9,031912101,031912
031912104,73,105,91,1,534,17,54,20,319,.,.,.,23.193548387,52316,30.39,031,N,96.6,031912104,031912
031912108,64,63,66,1,457,5,2,10,407,.,.,.,17.695652174,50509,21.8855,031,N,96.4,031912108,031912
031912109,80,64,65,2,512,7,7,29,477,.,.,.,11.730769231,45851,26.0007,031,N,96.1,031912109,031912
031912112,67,89,84,0,577,0,6,24,509,.,.,.,13.266666667,47823,29.2187,031,N,96.7,031912112,031912
031912116,89,88,91,0,618,5,3,35,516,.,.,.,11.9375,44706,30.2071,031,N,95.9,031912116,031912
038901102,95,86,76,22,535,278,29,39,324,.,.,.,14.4,40809,39.503,038,N,96.2,038901102,038901
039903101,31,37,31,2,230,197,7,21,135,.,.,.,8.6106558351,36568,15.8185,039,N,95.8,039903101,039903
040901102,34,34,25,9,248,36,1,19,228,.,.,.,15.1,41598,17.8415,040,N,96.1,040901102,040901
040902101,17,21,19,1,138,73,6,13,57,.,.,.,19.95632891,44869,15.256,040,N,95.9,040902101,040902
042905101,11,14,11,0,83,59,0,7,66,.,.,.,8.625,36844,6.3413,042,N,96.7,042905101,042905
043902103,91,107,89,27,603,394,11,46,293,.,.,.,9.5036035456,44363,42.0027,043,N,96.5,043902103,043902
043910118,63,60,66,38,418,185,36,62,98,.,.,.,12.179487179,52192,38.6147,043,N,96.8,043910118,043910
046901102,52,59,62,2,392,116,7,16,248,.,.,.,16.245614035,51396,25.7844,046,N,97,046901102,046901
046902104,54,69,57,12,372,138,40,21,240,.,.,.,11.947224435,48182,28.2108,046,N,96.2,046902104,046902
046902117,82,98,79,5,550,161,19,52,400,.,.,.,11.525,49064,38.5884,046,N,95.5,046902117,046902
046902119,83,78,73,10,537,231,46,33,282,.,.,.,11.857571661,49371,34.2527,046,N,.,046902119,046902
050910101,139,119,114,145,900,515,21,77,575,.,.,.,9.9300881671,47324,59.8174,050,N,95.7,050910101,050910
050910102,75,78,61,138,548,251,12,44,322,.,.,.,16.170731707,51463,39.3156,050,N,96.1,050910102,050910
050910105,63,61,51,116,599,256,32,46,369,.,.,.,8.4117647059,46126,33.8375,050,N,95.1,050910105,050910
050910106,95,61,69,97,551,296,17,46,268,.,.,.,9.8710863852,46751,36.6928,050,N,96.2,050910106,050910
050910107,159,142,138,218,1036,467,34,63,519,.,.,.,7.1018257985,46271,65.7611,050,N,96.2,050910107,050910
052901101,64,78,73,18,507,141,14,32,292,.,.,.,13.871794872,50107,36.8531,052,N,95.5,052901101,052901
054901101,16,43,32,6,198,50,6,11,155,.,.,.,10.578947368,38547,18.4718,054,N,95.6,054901101,054901
054903102,41,38,34,2,308,65,3,32,263,.,.,.,7.0331892985,35664,21.7154,054,N,95.8,054903102,054903
055901102,33,38,30,0,232,16,1,11,178,.,.,.,14.222222222,43414,17.4539,055,N,94.6,055901102,055901
057815101,88,81,77,411,901,134,41,48,881,.,.,.,2.340018524,46003,58.7025,057,Y,96.5,057815101,057815
057830001,67,73,81,92,507,6,0,22,444,.,.,.,7.5931235393,46805,26.0258,057,Y,97.6,057830001,057830
057831001,74,68,65,460,473,3,0,27,365,.,7.4,.,9.2058823529,40226,33.9986,057,Y,97.3,057831001,057831
057839101,61,60,59,19,602,39,0,38,568,.,.,.,1.9250042778,42245,32.7283,057,Y,96.7,057839101,057839
057903103,99,95,86,17,721,7,28,67,629,.,.,.,8.3963837403,51276,41.7628,057,N,96.9,057903103,057903
057903106,60,41,68,32,533,123,17,33,304,.,.,.,9.3841036031,51181,32.8697,057,N,96.8,057903106,057903
057903109,76,73,72,14,506,33,14,33,437,.,.,.,9.21875,51583,31.9997,057,N,97.5,057903109,057903
057903122,63,79,79,47,472,200,36,47,174,.,.,.,12.814814815,53126,27.0037,057,N,97.8,057903122,057903
057903132,54,43,33,64,459,76,28,23,94,.,.,.,10.078946774,51197,26.5507,057,N,96.4,057903132,057903
057905101,77,99,94,53,675,11,72,35,648,.,.,.,8.4968944099,53569,39.5552,057,N,96.9,057905101,057905
057905103,83,86,80,65,639,2,58,29,592,.,.,.,16.164383562,59150,36.4991,057,N,96,057905103,057905
057905106,36,39,30,124,220,3,65,7,211,.,.,.,12.911660777,56559,15.9459,057,N,96.8,057905106,057905
057905108,84,91,89,241,647,7,42,58,626,.,.,.,12.826347305,56037,41.7461,057,N,95.7,057905108,057905
057905114,85,91,80,407,554,5,45,29,535,.,.,.,12.333333333,56850,35.9994,057,N,96.7,057905114,057905
057905115,81,92,105,203,614,3,66,33,591,.,.,.,8.027027027,50995,37.0011,057,N,95.9,057905115,057905
057905118,66,121,107,424,587,3,68,29,582,.,.,.,12.256410256,54596,38.9986,057,N,94.7,057905118,057905
057905119,101,101,84,26,650,32,59,46,589,.,.,.,11.525641026,54582,38.7552,057,N,96.7,057905119,057905
057905120,110,98,106,17,703,15,74,36,649,.,.,.,10.579635684,53590,42.6361,057,N,96.7,057905120,057905
057905124,91,93,60,454,606,7,57,26,598,.,.,.,17.641975309,62521,40.5029,057,N,95.2,057905124,057905
057905127,32,33,21,53,236,7,8,15,224,.,.,.,13.675,58283,19.5484,057,N,97,057905127,057905
057905128,40,42,36,243,253,2,29,24,243,.,.,.,12.361111111,65645,18.0002,057,N,96.7,057905128,057905
057905131,82,74,64,28,504,6,48,34,492,.,.,.,7.7627118644,53407,29.5024,057,N,97.2,057905131,057905
057905133,90,90,76,88,569,2,27,47,559,.,.,.,11.05,53557,40.0018,057,N,96.7,057905133,057905
057905135,59,71,58,32,385,132,59,24,186,.,.,.,17.819908815,58035,26.0875,057,N,97.4,057905135,057905
057905140,52,44,45,75,295,6,49,25,292,.,.,.,11.795454545,58717,22.0047,057,N,96.8,057905140,057905
057905141,55,37,30,23,350,10,12,11,345,.,.,.,7.0638297872,54840,23.5006,057,N,96.1,057905141,057905
057905142,96,91,90,528,620,2,38,27,611,.,.,.,13.646341463,56029,41.0006,057,N,96.6,057905142,057905
057905148,82,73,69,65,528,18,53,35,483,.,.,.,9.1692677071,51981,33.1014,057,N,95.8,057905148,057905
057905157,40,41,36,22,290,3,31,14,269,.,.,.,9.4390243902,53945,19.6728,057,N,97,057905157,057905
057905158,65,65,66,3,437,5,19,20,403,.,.,.,12.475409836,56716,30.5003,057,N,96.5,057905158,057905
057905159,146,130,125,175,1000,39,71,44,983,.,.,.,13.202059659,57243,55.8512,057,N,96.1,057905159,057905
057905160,40,28,30,10,283,4,35,33,270,.,.,.,9.2444444444,53843,21.954,057,N,97.4,057905160,057905
057905161,101,113,99,130,662,8,52,46,637,.,.,.,13.160493827,55364,39.0348,057,N,96.1,057905161,057905
057905166,108,114,100,74,729,35,52,43,668,.,.,.,14.658536585,55947,40.8089,057,N,97.1,057905166,057905
057905168,101,93,106,6,700,3,91,43,666,.,.,.,10,53247,42.5007,057,N,97,057905168,057905
057905169,88,84,81,118,598,66,97,33,474,.,.,.,16.026666667,57769,36.6329,057,N,96.9,057905169,057905
057905173,72,147,140,79,611,23,101,31,550,.,.,.,11.544303797,54820,39.5011,057,N,96,057905173,057905
057905177,50,69,55,28,488,62,39,37,429,.,.,.,9.393442623,53713,30.5011,057,N,96.9,057905177,057905
057905178,64,59,51,242,394,0,8,11,389,.,.,.,12.8,54692,30.0024,057,N,95.9,057905178,057905
057905181,78,52,59,12,476,57,42,24,464,.,.,.,9.2631578947,51742,28.5014,057,N,97,057905181,057905
057905182,148,113,124,37,906,8,63,53,893,.,.,.,8.3148148148,51153,54.0037,057,N,96.7,057905182,057905
057905183,92,90,103,467,554,2,47,24,529,.,.,.,12.914285714,54831,34.997,057,N,96.3,057905183,057905
057905184,35,38,35,10,292,17,27,12,252,.,.,.,13.710526316,59471,19.0009,057,N,97.4,057905184,057905
057905185,54,64,69,236,420,1,23,39,387,.,.,.,13.559322034,55928,29.5014,057,N,95.4,057905185,057905
057905186,64,54,52,179,433,6,19,30,421,.,.,.,7.2033898305,51324,29.5028,057,N,95.7,057905186,057905
057905196,61,56,42,285,353,1,39,22,342,.,.,.,13.727272727,62983,21.5377,057,N,94.5,057905196,057905
057905198,70,67,53,66,484,36,48,25,442,.,.,.,12.515235457,54369,32.4918,057,N,96.7,057905198,057905
057905199,99,101,105,45,656,45,51,41,600,.,.,.,17.629279811,59175,42.3489,057,N,96.8,057905199,057905
057905200,56,50,58,310,429,3,39,24,405,.,.,.,13.74137931,59556,29.0018,057,N,94.9,057905200,057905
057905201,72,94,63,551,565,1,56,36,529,.,.,.,17.386554622,62610,32.8336,057,N,97.1,057905201,057905
057905202,73,67,85,42,509,8,53,29,492,.,.,.,10.690140845,53825,35.4972,057,N,97.2,057905202,057905
057905206,66,71,75,48,496,48,66,21,405,.,.,.,14.893939394,56669,33.0024,057,N,96.5,057905206,057905
057905209,91,83,79,24,662,10,19,34,654,.,.,.,6.987654321,50985,40.4997,057,N,96.4,057905209,057905
057905213,52,65,46,121,394,2,8,12,385,.,.,.,12.545454545,54742,27.5027,057,N,96.3,057905213,057905
057905216,127,133,120,413,962,10,75,66,923,.,.,.,7.9384615385,51225,65.0004,057,N,95.8,057905216,057905
057905218,140,149,106,429,994,14,77,63,897,.,.,.,10.185854026,52279,66.4511,057,N,95.9,057905218,057905
057905222,116,129,96,31,805,7,81,20,763,.,.,.,8.2954545455,51909,43.997,057,N,96.7,057905222,057905
057905226,88,78,73,160,523,9,27,38,517,.,.,.,11.462004405,55849,35.3431,057,N,96.4,057905226,057905
057905228,31,41,35,17,276,8,25,36,264,.,.,.,11.18,53388,24.0356,057,N,96.4,057905228,057905
057905229,119,125,95,10,814,7,53,22,778,.,.,.,9.4117647059,53026,50.9966,057,N,96.6,057905229,057905
057905232,126,109,87,171,747,18,33,44,713,.,.,.,9.1404532197,53463,44.5689,057,N,96.1,057905232,057905
057905233,74,72,70,82,498,37,55,24,420,.,.,.,17.741108619,60871,31.0756,057,N,97,057905233,057905
057905234,138,137,112,27,766,5,76,20,756,.,.,.,11.409090909,53585,43.9988,057,N,96.8,057905234,057905
057905235,80,73,76,393,493,4,7,39,461,.,.,.,14.983907306,58782,30.9568,057,N,96.1,057905235,057905
057905250,83,89,97,266,529,9,56,33,514,.,.,.,12.787878788,55689,32.8914,057,N,95.7,057905250,057905
057905260,73,57,49,10,454,7,43,21,448,.,.,.,7.8947368421,52158,28.502,057,N,97.1,057905260,057905
057905263,51,57,56,262,339,1,35,6,329,.,.,.,11.132075472,58481,26.4988,057,N,96.7,057905263,057905
057905264,128,115,125,673,836,10,43,64,786,.,.,.,16.048102383,57754,44.775,057,N,95.1,057905264,057905
057905265,75,61,69,9,547,3,42,31,515,.,.,.,14.811594203,57900,34.5012,057,N,95.9,057905265,057905
057905268,76,162,124,15,648,11,85,45,634,.,.,.,16.582278481,56789,39.498,057,N,97.2,057905268,057905
057905269,39,53,45,105,384,15,27,26,348,.,.,.,8.775862069,53013,28.9988,057,N,95.5,057905269,057905
057905271,163,124,136,4,1019,2,90,21,967,.,.,.,8.57,52028,49.4963,057,N,96.7,057905271,057905
057905273,92,110,84,144,638,12,43,41,624,.,.,.,11.321428571,54981,41.4718,057,N,96.9,057905273,057905
057905278,86,89,108,7,627,6,30,41,602,.,.,.,8.9733333333,52741,37.4982,057,N,96.3,057905278,057905
057905280,214,168,180,353,1360,57,167,75,1173,.,.,.,12.042845372,54734,71.7668,057,N,97.1,057905280,057905
057905289,69,62,68,11,462,4,36,20,448,.,.,.,9.813559322,53795,29.5037,057,N,97,057905289,057905
057906102,105,97,92,454,559,41,88,45,343,.,.,.,15.027027027,53117,35.2172,057,N,97.1,057906102,057906
057906106,89,79,74,424,526,28,43,70,412,.,.,.,9.5428571429,48523,34.9984,057,N,96.6,057906106,057906
057906107,97,104,121,526,615,24,69,75,394,.,.,.,7.25,48353,39.3587,057,N,97.2,057906107,057906
057906108,105,94,96,374,645,35,40,59,506,.,.,.,12.761904762,51227,40.6854,057,N,96.3,057906108,057906
057906109,124,109,122,515,667,34,62,62,454,.,.,.,9.5622117005,49744,40.9945,057,N,97,057906109,057906
057909102,83,82,76,51,585,29,12,52,517,.,.,.,13.210526316,50727,34.0676,057,N,96.9,057909102,057909
057909112,88,63,77,42,503,55,8,70,424,.,.,.,13.132322161,50593,33.1445,057,N,96.7,057909112,057909
057909115,106,107,110,79,596,116,40,46,362,.,.,.,10.705882353,49561,32.702,057,N,97.6,057909115,057909
057909119,79,81,79,47,523,32,12,39,449,.,.,.,10.058823529,50185,32.1607,057,N,97.3,057909119,057909
057909122,86,89,87,43,525,132,346,25,267,.,.,.,18.028571429,53401,31.1291,057,N,98,057909122,057909
057909132,86,75,82,86,523,119,7,40,377,.,.,.,14.457142857,51757,33.4568,057,N,97.1,057909132,057909
057909133,93,102,101,142,610,70,8,50,451,.,.,.,12.618311636,50842,39.1296,057,N,97.1,057909133,057909
057909136,97,112,111,234,669,127,2,61,482,.,.,.,10.94,49954,43.9003,057,N,96.6,057909136,057909
057909140,103,99,89,112,576,141,15,40,348,.,.,.,13.472222222,50888,34.0864,057,N,97.4,057909140,057909
057909141,81,76,86,183,537,89,3,52,398,.,.,.,10.918918919,49481,34.366,057,N,97,057909141,057909
057910101,65,82,81,67,536,60,26,32,464,.,.,.,7.7777777778,49503,35.9997,057,N,95.1,057910101,057910
057910109,98,78,98,52,582,55,26,21,522,.,.,.,5.1428571429,48839,35.0037,057,N,95,057910109,057910
057910113,121,116,115,153,766,121,51,48,592,.,.,.,8.75,50063,46.6549,057,N,96.5,057910113,057910
057910119,96,74,108,61,532,89,29,31,369,.,.,.,10.875,51067,31.1685,057,N,96.6,057910119,057910
057910122,87,97,92,91,609,67,27,51,503,.,.,.,6.9735604885,49234,34.9932,057,N,95.7,057910122,057910
057910125,91,102,106,188,607,84,53,49,398,.,.,.,9.2631578947,50734,38.0022,057,N,96.3,057910125,057910
057910130,89,78,89,161,549,137,38,50,317,.,.,.,8.5588235294,49516,34.0007,057,N,96.5,057910130,057910
057913101,41,69,68,181,345,14,35,16,313,.,.,.,9.619047619,49888,21.0008,057,N,96.3,057913101,057913
057913102,107,77,81,424,665,19,64,32,581,.,.,.,10.378207107,50472,38.7264,057,N,96.7,057913102,057913
057913103,37,33,42,118,272,25,29,22,252,.,.,.,13.55,52994,20.0006,057,N,95.7,057913103,057913
057913109,86,66,86,460,522,10,39,54,469,.,.,.,7.8125,48980,32.0002,057,N,95.9,057913109,057913
057913110,58,73,69,358,474,24,33,20,407,.,.,.,5.6896551724,48110,28.7146,057,N,96,057913110,057913
057922106,79,85,98,9,549,231,66,44,155,.,.,.,12.461538462,53192,38.9966,057,N,97.3,057922106,057922
059901104,81,83,72,6,480,94,8,22,359,.,.,.,13.684210526,45002,34.9602,059,N,96.3,059901104,059901
060902101,48,47,75,45,412,313,32,20,269,.,.,.,18.180327869,42920,30.5053,060,N,96,060902101,060902
060914102,7,12,15,39,100,59,0,12,85,.,.,.,11.774963344,39920,8.9487,060,N,94.7,060914102,060914
061901111,64,60,56,31,399,114,25,41,304,.,.,.,11.2,51479,37.5274,061,N,96.8,061901111,061901
061901120,95,66,97,149,634,354,31,35,213,.,.,.,7.4815988295,49338,41.4895,061,N,96.8,061901120,061901
061902101,134,100,128,17,892,25,36,78,802,.,.,.,7.5074626866,47028,66.3144,061,N,97.5,061902101,061902
061902109,110,107,98,29,706,155,24,68,493,.,.,.,11.037037037,50408,54.004,061,N,97.3,061902109,061902
061902142,94,94,77,22,613,61,32,40,399,.,.,.,6.625,47756,47.7203,061,N,97.2,061902142,061902
061911111,62,59,54,9,400,304,21,42,156,.,.,.,9.253968254,53557,30.0972,061,N,95.7,061911111,061911
061912101,122,108,105,11,708,444,31,58,348,.,.,.,10.909108603,47004,50.8794,061,N,96,061912101,061912
062904102,39,38,46,7,244,103,1,26,164,.,.,.,15.444444444,42843,17.9989,062,N,97.4,062904102,062904
066903102,56,62,55,0,402,39,6,27,293,.,.,.,11.48,44346,24.9997,066,N,96.5,066903102,066903
070801101,18,11,18,37,115,48,0,13,76,.,.,.,3.5833333333,44231,7.5385,070,Y,96.5,070801101,070801
070912106,94,102,109,55,556,281,9,69,339,.,.,.,13.586467981,47857,36.156,070,N,96.3,070912106,070912
071901102,121,141,121,3,949,26,30,44,882,.,.,.,12.037735849,52004,51.8105,071,N,96.5,071901102,071901
071902102,60,63,57,3,422,6,5,20,410,.,.,.,10.366666667,48223,29.3082,071,N,96.3,071902102,071902
071902104,75,76,72,0,484,3,23,47,470,.,.,.,16.830985915,51858,33.9778,071,N,96.3,071902104,071902
071902106,48,48,37,3,299,6,23,37,255,.,.,.,12.461538462,48876,24.722,071,N,96.2,071902106,071902
071902108,54,55,51,35,390,39,30,23,349,.,.,.,15.857142857,51274,27.0343,071,N,95.6,071902108,071902
071902109,89,101,100,2,649,9,27,34,588,.,.,.,15.119047619,50949,41.1255,071,N,95.9,071902109,071902
071902110,73,86,70,4,529,12,53,35,444,.,.,.,13,49211,36.2323,071,N,95.9,071902110,071902
071902111,71,71,81,0,531,1,24,23,511,.,.,.,16.052631579,51314,36.903,071,N,95.8,071902111,071902
071902112,114,125,99,7,713,15,14,51,624,.,.,.,12.610630876,49387,46.0394,071,N,96.4,071902112,071902
071902113,97,72,85,27,574,28,35,54,518,.,.,.,10.947278681,48124,38.4136,071,N,95.3,071902113,071902
071902114,65,68,52,4,444,5,8,33,438,.,.,.,13.93789475,49907,30.9983,071,N,95.9,071902114,071902
071902118,89,82,82,1,536,2,10,18,527,.,.,.,11.633419895,48866,36.8808,071,N,95.9,071902118,071902
071902119,41,48,39,4,285,2,19,22,276,.,.,.,11.681818182,48387,20.7672,071,N,96.1,071902119,071902
071902123,79,104,107,45,637,61,50,47,487,.,.,.,14.863636364,50841,42.9862,071,N,95.1,071902123,071902
071902125,103,95,84,4,652,9,8,33,626,.,.,.,15.066666667,51208,43.262,071,N,96.6,071902125,071902
071902128,80,58,68,91,612,205,30,97,456,.,.,.,11.658536585,48445,39.9458,071,N,96,071902128,071902
071902130,121,120,148,2,855,106,309,62,437,.,.,.,11.553571429,49064,53.6618,071,N,96.5,071902130,071902
071902131,48,63,46,71,351,159,17,34,87,.,.,.,9.1304347826,47330,22.4315,071,N,96.4,071902131,071902
071902133,76,91,77,10,559,44,17,52,493,.,.,.,11.641025641,48837,38.1248,071,N,96.6,071902133,071902
071902134,76,77,92,29,538,79,55,36,355,.,.,.,12.085714286,49218,34.0503,071,N,96.6,071902134,071902
071902135,61,87,72,11,478,61,8,63,354,.,.,.,15.80952381,51483,40.2555,071,N,96.9,071902135,071902
071902136,86,115,99,3,641,20,54,69,589,.,.,.,13.127659574,49801,46.4996,071,N,95.3,071902136,071902
071902138,59,57,70,2,463,9,10,39,439,.,.,.,14.611803474,50209,31.5388,071,N,96,071902138,071902
071902140,44,35,33,10,271,33,8,19,238,.,.,.,13,49414,19.0672,071,N,95.9,071902140,071902
071902142,96,94,89,37,600,56,14,43,475,.,.,.,12.56097561,48752,40.2847,071,N,95.5,071902142,071902
071902143,75,57,58,24,440,63,7,44,389,.,.,.,10.691639493,48032,32.3307,071,N,95.3,071902143,071902
071902146,73,89,82,11,552,83,60,53,273,.,.,.,14.951194505,50817,39.2085,071,N,95.3,071902146,071902
071902147,95,96,98,1,518,93,84,68,272,.,.,.,14.891891892,50691,36.1446,071,N,96.4,071902147,071902
071902148,43,37,28,0,278,0,23,16,271,.,.,.,12.583333333,49010,23.1251,071,N,96.8,071902148,071902
071902149,80,83,69,20,541,31,19,36,483,.,.,.,10.399856801,47766,34.7022,071,N,95.9,071902149,071902
071902150,95,103,75,22,687,24,17,44,653,.,.,.,14.723142258,50513,43.0681,071,N,96.1,071902150,071902
071902153,117,96,99,30,680,66,24,52,535,.,.,.,12.054122295,48807,44.1178,071,N,95.9,071902153,071902
071902156,80,83,84,18,532,72,27,77,393,.,.,.,13.938833835,49915,31.379,071,N,95.6,071902156,071902
071902161,114,96,118,57,606,171,54,55,312,.,.,.,12.047803136,48935,38.3595,071,N,96.5,071902161,071902
071902165,81,69,92,49,517,74,29,52,369,.,.,.,11.282051282,48412,38.1434,071,N,96.3,071902165,071902
071902167,87,65,82,2,533,5,14,52,489,.,.,.,13.842105263,49756,36.7332,071,N,96.9,071902167,071902
071902178,92,99,96,100,584,105,53,55,264,.,.,.,8.2609504077,46995,35.6032,071,N,96.5,071902178,071902
071905122,118,104,114,0,753,1,24,89,700,.,.,.,11.918367347,50739,48.9994,071,N,96.5,071905122,071905
071906101,49,57,68,9,438,81,5,38,438,.,.,.,13.538461538,51019,26.0033,071,N,96.5,071906101,071906
071907102,73,66,73,0,443,1,25,35,410,.,.,.,18.331952689,51151,26.9199,071,N,96.4,071907102,071907
071907104,94,65,88,1,499,6,21,64,450,.,.,.,13.106727816,48612,29.567,071,N,96.5,071907104,071907
071909105,143,154,164,9,1008,34,29,64,836,.,.,.,10.605591973,49286,49.3957,071,N,95.9,071909105,071909
071909106,119,107,112,5,783,22,17,67,681,.,.,.,8.7715953356,48285,40.1793,071,N,96.6,071909106,071909
071909125,194,175,150,69,1170,95,57,91,860,.,.,.,10.043374595,48944,57.4525,071,N,95.8,071909125,071909
071909126,108,115,125,21,725,74,48,46,400,.,.,.,10.157894737,48954,37.1523,071,N,96.6,071909126,071909
071909127,124,146,165,26,879,77,37,62,549,.,.,.,5.6361875985,46210,42.7593,071,N,96.2,071909127,071909
071909128,100,90,92,18,630,54,17,51,476,.,.,.,8.8823529412,48192,33.0718,071,N,96.6,071909128,071909
074912101,37,29,41,1,257,210,2,15,134,.,.,.,11.540756664,39034,17.4475,074,N,97.1,074912101,074912
076904101,26,18,19,5,153,71,5,15,122,.,.,.,15.896551724,43776,12.1137,076,N,94.9,076904101,076904
077901101,57,63,69,22,452,86,15,27,345,.,.,.,13.333333333,40519,31.0999,077,N,95.8,077901101,077901
079901101,60,59,56,41,411,87,22,23,310,.,.,.,11.62962963,52655,26.2207,079,N,97,079901101,079901
079901102,120,93,101,48,740,62,27,52,624,.,.,.,11.056421806,51886,43.1305,079,N,97,079901102,079901
079901105,75,80,67,68,560,86,25,58,463,.,.,.,11.366428336,52305,38.7038,079,N,96.5,079901105,079901
079901108,111,108,117,88,767,69,26,49,612,.,.,.,11.350057886,52722,45.0319,079,N,97,079901108,079901
079901109,108,106,109,33,689,80,32,64,543,.,.,.,10.432371598,51366,48.2967,079,N,97.3,079901109,079901
079901117,41,32,33,69,253,5,16,21,239,.,.,.,13.291265337,53822,18.8022,079,N,95.6,079901117,079901
079907114,138,131,149,160,823,72,5,46,570,.,.,.,10.84081065,51029,56.4601,079,N,96.8,079907114,079907
079907125,77,86,94,38,534,353,25,38,72,.,.,.,15.148324059,54639,30.4075,079,N,96.9,079907125,079907
079907129,108,108,129,241,761,25,6,38,503,.,.,.,8.114548184,50704,49.5371,079,N,97,079907129,079907
079907140,143,152,142,209,914,85,16,41,221,.,.,.,10.556731453,51588,52.32,079,N,97.9,079907140,079907
079907141,139,122,136,337,830,50,4,34,362,.,.,.,6.7308656463,49028,51.801,079,N,97.4,079907141,079907
079907143,109,121,143,319,758,16,11,39,455,.,.,.,8.5789473684,50405,47.7527,079,N,97.1,079907143,079907
079907150,71,70,71,128,464,39,4,28,316,.,.,.,9.3647450518,51506,29.958,079,N,.,079907150,079907
082902101,64,83,61,0,500,38,14,30,384,.,.,.,15.233660037,49627,33.2158,082,N,95.9,082902101,082902
084902114,0,0,50,166,465,97,0,22,377,.,.,.,28,58433,1,084,N,94.2,084902114,084902
084903101,6,8,9,0,56,50,0,4,42,.,.,.,12.625,38057,5.8831,084,N,95.5,084903101,084903
084910101,82,86,88,51,567,297,37,46,230,.,.,.,10.756906077,49499,36.2021,084,N,96.3,084910101,084910
084910103,59,59,56,12,438,211,18,56,280,.,.,.,12.706955984,50391,40.3881,084,N,96.3,084910103,084910
084910108,126,103,108,81,701,273,26,88,348,.,.,.,10.243692428,49448,53.9232,084,N,96.7,084910108,084910
084910111,68,86,78,44,492,263,34,29,159,.,.,.,11.787001941,49953,36.9092,084,N,96.2,084910111,084910
084910112,130,121,126,54,841,367,43,63,304,.,.,.,8.2,47973,52.505,084,N,96.4,084910112,084910
091903102,33,37,27,24,236,161,2,39,187,.,.,.,19.409090909,47395,18.5536,091,N,96.4,091903102,091903
091903112,42,37,42,20,261,161,7,27,146,.,.,.,10.473684211,44117,17.6661,091,N,97.1,091903112,091903
091903113,55,56,52,41,360,236,4,47,251,.,.,.,12.931034483,45698,26.6265,091,N,96.2,091903113,091903
091903114,80,72,64,102,482,268,2,62,400,.,.,.,14.0625,46175,30.3651,091,N,96.1,091903114,091903
091910101,56,59,51,24,371,295,21,28,172,.,.,.,14.698340783,44872,24.0328,091,N,96.9,091910101,091910
092903121,83,84,78,308,572,78,2,50,475,.,.,.,13.055555556,45554,35.5036,092,N,.,092903121,092903
092903125,69,98,81,296,702,16,1,29,636,.,.,.,13.245527303,47201,41.2431,092,N,.,092903125,092903
092906102,107,91,96,37,640,447,41,42,339,.,.,.,14.627906977,42101,43.0037,092,N,96.8,092906102,092906
093901101,55,53,46,23,347,255,23,28,175,.,.,.,8.8636363636,39704,22.0028,093,N,96.5,093901101,093901
093904106,44,47,41,15,316,198,5,25,223,.,.,.,15.076923077,44516,25.2,093,N,96.8,093904106,093904
098904101,68,70,62,0,459,143,25,13,305,.,.,.,16.777777778,47357,34.7649,098,N,96.9,098904101,098904
100905105,99,83,98,16,580,529,14,27,227,.,.,.,14.545454545,42863,44.0011,100,N,95.4,100905105,100905
100908101,50,43,47,2,309,294,16,23,183,.,.,.,12.088805064,39692,18.848,100,N,94.4,100908101,100908
101802101,68,62,67,7,487,0,0,15,446,.,.,.,5.5211267606,46627,33.2781,101,Y,97.7,101802101,101802
101805101,68,55,68,428,468,4,2,18,446,.,.,.,6.1224542113,42056,28.8664,101,Y,96.6,101805101,101805
101806102,45,43,66,0,339,2,0,26,339,.,.,.,3.8888888889,49286,17.0394,101,Y,.,101806102,101806
101809101,41,36,31,13,249,159,11,29,82,.,.,.,7.1774200755,45332,17.9041,101,Y,95.6,101809101,101809
101810002,38,17,14,195,582,2,0,5,559,.,.,.,8.25,39600,32.0005,101,Y,96.4,101810002,101810
101813106,100,0,99,182,767,22,2,23,729,.,.,.,2.5175438596,43705,42.6533,101,Y,97.8,101813106,101813
101813107,49,49,99,113,778,10,0,11,738,.,.,.,4.9714285714,49285,34.042,101,Y,97.5,101813107,101813
101814101,85,63,69,631,792,6,16,15,776,.,.,.,10.41025641,38022,39,101,Y,98.6,101814101,101814
101814102,71,51,29,199,485,8,0,5,480,.,.,.,13.416666667,38932,24,101,Y,98.8,101814102,101814
101814103,24,18,22,99,390,0,0,11,382,.,.,.,11.421052632,38546,19,101,Y,98.8,101814103,101814
101815101,37,29,17,43,242,6,0,8,242,.,.,.,3.3981893633,39212,9.9523,101,Y,97,101815101,101815
101829101,10,6,4,44,115,2,0,3,114,.,.,.,3.875,38937,7.9999,101,Y,97,101829101,101829
101833101,10,12,8,146,229,0,0,6,225,.,.,.,7.4624908958,44159,10.8756,101,Y,97.1,101833101,101833
101853101,42,42,38,9,308,6,0,16,295,.,.,.,1.8,45258,20.0014,101,Y,96.6,101853101,101853
101853105,18,14,10,78,114,0,0,5,102,.,.,.,2.875,44599,7.999,101,Y,95.9,101853105,101853
101861101,31,13,15,245,355,3,62,21,287,.,.,.,2.2,45681,17.4998,101,Y,97,101861101,101861
101903109,168,147,2,257,893,13,1,45,710,.,.,.,9.134692567,51543,59.3263,101,N,96.8,101903109,101903
101903122,152,134,82,199,979,18,2,45,899,.,.,.,6.1861009122,49599,66.3885,101,N,96.1,101903122,101903
101907101,146,118,133,75,933,35,4,52,848,.,.,.,7.0504201681,48074,59.5012,101,N,96.4,101907101,101907
101907136,149,145,122,76,943,234,25,42,464,.,.,.,9.3752507123,49876,56.1933,101,N,97.6,101907136,101907
101907155,119,122,139,140,821,347,18,55,182,.,.,.,7.9480528162,49070,46.9808,101,N,.,101907155,101907
101909104,78,79,73,346,682,11,18,28,682,.,.,.,8.0977922143,46642,43.966,101,N,94.8,101909104,101909
101909106,72,55,48,367,458,5,3,34,458,.,.,.,9.2285714286,46342,33.8563,101,N,96.3,101909106,101909
101910108,140,134,112,125,867,117,40,51,720,.,.,.,8.5042794348,49112,59.3812,101,N,96.9,101910108,101910
101910110,76,70,60,15,454,13,53,20,384,.,.,.,6.9017331017,47824,32.8723,101,N,97.1,101910110,101910
101910111,97,102,86,175,608,34,30,64,571,.,.,.,13.726882717,52279,48.8295,101,N,97.8,101910111,101910
101910113,106,97,117,167,669,62,43,38,438,.,.,.,8.568627451,48725,48.9634,101,N,97.4,101910113,101910
101910116,131,137,114,10,848,51,46,53,799,.,.,.,8.2264072848,48364,57.3149,101,N,97.1,101910116,101910
101911103,124,118,124,95,886,161,0,65,703,25,.,.,8.5964912281,49529,56.997,101,N,96.8,101911103,101911
101911111,128,123,111,140,826,83,0,71,721,21,.,.,10.754716981,51066,52.9954,101,N,96.6,101911111,101911
101912102,79,72,74,375,492,0,31,38,480,.,.,.,7.925,50404,33.8375,101,N,95.8,101912102,101912
101912105,88,118,99,76,660,11,25,37,651,.,.,.,15.076923077,54081,39.0021,101,N,96.8,101912105,101912
101912107,112,105,102,8,718,17,94,23,680,.,.,.,6.6363636364,48339,40.018,101,N,98,101912107,101912
101912110,63,69,59,329,425,2,13,26,417,.,.,.,11.566666667,52470,26.0002,101,N,94.3,101912110,101912
101912111,165,145,120,328,1053,33,90,47,1015,.,.,.,11.34375,52534,59.3672,101,N,95.5,101912111,101912
101912113,53,46,37,140,348,1,19,12,340,.,.,.,20.416666667,58655,22.5174,101,N,96.7,101912113,101912
101912115,68,64,60,97,489,83,74,28,377,.,.,.,11.044183638,50262,28.4089,101,N,96.4,101912115,101912
101912119,163,150,130,26,1022,5,105,30,1004,.,.,.,13.200814592,53070,55.8012,101,N,97.4,101912119,101912
101912120,82,74,77,8,599,13,74,52,578,.,.,.,12.277777778,52629,34.5,101,N,96.9,101912120,101912
101912121,99,84,94,352,599,9,26,51,577,.,.,.,8.3428571429,49557,32.5157,101,N,96.5,101912121,101912
101912122,125,123,132,92,827,10,66,33,777,.,.,.,13.298179433,51362,57.484,101,N,96.8,101912122,101912
101912123,84,85,95,558,599,2,85,50,554,.,.,.,10.230769231,51560,38.5015,101,N,95.9,101912123,101912
101912125,48,63,45,294,390,2,38,29,373,.,.,.,14.68452619,54296,23.3536,101,N,97.6,101912125,101912
101912127,28,29,32,177,193,1,8,5,191,.,.,.,15.272727273,55157,8.5011,101,N,94.6,101912127,101912
101912130,115,117,114,34,662,312,287,20,199,.,.,.,14.631037213,54457,37.2237,101,N,97.2,101912130,101912
101912132,109,126,109,74,772,25,112,54,746,.,.,.,13.636363636,53406,41.5204,101,N,97.2,101912132,101912
101912133,147,135,134,181,975,8,152,31,864,.,.,.,8.767277619,49817,54.2178,101,N,97.2,101912133,101912
101912134,30,26,26,72,243,0,29,26,236,.,.,.,7.7555555556,49096,20.7596,101,N,96.8,101912134,101912
101912135,57,65,47,20,402,9,74,26,377,.,.,.,11.88,52588,23.9995,101,N,96.5,101912135,101912
101912137,98,86,80,5,690,14,70,14,678,.,.,.,11.937706465,52036,39.4927,101,N,97.7,101912137,101912
101912138,97,94,79,4,612,3,239,29,582,.,.,.,10.68401301,49691,38.9593,101,N,97.6,101912138,101912
101912139,74,47,73,428,563,13,55,35,521,.,.,.,13.031340532,52700,32.485,101,N,96.3,101912139,101912
101912143,69,53,46,67,414,88,27,33,294,.,.,.,13.496993988,49960,21.9042,101,N,97.6,101912143,101912
101912147,85,77,68,0,550,4,54,31,536,.,.,.,11.810810811,51727,34.1971,101,N,96.7,101912147,101912
101912152,64,69,50,17,488,10,25,42,458,.,.,.,15.518518519,55548,27.0003,101,N,96.7,101912152,101912
101912154,68,67,71,476,525,1,18,43,515,.,.,.,14.5,54716,32.5,101,N,95,101912154,101912
101912155,89,67,71,2,562,2,75,28,524,.,.,.,11.162162162,51816,36.0007,101,N,96.8,101912155,101912
101912156,66,60,54,320,442,1,14,23,419,.,.,.,8.3333333333,50531,27.232,101,N,93.2,101912156,101912
101912158,140,154,128,287,938,31,47,16,849,.,.,.,13.952380952,53913,61.97,101,N,97.4,101912158,101912
101912164,59,65,56,346,380,0,9,23,370,.,.,.,12.208333333,53233,22.8126,101,N,94,101912164,101912
101912166,90,92,82,18,684,2,117,36,660,.,.,.,12.441860465,52755,41.5006,101,N,97.7,101912166,101912
101912167,90,72,82,127,624,13,66,31,606,.,.,.,13.777777778,54150,34.4999,101,N,96.9,101912167,101912
101912168,62,66,44,299,414,0,22,25,405,.,.,.,13.708333333,53942,22.8637,101,N,96.8,101912168,101912
101912170,70,80,61,22,533,48,72,54,380,.,.,.,13.548387097,53605,30.501,101,N,97.3,101912170,101912
101912171,97,115,89,2,773,4,123,30,732,.,.,.,12.917030568,53359,45.299,101,N,98.3,101912171,101912
101912172,46,41,36,268,349,2,31,21,349,.,.,.,15.782608696,54598,22.0196,101,N,96.9,101912172,101912
101912173,113,111,115,136,745,187,321,49,372,.,.,.,10.34262081,49093,45.4392,101,N,96.5,101912173,101912
101912174,97,98,74,300,643,12,27,27,616,.,.,.,8.8181818182,49839,40.3641,101,N,95.4,101912174,101912
101912175,104,136,122,388,849,8,27,45,820,.,.,.,11.333333333,52577,46.481,101,N,95.6,101912175,101912
101912180,85,72,57,216,480,1,45,35,474,.,.,.,14.716049383,52591,27.9804,101,N,97.7,101912180,101912
101912188,102,105,101,217,740,4,44,38,707,.,.,.,9.9318181818,50804,41.5781,101,N,97,101912188,101912
101912192,112,89,98,16,717,15,143,51,632,.,.,.,12.239130435,53098,43.0209,101,N,98.1,101912192,101912
101912195,117,111,94,679,707,0,122,30,565,.,.,.,9.7291666667,50151,43.479,101,N,96.3,101912195,101912
101912196,112,123,113,473,732,58,85,41,539,.,.,.,13.021276596,53487,43.9458,101,N,96.9,101912196,101912
101912197,73,65,67,37,481,1,54,35,454,.,.,.,13.84375,53597,30.0175,101,N,96.1,101912197,101912
101912198,53,65,50,23,425,36,67,30,385,.,.,.,12.122302158,52223,27.2996,101,N,97.4,101912198,101912
101912201,65,79,56,336,483,3,82,7,335,.,.,.,14.533333333,54771,29.0203,101,N,97.3,101912201,101912
101912204,53,40,47,17,335,30,38,31,276,.,.,.,12.3,52333,20.0003,101,N,97.1,101912204,101912
101912207,112,114,93,235,738,8,147,28,713,.,.,.,9.9825895537,49877,47.3119,101,N,96.4,101912207,101912
101912214,151,146,144,15,1041,8,168,47,982,.,.,.,13.633333333,53553,57.9624,101,N,97.6,101912214,101912
101912216,141,121,101,28,824,21,140,34,741,.,.,.,9.8260869565,50852,43.3376,101,N,97.5,101912216,101912
101912220,49,60,41,293,356,1,97,11,336,.,.,.,12.080088988,50819,22.3064,101,N,96.8,101912220,101912
101912221,103,116,121,116,725,243,224,35,327,.,.,.,11.386363636,52056,42.4893,101,N,96.8,101912221,101912
101912223,71,73,65,8,522,4,22,28,502,.,.,.,11.027777778,51572,33.0281,101,N,97.2,101912223,101912
101912226,46,49,46,276,320,1,17,12,306,.,.,.,15.235294118,55116,16.9996,101,N,95.1,101912226,101912
101912229,125,123,107,39,745,325,254,23,81,.,.,.,10.568181818,52091,42.0128,101,N,97.4,101912229,101912
101912231,82,85,88,73,611,8,211,28,529,.,.,.,10.268292683,50717,37.857,101,N,97,101912231,101912
101912232,70,80,55,301,462,1,50,19,441,.,.,.,12.566666667,52124,27.3176,101,N,97.2,101912232,101912
101912237,93,116,121,4,779,15,84,50,760,.,.,.,13.378290189,52124,42.8236,101,N,97.2,101912237,101912
101912238,63,42,43,71,344,1,30,26,343,.,.,.,9,49765,23.5169,101,N,96.8,101912238,101912
101912239,66,67,53,83,502,8,63,25,482,.,.,.,6.4939005317,47252,29.9728,101,N,97.6,101912239,101912
101912240,52,53,67,2,369,3,67,18,350,.,.,.,7.0416666667,48654,23.1801,101,N,97.9,101912240,101912
101912244,115,98,96,5,728,6,92,49,685,.,.,.,13.113636364,53261,42.3235,101,N,97.5,101912244,101912
101912249,115,111,109,10,732,298,311,41,296,.,.,.,12.292682927,52490,39.001,101,N,97.6,101912249,101912
101912253,105,97,95,224,687,113,72,42,504,.,.,.,15.857142857,55790,40.2704,101,N,96.4,101912253,101912
101912254,65,67,49,393,464,3,24,36,463,.,.,.,10.724137931,50819,26.3053,101,N,96.3,101912254,101912
101912257,62,77,57,398,482,13,18,20,442,.,.,.,10.352941176,51155,30.5101,101,N,95.7,101912257,101912
101912258,74,77,67,13,529,22,43,31,470,.,.,.,13.848484848,53939,32.0003,101,N,97.4,101912258,101912
101912264,138,140,152,101,1010,18,170,30,933,.,.,.,12.086823809,52037,56.9851,101,N,96.7,101912264,101912
101912265,96,109,106,204,668,5,26,50,650,.,.,.,11.777777778,52041,42.0909,101,N,96.1,101912265,101912
101912266,22,26,29,104,165,5,5,14,156,.,.,.,10.555555556,51237,14.7172,101,N,96.6,101912266,101912
101912267,118,113,110,60,811,29,121,53,734,.,.,.,17.112056738,54699,48.6591,101,N,97.5,101912267,101912
101912268,75,72,69,21,536,22,25,28,518,.,.,.,11.96875,52653,30.9828,101,N,96.6,101912268,101912
101912269,87,93,96,11,606,6,104,44,566,.,.,.,15.594594595,55197,36.0204,101,N,97.8,101912269,101912
101912274,124,131,120,232,845,147,274,42,558,.,.,.,15.77739331,55319,49.8762,101,N,96.3,101912274,101912
101912286,140,158,137,6,957,1,118,52,927,.,.,.,12.054545455,52482,54.0218,101,N,97.2,101912286,101912
101912295,144,133,135,109,993,14,75,54,988,.,.,.,8.890625,50696,62.3323,101,N,97,101912295,101912
101912299,96,82,78,364,566,5,51,51,529,.,.,.,11.268292683,52080,36.9272,101,N,95.8,101912299,101912
101912353,113,71,71,117,697,183,79,53,435,.,.,.,6.6443739321,47137,38.8805,101,N,96.4,101912353,101912
101912358,111,112,111,411,702,7,79,55,673,.,.,.,9.137254902,50106,47.02,101,N,96.7,101912358,101912
101912369,95,118,140,423,813,3,60,51,737,.,.,.,11.276595745,52197,46.4694,101,N,96.4,101912369,101912
101912389,78,97,94,4,717,3,57,47,652,.,.,.,9.8205128205,50589,37.0202,101,N,97.5,101912389,101912
101912395,124,139,104,189,787,8,85,34,692,.,.,.,11.853519984,48515,46.291,101,N,97.7,101912395,101912
101912396,112,108,109,235,791,147,77,39,444,.,.,.,9.488372093,50967,40.481,101,N,96,101912396,101912
101913101,95,96,88,130,658,120,14,50,544,.,.,.,9.6137578566,46250,45.5489,101,N,96,101913101,101913
101913103,99,102,89,182,717,81,29,58,631,.,.,.,8.5118410118,45381,45.8438,101,N,95.9,101913103,101913
101913110,97,125,134,142,816,370,35,59,297,.,.,.,8.6371844782,45777,44.2862,101,N,96.3,101913110,101913
101913114,97,86,92,13,576,406,51,56,138,.,.,.,13.029411765,47616,33.7482,101,N,96.9,101913114,101913
101913122,127,112,112,222,893,70,45,48,672,.,.,.,7.1585895668,44968,52.8696,101,N,96.4,101913122,101913
101914111,124,121,145,151,850,230,11,75,494,.,.,.,8.4102564103,48449,58.5021,101,N,96.3,101914111,101914
101914118,153,157,161,30,826,488,76,54,35,.,.,.,13.851485149,51998,49.6776,101,N,97.2,101914118,101914
101914125,188,166,173,171,1148,228,25,115,723,.,.,.,8.4569088925,47704,79.4594,101,N,96.6,101914125,101914
101915101,180,150,150,118,1046,431,32,98,431,.,.,.,11.813249757,50890,69.6476,101,N,96.7,101915101,101915
101915102,147,149,148,40,887,535,54,49,264,.,.,.,14.427294091,52434,54.9938,101,N,96.6,101915102,101915
101915103,115,122,116,41,709,446,76,51,109,.,.,.,18.32,55255,47.7214,101,N,96.9,101915103,101915
101915106,118,121,136,59,666,388,66,54,123,.,.,.,15.151606251,54026,46.4535,101,N,96.5,101915106,101915
101915109,142,141,137,73,879,385,75,44,311,.,.,.,16.916666667,54639,55.9734,101,N,96.5,101915109,101915
101915110,107,119,122,81,677,304,53,54,269,.,.,.,11.897980457,51098,48.2386,101,N,96.4,101915110,101915
101915111,107,119,131,61,701,329,60,43,151,.,.,.,9.6631578947,49929,45.1269,101,N,97.2,101915111,101915
101915112,116,142,135,432,826,8,29,51,690,.,.,.,8.6687663558,49549,68.9746,101,N,96.4,101915112,101915
101915114,120,114,130,69,756,331,26,53,359,.,.,.,13.221093261,51540,52.5637,101,N,96.5,101915114,101915
101915115,131,115,125,59,787,387,54,43,178,.,.,.,13.900198601,52495,50.7951,101,N,96.5,101915115,101915
101915116,100,100,108,175,655,229,54,57,292,.,.,.,16.076086957,53806,44.5835,101,N,96.2,101915116,101915
101915117,129,146,145,194,860,54,24,58,549,.,.,.,13.217045651,52377,65.1126,101,N,96.8,101915117,101915
101915119,118,125,127,77,748,365,33,38,261,.,.,.,16.135673392,52391,47.6879,101,N,96.8,101915119,101915
101915120,119,147,151,26,785,526,135,39,46,.,.,.,16.102147914,54056,49.3894,101,N,97.4,101915120,101915
101915122,113,129,145,182,806,32,17,44,630,.,.,.,11.66206591,51419,60.1538,101,N,97.3,101915122,101915
101915126,112,105,91,77,666,216,30,41,258,.,.,.,8.5,48690,47.6758,101,N,96.9,101915126,101915
101916103,75,88,70,90,522,167,19,40,405,.,.,.,11.857142857,51867,33.1992,101,N,95.7,101916103,101916
101917120,127,132,139,4,884,41,49,45,217,.,.,.,5.6395419618,47772,55.1078,101,N,97,101917120,101917
101917125,111,92,120,31,680,91,26,59,164,.,.,.,5.6548405665,48288,45.6876,101,N,96.3,101917125,101917
101919111,143,156,131,209,882,319,128,91,518,.,.,.,11.389830508,49207,57.2342,101,N,96.6,101919111,101919
101920103,132,101,101,34,720,57,15,62,624,.,.,.,11.641509434,51257,52.9974,101,N,96.9,101920103,101920
101920105,117,124,107,7,772,1,16,43,737,.,.,.,11.692307692,51240,52.0004,101,N,96.7,101920105,101920
101920108,73,61,63,59,423,229,21,31,143,.,.,.,11,49326,33.2525,101,N,96.8,101920108,101920
101920109,75,86,83,4,443,346,32,25,22,.,.,.,13.420238932,53169,28.4587,101,N,97.1,101920109,101920
101920113,103,99,93,23,663,39,9,66,545,.,.,.,11.490196078,50783,50.9976,101,N,96.4,101920113,101920
101920114,93,79,79,19,539,14,3,53,507,.,.,.,8.256860099,48795,44.4578,101,N,96.4,101920114,101920
101920117,90,99,72,33,582,24,14,44,505,.,.,.,10.398592169,51044,44.9597,101,N,95.9,101920117,101920
101920118,91,102,84,3,629,481,55,44,20,.,.,.,10.132970835,50245,40.4595,101,N,97.4,101920118,101920
101920119,58,51,45,54,394,60,5,39,291,.,.,.,7.7058823529,49100,34.001,101,N,96.4,101920119,101920
101920120,114,117,116,91,667,35,7,58,548,.,.,.,11.5,51419,47.4896,101,N,96.2,101920120,101920
101920121,91,107,64,104,552,195,13,45,236,.,.,.,12.71855612,51779,34.9607,101,N,96.4,101920121,101920
101920123,57,66,60,119,419,34,1,28,355,.,.,.,7.6176470588,48623,34.0016,101,N,96.1,101920123,101920
101920125,90,110,101,3,650,16,11,49,597,.,.,.,8.8444444444,49487,45,101,N,96.6,101920125,101920
102905101,50,41,55,15,351,306,7,32,161,.,.,.,11.62962963,39727,27.0006,102,N,96,102905101,102905
102906101,76,75,84,76,511,388,25,58,265,.,.,.,15.264705882,41030,33.2019,102,N,95.3,102906101,102906
105906103,63,64,45,16,561,82,16,43,424,.,.,.,6.6739130435,41576,42.9659,105,N,96.2,105906103,105906
108802103,18,16,18,2,143,18,0,3,124,.,.,.,1.125,37815,7.999,108,Y,96.9,108802103,108802
108902103,70,86,79,2,499,0,66,23,474,.,.,.,6.6383288754,45262,29.3512,108,N,96.7,108902103,108902
108902104,73,80,84,1,527,3,41,16,511,.,.,.,12.2,49407,29.7482,108,N,96.5,108902104,108902
108902105,63,58,56,0,412,0,31,9,401,.,.,.,8.3983125303,46531,26.1136,108,N,96.9,108902105,108902
108902106,103,88,88,0,613,4,60,41,602,.,.,.,7.3030622393,45917,32.8843,108,N,95.9,108902106,108902
108902109,86,79,71,0,515,5,68,30,509,.,.,.,12.709677419,50373,30.1304,108,N,96.4,108902109,108902
108902111,81,84,92,0,598,1,59,23,595,.,.,.,8.9747263619,46490,33.4745,108,N,97.1,108902111,108902
108902113,127,114,110,0,796,7,69,34,793,.,.,.,4.7967331321,43731,46.1958,108,N,96.8,108902113,108902
108902117,93,105,116,0,657,0,116,31,653,.,.,.,13.009171912,49684,34.9633,108,N,97.2,108902117,108902
108902118,108,119,88,0,751,0,113,18,735,.,.,.,8.7285729648,46268,42.1185,108,N,96.9,108902118,108902
108904103,46,51,38,0,326,4,3,11,304,.,.,.,12.428571429,49608,21.002,108,N,97.7,108904103,108904
108904104,89,92,98,0,614,0,12,24,558,.,.,.,17.428571429,53631,34.4752,108,N,97.6,108904104,108904
108904105,74,68,81,3,462,11,83,39,291,.,.,.,15.468103849,52812,27.9445,108,N,97.5,108904105,108904
108904106,93,93,111,3,598,25,122,34,310,.,.,.,16.371428571,52688,33.2196,108,N,97.4,108904106,108904
108904108,84,106,90,0,660,8,10,24,580,.,.,.,11.045572598,49671,34.3063,108,N,98,108904108,108904
108904109,97,88,101,0,596,2,15,26,529,.,.,.,11.748455426,48944,34.7558,108,N,96.9,108904109,108904
108904110,85,77,63,0,560,4,9,24,501,.,.,.,12.64516129,50465,31.0051,108,N,96.3,108904110,108904
108904111,83,76,79,2,451,1,15,27,402,.,.,.,14.5,51696,27.1488,108,N,96.3,108904111,108904
108904112,92,90,79,4,533,20,46,14,330,.,.,.,21.5,54981,28.0046,108,N,96.9,108904112,108904
108904113,90,98,81,0,537,8,15,26,454,.,.,.,12.41861897,50201,30.9562,108,N,96.7,108904113,108904
108904115,102,111,110,0,725,1,11,27,693,.,.,.,11.302257596,49513,39.1312,108,N,97,108904115,108904
108904116,87,94,85,3,560,11,8,26,466,.,.,.,14.350320583,51723,32.2721,108,N,97.4,108904116,108904
108904117,95,97,100,5,661,9,75,42,557,.,.,.,15.652540527,52702,34.0512,108,N,97.2,108904117,108904
108904119,93,107,109,0,679,4,11,32,607,.,.,.,15.475501963,52127,36.0426,108,N,96.7,108904119,108904
108904120,95,97,89,0,639,2,19,25,561,.,.,.,11.266712967,49698,37.1528,108,N,97,108904120,108904
108904121,99,102,112,0,710,8,2,47,655,.,.,.,11.418822063,50143,37.9572,108,N,96.3,108904121,108904
108904122,86,109,101,3,672,9,10,27,583,.,.,.,13.43902439,51209,38.3335,108,N,96.2,108904122,108904
108904123,87,85,78,4,560,9,12,39,443,.,.,.,13,49808,32.1702,108,N,97,108904123,108904
108904125,101,84,91,0,680,3,11,31,644,.,.,.,8.4348260347,47152,39.2686,108,N,97.4,108904125,108904
108904126,87,85,80,0,573,7,12,21,533,.,.,.,9.7941176471,48483,32.685,108,N,97.3,108904126,108904
108904127,74,75,64,2,465,0,10,21,434,.,.,.,5.275862069,45094,28.4725,108,N,97.9,108904127,108904
108904128,98,87,102,0,632,4,17,25,581,.,.,.,10.945945946,49472,34.4022,108,N,.,108904128,108904
108904129,87,100,88,3,586,10,20,27,466,.,.,.,6.875,47131,31.9992,108,N,.,108904129,108904
108904130,99,77,96,4,657,6,5,25,605,.,.,.,9.4411764706,48530,34.0017,108,N,.,108904130,108904
108905101,62,55,69,2,451,1,40,22,366,.,.,.,15.84375,49017,32.0009,108,N,96.9,108905101,108905
108905102,54,50,57,0,408,0,28,14,386,.,.,.,15.035518689,48157,27.0529,108,N,97.7,108905102,108905
108905103,62,49,61,0,420,1,25,11,324,.,.,.,6.4615384615,42627,25.9947,108,N,97.4,108905103,108905
108905104,56,69,66,0,471,0,27,15,451,.,.,.,5.7142857143,42076,27.4798,108,N,97.5,108905104,108905
108906101,77,88,72,3,542,3,0,21,502,.,.,.,13.028985507,49387,32.1312,108,N,97.8,108906101,108906
108906106,98,89,96,0,647,1,0,21,552,.,.,.,13.329003248,48279,33.8257,108,N,96.7,108906106,108906
108906107,149,118,111,1,853,32,0,51,836,.,.,.,10.559565965,47358,41.9594,108,N,96.6,108906107,108906
108906111,129,129,152,3,923,104,154,41,580,.,.,.,17.567824133,53150,49.8327,108,N,96.6,108906111,108906
108906112,67,69,53,0,413,6,0,20,383,.,.,.,15.375,50912,26.219,108,N,97.7,108906112,108906
108906116,86,92,83,2,610,1,0,27,445,.,.,.,15.515719369,51191,38.3664,108,N,97.1,108906116,108906
108906120,89,86,102,5,603,44,82,52,372,.,.,.,14.440271963,50108,35.2899,108,N,96.8,108906120,108906
108906121,103,91,103,0,687,5,56,23,620,.,.,.,9.5809786354,45932,37.8007,108,N,96.6,108906121,108906
108906122,121,113,110,3,708,57,106,44,320,.,.,.,16.176470588,51833,38.0336,108,N,97.5,108906122,108906
108906124,169,149,156,13,936,115,241,49,219,.,.,.,11.857480678,48137,50.002,108,N,97.8,108906124,108906
108906126,99,124,106,2,705,19,82,48,371,.,.,.,15.679245283,50841,44.1202,108,N,97.3,108906126,108906
108906129,76,84,75,2,508,15,0,39,368,.,.,.,11.055555556,47518,31.1894,108,N,97,108906129,108906
108906130,111,108,92,0,686,3,0,36,685,.,.,.,13.597701149,49051,37.473,108,N,98,108906130,108906
108908101,113,115,94,3,695,23,59,49,430,.,.,.,17.851315383,52097,36.4799,108,N,97.6,108908101,108908
108908104,73,82,87,0,512,6,41,30,441,.,.,.,14.483870968,49741,28.9452,108,N,97.3,108908104,108908
108908105,94,73,65,0,489,1,31,56,442,.,.,.,10.5,46982,40.2387,108,N,97.3,108908105,108908
108908107,95,78,96,0,584,2,16,46,553,.,.,.,12.797546486,48630,34.0259,108,N,97.3,108908107,108908
108908108,65,86,73,0,531,2,26,48,493,.,.,.,14.441176471,49789,31.6109,108,N,97.5,108908108,108908
108908109,118,122,89,3,695,12,31,40,644,.,.,.,14.421052632,49814,36.0826,108,N,96.6,108908109,108908
108908111,94,86,101,0,605,2,46,46,537,.,.,.,12.81706269,48500,34.4068,108,N,98.1,108908111,108908
108908113,91,84,75,1,586,4,28,42,513,.,.,.,5.7352941176,43668,32.5289,108,N,97.7,108908113,108908
108908114,71,75,68,0,470,2,27,37,423,.,.,.,13.272727273,48568,29.4121,108,N,98,108908114,108908
108908115,74,106,113,2,656,5,60,47,488,.,.,.,14.526315789,49471,37.0271,108,N,98.4,108908115,108908
108908116,100,97,87,0,649,1,37,33,563,.,.,.,7.8577670825,44321,35.5605,108,N,98.2,108908116,108908
108909101,77,92,86,4,596,5,39,33,486,.,.,.,16.522585785,52999,33.8924,108,N,97.7,108909101,108909
108909108,93,78,84,1,533,3,46,36,472,.,.,.,14.470588235,51169,34.0013,108,N,97.6,108909108,108909
108909109,64,55,62,0,408,0,30,25,406,.,.,.,14.354863048,51270,25.8494,108,N,98.3,108909109,108909
108909110,95,87,83,1,601,15,22,29,581,.,.,.,10.037657771,48040,37.6244,108,N,97.2,108909110,108909
108909111,78,66,79,0,524,9,26,29,495,.,.,.,10.457142857,48282,35.0004,108,N,97.2,108909111,108909
108909112,61,77,69,2,510,2,58,39,413,.,.,.,10.206896552,48307,29.0025,108,N,98.1,108909112,108909
108909113,95,90,66,5,652,1,32,36,595,.,.,.,9.1470214542,46698,39.914,108,N,97.5,108909113,108909
108909116,114,92,96,0,652,3,33,48,602,.,.,.,10.666666667,48559,39.0065,108,N,97.1,108909116,108909
108909117,103,123,98,0,697,6,40,37,581,.,.,.,13.25,50543,39.9998,108,N,98.1,108909117,108909
108909118,91,79,76,1,563,6,28,22,513,.,.,.,11.444444444,49003,35.9969,108,N,97.6,108909118,108909
108909119,142,122,136,2,903,15,95,46,689,.,.,.,13.264720267,50155,48.8648,108,N,98.8,108909119,108909
108909124,145,139,133,2,971,3,95,48,807,.,.,.,10.790559082,48075,54.7678,108,N,98.9,108909124,108909
108909126,92,98,108,1,655,3,35,44,599,.,.,.,10.211264882,47861,38.7755,108,N,97.1,108909126,108909
108909128,100,95,90,0,645,1,34,37,598,.,.,.,8.5926260538,46983,40.7361,108,N,97.7,108909128,108909
108910102,73,61,69,0,443,11,0,30,171,.,.,.,4.957340778,42773,25.6234,108,N,96.7,108910102,108910
108910103,45,51,44,0,370,0,3,6,281,.,.,.,4.9330817245,42912,22.2956,108,N,96.2,108910103,108910
108910104,58,55,49,0,398,2,0,17,232,.,.,.,6.316778751,43671,25.2961,108,N,95.4,108910104,108910
108912104,87,115,98,0,650,1,58,51,604,.,.,.,10.253440672,48630,42.3011,108,N,96.3,108912104,108912
108912105,74,73,75,0,499,0,30,29,479,.,.,.,7.7478290673,47124,33.0449,108,N,95.9,108912105,108912
108912107,87,85,87,0,607,0,42,31,574,.,.,.,9.7012678554,48167,42.913,108,N,96.6,108912107,108912
108912109,96,91,83,0,592,1,25,38,581,.,.,.,8.1860465116,47732,41.487,108,N,95.9,108912109,108912
108912111,113,111,89,0,726,2,54,36,700,.,.,.,12.518970453,51098,44.6781,108,N,96.7,108912111,108912
108912112,89,83,79,0,585,1,33,22,563,.,.,.,12.584252524,50872,39.6232,108,N,96.2,108912112,108912
108912113,106,99,101,1,722,7,58,34,660,.,.,.,7.8941661859,47524,44.9935,108,N,95.6,108912113,108912
108912114,108,91,102,0,704,0,44,19,683,.,.,.,7.8438244485,48089,46.0182,108,N,96.5,108912114,108912
108912116,105,81,91,1,720,10,35,26,666,.,.,.,7.5540376455,47194,45.6244,108,N,96.8,108912116,108912
108912117,72,77,84,0,537,0,62,35,504,.,.,.,11.258756313,49307,35.9992,108,N,95.6,108912117,108912
108912118,131,122,113,0,823,1,39,34,800,.,.,.,7.7395010229,46710,50.274,108,N,96.6,108912118,108912
108912120,109,101,96,0,702,0,64,22,686,.,.,.,9.1304347826,48193,45.0666,108,N,97,108912120,108912
108912121,100,70,101,1,754,1,45,39,635,.,.,.,8.6433613181,47496,48.1687,108,N,95.5,108912121,108912
108912122,96,92,127,0,709,1,62,41,687,.,.,.,8.8666666667,47278,44.0634,108,N,96.2,108912122,108912
108912123,114,86,87,0,711,0,21,26,693,.,.,.,7.0444444444,45459,44.2663,108,N,96.1,108912123,108912
108912124,93,77,98,0,560,1,42,17,529,.,.,.,7.3451777234,47000,34.7624,108,N,95.9,108912124,108912
108912126,99,92,98,0,704,0,32,27,695,.,.,.,6.2809691565,46024,44.7686,108,N,96.6,108912126,108912
108913102,108,99,93,1,661,7,17,58,546,.,.,.,12.048780488,49705,41.0008,108,N,98,108913102,108913
108913103,102,110,99,1,736,4,26,55,661,.,.,.,8.8409090909,49090,43.9997,108,N,97.6,108913103,108913
108913104,139,153,142,0,942,3,35,58,774,.,.,.,13.464285714,51543,54.2955,108,N,97.5,108913104,108913
108913106,147,132,142,0,925,1,19,52,867,.,.,.,13.733627307,51789,52.9826,108,N,97.4,108913106,108913
108913109,182,184,169,1,1177,15,40,77,1025,.,.,.,18.042857143,55444,68.7072,108,N,97.8,108913109,108913
108913110,133,121,129,0,837,6,26,75,698,.,.,.,14.093457944,53039,53.5038,108,N,97.4,108913110,108913
108913113,152,160,141,0,1002,6,37,55,878,.,.,.,12.327868852,50988,60.1033,108,N,97.9,108913113,108913
108913114,136,130,143,1,933,2,25,68,758,.,.,.,13.166666667,51045,53.0989,108,N,97.8,108913114,108913
108914101,35,61,48,0,343,0,40,18,309,.,.,.,8.3157894737,43335,18.1096,108,N,95.7,108914101,108914
108915101,88,81,97,0,613,6,19,23,571,.,.,.,12.379346489,45417,37.8462,108,N,96.3,108915101,108915
109905101,36,21,22,40,181,105,4,14,138,.,.,.,12.533333333,40215,14.7953,109,N,96.3,109905101,109905
109913101,24,28,21,0,159,125,12,14,103,.,.,.,11.4375,38735,15.135,109,N,97.4,109913101,109913
111901102,111,100,120,10,640,522,39,41,265,.,.,.,14.552631579,50504,37.5949,111,N,95.7,111901102,111901
111901105,84,70,83,2,524,399,23,66,351,.,.,.,15.142857143,51363,34.9992,111,N,95.5,111901105,111901
113902102,33,37,34,53,239,160,7,18,169,.,.,.,17.391304348,43574,21.69,113,N,95.2,113902102,113902
114904101,50,51,57,8,322,229,12,19,112,.,.,.,14.181818182,45501,22,114,N,96.9,114904101,114904
115901101,32,31,44,0,235,11,12,7,220,.,.,.,9.2105263158,46589,19.0006,115,N,97,115901101,115901
116901101,41,41,65,11,317,269,7,24,128,.,.,.,12.921568627,44591,23.5121,116,N,96.4,116901101,116901
116901102,64,66,43,7,366,289,25,25,125,.,.,.,13.4,44923,25.9887,116,N,96.5,116901102,116901
116902101,45,40,33,5,214,189,7,15,117,.,.,.,14.631578947,42297,17.7213,116,N,96.5,116902101,116902
116909101,40,54,60,24,345,266,15,28,196,.,.,.,7.56,41004,23.9502,116,N,97.4,116909101,116909
116915101,46,48,47,5,287,182,6,20,161,.,.,.,8.6189838285,37677,22.4284,116,N,96.2,116915101,116915
117904101,59,36,45,1,300,217,20,25,156,.,.,.,15,46175,26.0011,117,N,95.5,117904101,117904
120905102,49,39,52,5,293,156,11,36,163,.,.,.,12.727272727,42698,21.5022,120,N,96.1,120905102,120905
121902101,26,35,32,17,213,179,2,18,134,.,.,.,11.823529412,41155,15.3382,121,N,95.3,121902101,121902
121906101,32,27,29,2,194,182,0,26,71,.,.,.,15.117647059,43516,16.3325,121,N,96.4,121906101,121906
123803101,31,20,22,279,298,8,0,5,289,11,11.6,13,3.2391253827,37346,24.4821,123,Y,95.1,123803101,123803
123803103,3,4,5,47,74,21,0,1,68,.,.,.,0.6025790383,33865,4.9783,123,Y,95.8,123803103,123803
123907102,73,64,87,294,481,1,8,36,445,.,.,.,11.56097561,46253,37.7456,123,N,95.9,123907102,123907
123907103,169,171,156,419,1055,25,27,79,884,.,.,.,9.8140049777,45859,61.6751,123,N,95.2,123907103,123907
123907105,95,114,96,130,693,8,18,39,618,.,.,.,14.971428571,48650,34.3008,123,N,96,123907105,123907
123907108,107,98,93,171,646,14,11,30,594,.,.,.,12.729166667,47424,45.8726,123,N,95.9,123907108,123907
123907113,60,61,49,164,346,65,14,20,278,.,.,.,11.461538462,48001,24.7501,123,N,96.9,123907113,123907
123910101,93,65,71,380,722,151,10,42,575,.,.,.,10.48614504,46296,40.3204,123,N,96.7,123910101,123910
123910108,36,33,36,226,247,3,19,11,220,.,.,.,8.6833274511,44569,17.8514,123,N,96.6,123910108,123910
123910111,70,75,53,450,481,4,22,15,459,.,.,.,12.57935231,47206,30.7645,123,N,97.7,123910111,123910
123910127,58,61,69,425,456,6,29,20,416,.,.,.,16.367334916,49598,29.4374,123,N,96.2,123910127,123910
125905101,45,30,45,1,265,15,8,25,221,.,.,.,7.55,37289,19.6843,125,N,93.9,125905101,125905
126902102,63,71,66,34,475,329,13,43,195,.,.,.,13.000229463,47835,31.5987,126,N,96.6,126902102,126902
126902105,68,54,73,21,474,280,26,36,292,.,.,.,9.4219082418,46528,35.2703,126,N,96.1,126902105,126902
126902108,61,76,69,14,462,365,35,42,149,.,.,.,10.696969697,46506,32.3454,126,N,96.3,126902108,126902
126902110,95,109,77,78,580,323,23,48,315,.,.,.,12.054902537,47940,35.5802,126,N,95.8,126902110,126902
126903102,70,74,78,17,514,355,82,43,288,.,.,.,13.955684065,50738,31.2454,126,N,96.3,126903102,126903
126906101,56,57,66,16,416,151,5,33,362,.,.,.,8.9143166117,41472,27.3724,126,N,96.6,126906101,126906
127901101,47,55,66,4,367,167,7,34,263,.,.,.,8.96875,37741,29.8436,127,N,96.7,127901101,127901
127903102,39,37,33,13,244,125,6,20,179,.,.,.,13.352941176,41451,17.0027,127,N,96.2,127903102,127903
127904101,48,57,52,1,344,288,31,28,193,.,.,.,14.565217391,40321,23.0004,127,N,95.5,127904101,127904
127906101,39,48,39,33,350,111,3,30,286,.,.,.,15.538461538,41432,24.1553,127,N,96.5,127906101,127906
128901105,80,70,78,7,494,139,57,30,358,.,.,.,12.055555556,45159,35.8957,128,N,97.3,128901105,128901
128902104,43,54,51,5,343,29,37,40,312,.,.,.,16.310344828,44268,27.2312,128,N,95.3,128902104,128902
133901101,54,41,41,4,308,140,10,29,249,.,.,.,13.045454545,44268,19.1069,133,N,96.9,133901101,133901
134901101,45,54,44,0,324,180,16,27,228,.,.,.,12.517241379,42495,25.3194,134,N,96.9,134901101,134901
137903101,24,18,29,0,153,50,4,6,89,.,.,.,16.760905817,46091,16.2478,137,N,96.1,137903101,137903
139911102,50,40,30,8,261,233,16,37,170,.,.,.,17,42060,26.0805,139,N,96,139911102,139911
139912101,42,56,53,0,351,306,26,26,204,.,.,.,15.877606296,42430,23.113,139,N,96.9,139912101,139912
140905102,51,42,55,2,347,85,12,31,262,.,.,.,11.111111111,39550,26.0919,140,N,96.3,140905102,140905
142901102,75,77,90,1,531,34,59,32,425,.,.,.,10.780487805,44559,40.4622,142,N,95.8,142901102,142901
142901104,15,17,14,0,117,3,11,6,105,.,.,.,8.1111111111,43024,8.5396,142,N,97.6,142901104,142901
145906101,32,45,39,17,250,200,19,19,149,.,.,.,15.5,43023,17.7693,145,N,95.3,145906101,145906
145907102,11,14,10,25,98,57,4,1,76,16,.,.,8.5555555556,40314,7.6263,145,N,96.5,145907102,145907
145911102,53,56,55,9,389,250,21,19,248,.,.,.,14.361111111,44156,32.6974,145,N,95.7,145911102,145911
146903101,14,12,14,2,126,97,1,9,59,.,.,.,16.872457675,55534,9.0479,146,N,95.8,146903101,146903
147901101,19,28,19,43,172,41,1,13,142,.,.,.,11.876245496,39941,14.0551,147,N,97.4,147901101,147901
149902101,42,50,53,1,279,103,4,18,200,.,.,.,14.533251232,46043,23.8139,149,N,95.8,149902101,149902
152901155,86,92,88,123,652,59,0,79,587,.,.,.,9.6585365854,43442,40.5589,152,N,95.2,152901155,152901
152901156,60,70,79,52,516,8,0,59,495,.,.,.,15.594594595,47259,37.003,152,N,95.3,152901156,152901
152901158,58,62,56,168,370,8,0,38,346,.,.,.,6.1732806351,41111,23.7305,152,N,95.8,152901158,152901
152901160,40,40,41,40,324,21,1,46,304,.,.,.,10.80690461,44720,22.8422,152,N,94.4,152901160,152901
152901161,24,24,27,5,202,8,0,25,184,.,.,.,10.662751633,43072,17.6504,152,N,94.7,152901161,152901
152901162,62,72,54,52,427,140,4,53,292,.,.,.,10.116592154,43724,31.8303,152,N,96.4,152901162,152901
152901163,72,64,54,25,490,8,4,39,431,.,.,.,12.875,45169,31.3982,152,N,96,152901163,152901
152901166,81,80,69,12,452,316,10,34,75,.,.,.,16,47837,28.9986,152,N,96.6,152901166,152901
152901173,43,66,57,3,355,291,10,29,23,.,.,.,11.5,44618,23.5323,152,N,96.3,152901173,152901
152901178,63,58,58,25,423,201,14,43,264,.,.,.,13.381818182,45809,26.2869,152,N,95.4,152901178,152901
152901183,107,78,95,49,630,325,15,43,306,.,.,.,12.820512821,45383,38.9985,152,N,95.6,152901183,152901
152901187,94,98,89,22,569,383,7,56,162,.,.,.,16.569343233,47703,34.8561,152,N,97,152901187,152901
152901189,76,80,81,19,503,284,59,17,127,.,.,.,13.795135075,46078,30.7756,152,N,96.7,152901189,152901
152901192,95,116,88,116,641,153,1,50,432,.,.,.,7.5298768779,42397,35.4121,152,N,96.1,152901192,152901
152906101,110,117,102,4,685,387,14,48,363,.,.,.,11.087719298,39933,56.1423,152,N,96.7,152906101,152906
152906104,122,105,90,5,752,564,20,42,150,.,.,.,8.4309564052,38500,54.6102,152,N,96.8,152906104,152906
152907103,131,145,125,29,794,394,60,35,277,.,.,.,13.12244898,42424,48.4992,152,N,97.1,152907103,152907
152907105,100,106,96,54,708,257,39,51,439,.,.,.,13.022222222,42715,44.4992,152,N,96.5,152907105,152907
152907106,108,84,75,19,578,230,33,38,444,.,.,.,7.8372093023,37780,42.9995,152,N,96,152907106,152907
152908101,73,72,81,17,529,225,17,30,404,.,.,.,12.720930233,40699,42.3335,152,N,96.4,152908101,152908
153903101,29,24,30,1,174,44,1,12,141,.,.,.,15.588235294,40924,16.343,153,N,96.7,153903101,153903
153904101,47,41,24,11,300,103,15,22,216,.,.,.,11.444444444,40151,27.0048,153,N,96.9,153904101,153904
156902101,64,62,68,2,400,124,8,23,286,.,.,.,19,49943,30.298,156,N,95.5,156902101,156902
158902101,36,42,37,2,222,105,12,13,145,.,.,.,16.666666667,45313,16.8263,158,N,96.9,158902101,158902
158902102,19,33,26,6,167,64,13,14,128,.,.,.,13,43328,12.4948,158,N,96.3,158902102,158902
161801101,36,29,26,49,258,8,0,24,257,.,.,.,2.8333333333,37120,18.0002,161,Y,97.1,161801101,161801
161914104,50,44,34,156,350,4,4,30,344,.,.,.,8.152173913,43577,23.0019,161,N,96.7,161914104,161914
161914112,66,83,76,46,486,37,32,41,460,.,.,.,8.7086614173,43370,29.6256,161,N,97.9,161914112,161914
161914118,76,85,80,176,531,30,44,43,502,.,.,.,13.342857143,46723,34.9983,161,N,97.3,161914118,161914
161914121,71,53,62,94,415,16,14,20,406,.,.,.,12.081071826,45767,25.9934,161,N,96.8,161914121,161914
161918101,45,48,58,5,337,259,4,29,186,.,.,.,13.678571429,42863,28.0008,161,N,96.5,161918101,161918
161923101,42,31,43,15,291,208,6,21,147,.,.,.,13.609195402,40540,20.3477,161,N,96.7,161923101,161923
163908103,103,90,95,1,592,308,18,42,302,.,.,.,13.282540993,49672,35.4674,163,N,96.3,163908103,163908
164901101,19,24,20,1,160,66,2,9,127,.,.,.,19.176470588,42552,15.8133,164,N,96.7,164901101,164901
166903102,27,31,37,7,185,131,1,21,117,.,.,.,14.75,42818,15.3604,166,N,97.1,166903102,166903
166905101,35,38,41,2,233,163,28,19,121,.,.,.,16.951219512,44653,18.6413,166,N,96.5,166905101,166905
169909101,12,15,9,0,75,62,0,7,41,.,.,.,10.111111111,38656,7.7593,169,N,96.9,169909101,169909
170904103,88,97,97,105,618,259,18,42,524,.,.,.,9.5111111111,45393,42.5414,170,N,95.6,170904103,170904
170904104,101,97,97,45,562,364,11,33,275,.,.,.,18.307692308,50159,36.4003,170,N,96.3,170904104,170904
170904106,112,108,83,20,672,351,17,13,441,.,.,.,10.723404255,46583,46.2,170,N,95.3,170904106,170904
170904107,114,118,102,27,732,395,13,42,432,.,.,.,11.807692308,46615,49.5431,170,N,95.8,170904107,170904
170906103,134,146,139,15,877,495,17,55,530,.,.,.,10.072727273,47200,54.4979,170,N,96.1,170906103,170906
170906105,116,109,115,21,709,393,21,66,525,.,.,.,13.649335279,49158,50.2807,170,N,95.7,170906105,170906
170908101,118,103,114,14,716,384,38,57,550,.,.,.,9.4040008249,46545,47.1914,170,N,96.6,170908101,170908
170908102,133,113,125,11,790,397,32,54,659,.,.,.,11.980769231,48684,51.1281,170,N,96.6,170908102,170908
170908104,99,100,107,16,654,340,18,34,447,.,.,.,12.004448996,48071,39.9462,170,N,96.3,170908104,170908
174902002,31,32,25,5,207,153,9,16,160,.,.,.,15.736842105,44626,18.2237,174,N,95.5,174902002,174902
174903101,55,46,60,62,345,228,12,24,180,.,.,.,13.571428571,41464,26.4882,174,N,96.5,174903101,174903
174904102,52,61,49,222,441,67,11,26,405,.,.,.,8.296167299,42187,33.7658,174,N,96.1,174904102,174904
174904104,34,35,29,95,376,56,23,24,315,.,.,.,12.944197523,44234,23.872,174,N,96.8,174904104,174904
175902101,50,60,61,15,362,236,5,23,223,.,.,.,15.166666667,44865,23.9999,175,N,95.8,175902101,175902
175905101,19,26,27,3,176,116,6,14,115,.,.,.,15.3125,40334,15.2577,175,N,97.3,175905101,175905
178901101,26,28,15,0,149,26,4,7,0,.,.,.,14.333333333,45274,11.5341,178,N,96.6,178901101,178901
178902103,16,15,23,0,110,12,0,8,85,.,.,.,12.721914073,44598,8.4867,178,N,96.2,178902103,178902
178904101,49,67,57,11,404,18,0,28,391,.,.,.,14.24137931,49726,26.5631,178,N,95.4,178904101,178904
178904103,60,65,62,10,397,76,0,30,305,.,.,.,16.2,51153,23.2488,178,N,95.8,178904103,178904
178904105,65,65,53,20,413,23,0,29,374,.,.,.,21.884615385,55173,24.9984,178,N,95.2,178904105,178904
178904106,138,108,97,15,695,59,0,56,644,.,.,.,12.27027027,47858,36.0715,178,N,.,178904106,178904
178904110,54,53,70,42,409,22,0,42,404,.,.,.,11.569257103,48954,26.8378,178,N,95.4,178904110,178904
178904115,69,63,62,34,418,19,0,40,404,.,.,.,17.068965517,50930,25.6902,178,N,95.8,178904115,178904
178904116,75,65,71,18,475,48,0,39,441,.,.,.,14.707505494,49339,28.6364,178,N,95.6,178904116,178904
178904117,64,65,59,11,436,22,0,37,396,.,.,.,13.446778133,49191,26.3585,178,N,95.9,178904117,178904
178904121,65,69,53,15,437,12,0,16,402,.,.,.,14.966666667,51752,27.5352,178,N,96.6,178904121,178904
178904122,88,87,89,21,626,14,0,43,591,.,.,.,17.486486486,54132,35.6419,178,N,97,178904122,178904
178904123,84,88,103,14,558,79,0,39,443,.,.,.,13.684210526,49689,34.7716,178,N,96.6,178904123,178904
178904127,117,90,107,61,693,30,0,41,652,.,.,.,13.634146341,49842,38.7859,178,N,95.6,178904127,178904
178904129,70,46,46,9,382,44,0,42,351,.,.,.,15,50389,25.4996,178,N,94.9,178904129,178904
178904130,81,76,83,21,507,46,0,30,392,.,.,.,15.346315659,51784,29.6396,178,N,96.3,178904130,178904
178904134,81,96,71,31,553,74,0,39,435,.,.,.,14.611111111,49912,32.964,178,N,95.3,178904134,178904
178904138,104,101,95,12,611,136,0,54,452,.,.,.,17.179487179,50101,36.0343,178,N,95.5,178904138,178904
178904140,58,68,60,16,396,77,0,26,322,.,.,.,19.63784933,54088,27.259,178,N,95.7,178904140,178904
178904141,75,68,49,11,411,64,0,28,314,.,.,.,12.899085192,49250,26.4827,178,N,95.6,178904141,178904
178904148,89,88,79,46,603,98,0,49,487,.,.,.,9.1892983272,46614,35.2016,178,N,94.6,178904148,178904
178904153,20,20,21,1,166,19,0,4,96,.,.,.,12.555555556,49246,8.9999,178,N,97.3,178904153,178904
178904157,121,116,112,23,739,230,0,51,234,.,.,.,11.302325581,47726,42.2472,178,N,97,178904157,178904
178913101,51,65,61,1,369,61,20,31,273,.,.,.,9.4,42327,30.0011,178,N,95.5,178913101,178913
180901101,9,12,12,3,55,46,2,3,21,.,.,.,12,50572,8.7958,180,N,97.1,180901101,180901
181908102,111,111,130,3,711,621,21,69,330,.,.,.,11.980392157,43166,50.5419,181,N,95.4,181908102,181908
182904101,42,42,24,1,257,202,18,16,135,.,.,.,15.444444444,41656,15.9957,182,N,96.2,182904101,182904
184901101,43,49,32,0,250,204,12,15,135,.,.,.,12.1,40881,20,184,N,96.2,184901101,184901
184908101,87,77,86,8,508,412,21,45,197,.,.,.,14.823529412,44565,34.0005,184,N,95.7,184908101,184908
185901101,40,36,41,0,276,20,2,17,248,.,.,.,9.380952381,36043,19.3619,185,N,96.7,185901101,185901
185902101,51,42,45,3,297,134,5,20,207,.,.,.,10.333333333,37230,20.5666,185,N,97.2,185902101,185902
186903101,30,30,40,3,206,70,0,19,79,.,.,.,20.45,56027,18.2266,186,N,96,186903101,186903
187903101,17,18,15,17,121,44,0,4,108,.,.,.,14.222222222,39064,8.2982,187,N,97.1,187903101,187903
188901101,73,60,58,39,493,261,7,38,332,.,.,.,12.462686567,47295,31.7828,188,N,95.2,188901101,188901
188901103,73,62,87,38,531,278,38,38,391,.,.,.,12.243351172,47884,33.3572,188,N,95.9,188901103,188901
188901105,116,96,97,114,728,43,1,44,687,.,.,.,11.354150943,47356,51.6819,188,N,97.3,188901105,188901
188901106,78,82,79,44,616,56,8,40,587,.,.,.,8.5496127662,45073,42.5178,188,N,96.3,188901106,188901
188901107,81,100,77,31,647,55,7,57,622,.,.,.,10.880952381,46447,41.5463,188,N,96.5,188901107,188901
188901108,39,42,45,4,368,17,13,33,354,.,.,.,15.333333333,49376,29.1453,188,N,96,188901108,188901
188901111,85,96,59,8,609,55,5,48,566,.,.,.,7.625,44911,39.146,188,N,96.5,188901111,188901
188901113,57,64,49,18,376,140,5,40,330,.,.,.,16.702062748,50258,26.0355,188,N,96,188901113,188901
188901115,43,51,45,103,358,36,2,33,341,.,.,.,13.668727171,48651,25.8812,188,N,95.6,188901115,188901
188901119,64,80,72,11,495,147,16,48,375,.,.,.,10.506666667,47067,36.2005,188,N,96.2,188901119,188901
188901120,59,76,55,16,437,307,30,28,189,.,.,.,11.78258819,48260,24.2892,188,N,96.5,188901120,188901
188901122,49,50,42,18,333,185,8,35,253,.,.,.,12.918367347,47801,23.4612,188,N,96.3,188901122,188901
188901123,75,71,76,24,490,321,13,52,243,.,.,.,14.121703209,48230,29.8222,188,N,96.5,188901123,188901
188901124,70,79,74,62,553,24,1,28,527,.,.,.,11.69047619,46898,40.5786,188,N,96.7,188901124,188901
188901125,88,94,92,9,658,25,10,58,619,.,.,.,10.047619048,46318,42.0051,188,N,96,188901125,188901
188901128,59,65,51,34,436,221,18,32,316,.,.,.,13.438596491,48125,27.6236,188,N,96.8,188901128,188901
188901131,58,52,73,20,402,278,11,33,162,.,.,.,14.461538462,49358,25.1799,188,N,96.6,188901131,188901
188901132,70,63,68,55,539,74,7,34,507,.,.,.,11.769230769,47269,45.0428,188,N,96.3,188901132,188901
188901133,85,51,60,77,467,145,9,21,419,.,.,.,10.03125,46143,31.3958,188,N,96.3,188901133,188901
188901135,72,48,60,38,425,239,11,26,250,.,.,.,14.5,48521,23.2351,188,N,96.1,188901135,188901
188903101,87,66,67,19,511,309,20,39,360,.,.,.,11.263157895,46537,38.0031,188,N,96.5,188903101,188903
192901101,62,51,53,1,381,62,2,12,233,.,.,.,9.21875,41030,32.0002,192,N,96.5,192901101,192901
194903103,57,64,48,7,353,290,34,27,215,.,.,.,17.461538462,41921,25.5771,194,N,96,194903103,194903
194904103,56,54,44,181,358,76,24,40,320,.,.,.,10.239551294,39076,31.8138,194,N,96.1,194904103,194904
198903101,62,76,89,27,535,414,25,49,231,.,.,.,13.19047619,41756,41.3364,198,N,96.3,198903101,198903
201907101,26,26,28,21,185,144,19,16,89,.,.,.,14.939393939,40026,14.8145,201,N,96.5,201907101,201907
201908101,37,44,41,31,257,198,11,21,173,.,.,.,9.9411764706,38348,16.8334,201,N,95.5,201908101,201908
203901102,75,51,46,252,479,123,38,46,457,.,.,.,16,44092,34.0005,203,N,96.2,203901102,203901
205905101,78,83,102,1,557,87,12,45,368,.,.,.,13.157894737,45431,38,205,N,96,205905101,205905
205907101,88,80,108,6,589,35,28,53,509,.,.,.,13.756097561,43828,40.2315,205,N,95.4,205907101,205907
212901101,45,68,62,61,396,282,27,28,239,.,.,.,11.90625,39706,31.9994,212,N,96.3,212901101,212901
212905103,68,58,59,97,445,45,53,32,396,.,.,.,7.8528127471,43240,36.8052,212,N,97.1,212905103,212905
212905108,100,97,123,85,726,16,43,32,664,.,.,.,9.22,44395,49.3328,212,N,97.4,212905108,212905
212905109,113,87,100,87,626,419,61,35,206,.,.,.,15.703703704,46889,40.5045,212,N,96.9,212905109,212905
212905111,98,116,84,237,684,19,27,19,626,.,.,.,9.0112359551,44241,43.3333,212,N,97.2,212905111,212905
212905112,50,43,31,205,325,21,5,37,284,.,.,.,12.193657114,45453,26.9557,212,N,97.4,212905112,212905
212905119,114,115,120,243,692,334,62,35,342,.,.,.,12.577540107,46469,46.7499,212,N,96.6,212905119,212905
212906112,47,37,35,32,247,157,19,19,95,.,.,.,14.41472507,45747,18.514,212,N,97,212906112,212906
212906113,131,106,117,69,736,513,43,65,353,.,.,.,13.385496016,45720,47.4046,212,N,96.4,212906113,212906
214901102,101,103,109,0,648,2,54,58,635,.,.,.,10.389721528,46841,39.9695,214,N,95.7,214901102,214901
214901103,68,78,67,0,485,1,31,46,473,.,.,.,12.620631192,49142,34.4816,214,N,94.9,214901103,214901
214901104,91,93,83,0,589,2,36,40,579,.,.,.,14.202766526,49783,42.9291,214,N,95.4,214901104,214901
214901105,94,82,79,0,581,0,5,46,558,.,.,.,11.009981249,46982,40.0472,214,N,97.2,214901105,214901
214901107,71,89,77,0,531,0,39,46,471,.,.,.,17.817665811,52605,35.5959,214,N,95.4,214901107,214901
214901108,93,80,97,0,672,1,68,45,615,.,.,.,11.961150635,48861,47.1426,214,N,96.6,214901108,214901
214901110,94,91,94,0,650,0,39,43,650,.,.,.,9.4166109328,46329,46.6535,214,N,96.1,214901110,214901
214901111,109,105,120,2,807,1,62,69,695,.,.,.,11.484571959,47333,49.5708,214,N,94.2,214901111,214901
214901112,69,80,63,0,545,1,21,34,527,.,.,.,8.0290557238,44318,33.3702,214,N,96,214901112,214901
220811101,36,33,19,176,355,18,8,13,319,.,.,.,4.672085681,41067,26.3224,220,Y,96.6,220811101,220811
220902101,60,55,56,27,435,111,9,50,385,.,.,.,10.09708101,53938,29.989,220,N,95.6,220902101,220902
220902102,68,90,57,8,444,162,24,69,355,.,.,.,11.538266116,54146,30.1393,220,N,96.2,220902102,220902
220902106,54,53,57,23,356,170,21,44,271,.,.,.,14.375,55388,22.8823,220,N,96.6,220902106,220902
220902107,80,78,82,29,456,305,56,51,168,.,.,.,14.894736842,56357,27.9979,220,N,96.1,220902107,220902
220902108,63,68,60,13,351,241,37,32,130,.,.,.,10.541666667,53125,22.6526,220,N,96.5,220902108,220902
220902109,43,53,68,13,432,116,19,39,392,.,.,.,11.75862069,53573,27.395,220,N,96.4,220902109,220902
220902110,114,123,111,35,729,214,31,85,568,.,.,.,11.332430179,53350,47.0479,220,N,96.3,220902110,220902
220902112,94,94,112,93,667,347,39,80,417,.,.,.,12.459770115,53610,42.9975,220,N,95.6,220902112,220902
220902116,94,102,92,80,741,255,42,72,525,.,.,.,11.416672811,54962,43.7572,220,N,96.6,220902116,220902
220902117,62,83,74,47,490,277,31,67,294,.,.,.,11.064516129,53925,30.5012,220,N,95.8,220902117,220902
220905111,90,86,71,78,591,18,15,40,529,.,.,.,12.787878788,55343,33.0023,220,N,95.8,220905111,220905
220905115,64,65,66,16,461,13,20,38,428,.,.,.,12.003691017,53886,28.9894,220,N,96.7,220905115,220905
220905117,56,54,56,314,439,7,16,27,394,.,.,.,13.645954859,54959,23.7464,220,N,94.9,220905117,220905
220905118,85,93,75,264,533,88,30,28,289,.,.,.,3.3831008536,48743,26.9011,220,N,.,220905118,220905
220905124,76,55,68,353,504,10,11,17,463,.,.,.,12.044920046,54124,27.9842,220,N,94.7,220905124,220905
220905126,70,56,56,152,368,48,6,32,282,.,.,.,12.0211505,54746,23.7967,220,N,95.8,220905126,220905
220905127,83,53,60,359,441,3,9,21,379,.,.,.,13.153846154,54396,26.0011,220,N,94.8,220905127,220905
220905130,88,74,79,285,562,8,20,24,480,.,.,.,8.9944707714,51721,28.9741,220,N,97.3,220905130,220905
220905135,40,31,34,149,287,4,21,16,262,.,.,.,18.222222222,59472,17.0015,220,N,95.9,220905135,220905
220905138,105,103,86,1,650,11,42,48,593,.,.,.,8.8684210526,52237,38.0064,220,N,96.2,220905138,220905
220905141,144,132,111,208,894,53,23,71,784,.,.,.,8.3402650203,51625,44.9631,220,N,95.4,220905141,220905
220905146,62,89,92,4,572,17,32,23,515,.,.,.,8.5161290323,51896,31.0021,220,N,95.7,220905146,220905
220905147,78,75,61,315,577,21,51,31,494,.,.,.,9.1203155819,52209,35.4956,220,N,96,220905147,220905
220905148,38,33,25,37,260,32,5,21,213,.,.,.,20.533333333,58485,13.7848,220,N,96.2,220905148,220905
220905151,67,74,69,2,472,49,23,15,413,.,.,.,10.103448276,52777,29.0026,220,N,96.6,220905151,220905
220905152,83,66,84,84,526,51,11,35,480,.,.,.,8.6428571429,51470,28.0049,220,N,97.6,220905152,220905
220905157,100,97,71,40,649,122,13,42,522,.,.,.,9.7997517013,52371,34.7988,220,N,95.9,220905157,220905
220905160,77,54,67,390,474,3,13,32,398,.,.,.,14.730769231,55792,26.0031,220,N,95.4,220905160,220905
220905161,93,64,66,2,541,17,37,33,498,.,.,.,10.862068966,53882,29.0032,220,N,96.3,220905161,220905
220905166,72,95,89,43,587,80,39,46,452,.,.,.,12.485714286,54152,35.0044,220,N,96.4,220905166,220905
220905172,66,73,65,1,517,20,1,32,476,.,.,.,8.0426428326,50794,29.7201,220,N,95.3,220905172,220905
220905175,45,48,45,8,340,7,11,19,322,.,.,.,7.55,50617,20.0014,220,N,96.6,220905175,220905
220905190,41,47,56,27,294,28,22,9,226,.,.,.,9.7222222222,51629,17.2198,220,N,97.6,220905190,220905
220905208,111,125,98,71,698,32,36,29,635,.,.,.,10.026315789,52435,38.0085,220,N,96.4,220905208,220905
220905209,70,40,37,278,396,75,4,16,375,.,.,.,9.9230769231,53055,26.003,220,N,95.3,220905209,220905
220905216,101,105,101,275,644,73,21,33,492,.,.,.,11.403439539,52895,36.7463,220,N,95.4,220905216,220905
220905217,47,36,29,225,297,9,9,16,278,.,.,.,4.3157894737,49430,18.0014,220,N,94.9,220905217,220905
220905222,99,69,54,234,588,123,10,23,517,.,.,.,8.3524391151,51817,29.573,220,N,95.6,220905222,220905
220905225,78,62,50,6,446,37,21,40,388,.,.,.,9.1724137931,51640,29.0036,220,N,96.4,220905225,220905
220905226,81,78,83,84,568,29,19,30,515,.,.,.,7.3666666667,51319,30.0039,220,N,96.1,220905226,220905
220905227,85,79,74,17,591,383,39,20,545,.,.,.,8.9677419355,51866,31.0068,220,N,96.4,220905227,220905
220906104,95,100,96,31,685,153,50,50,496,.,.,.,11.578909938,52177,52.571,220,N,96.8,220906104,220906
220906110,120,68,84,22,622,339,55,51,242,.,.,.,10.58951021,49697,47.3527,220,N,96.3,220906110,220906
220912106,128,135,1,386,749,59,18,46,617,.,.,.,7.7819964906,50806,45.2182,220,N,95.5,220912106,220912
220918101,64,63,82,68,594,164,13,38,433,.,.,.,10.56097561,52403,38.478,220,N,96.5,220918101,220918
221911102,36,35,36,0,209,181,14,16,67,.,.,.,19.833333333,46189,16.8837,221,N,96.3,221911102,221911
222901101,10,9,10,0,69,27,0,7,37,.,.,.,16,47720,7.4496,222,N,95.6,222901101,222901
226903101,44,51,49,21,341,53,0,31,294,.,.,.,14.227272727,44588,21.145,226,N,97.3,226903101,226903
226903106,86,60,69,13,486,78,3,35,444,.,.,.,10.256259118,42705,33.088,226,N,96.4,226903106,226903
226903112,78,64,58,22,469,147,4,28,317,.,.,.,14.219896479,45286,29.1921,226,N,96.7,226903112,226903
226903119,63,57,54,16,413,46,1,53,374,.,.,.,10.724137931,42703,28.7687,226,N,96.1,226903119,226903
227819101,40,40,40,39,259,49,9,20,176,.,.,.,10.501203172,50683,18.2857,227,Y,97.2,227819101,227819
227901105,37,33,33,66,247,0,8,20,239,.,.,.,7.0476190476,44202,19.7136,227,N,96.4,227901105,227901
227901120,61,38,51,15,362,57,16,46,298,.,.,.,13.363636364,47127,31.84,227,N,95.9,227901120,227901
227901124,60,75,62,31,503,11,11,34,477,.,.,.,10.67173166,46066,38.2701,227,N,96.3,227901124,227901
227901136,54,40,34,13,304,14,16,14,287,.,.,.,11.148148148,45731,26.9988,227,N,97,227901136,227901
227901139,31,39,42,106,275,0,3,16,265,.,.,.,8.4874631712,44859,24.1355,227,N,96.2,227901139,227901
227901143,153,132,117,35,922,502,37,40,249,.,.,.,15.206946718,48454,53.4194,227,N,96.2,227901143,227901
227901150,52,46,49,156,326,6,12,21,315,.,.,.,13.666666667,47626,26.9987,227,N,95.5,227901150,227901
227901151,99,93,79,117,657,119,29,69,456,.,.,.,15.993027469,48991,44.465,227,N,95.8,227901151,227901
227901154,127,126,119,8,774,516,40,36,91,.,.,.,14.580869795,48124,46.641,227,N,96.9,227901154,227901
227901174,144,139,117,70,922,10,15,50,893,.,.,.,9.8638886829,45530,56.7106,227,N,96.4,227901174,227901
227901178,139,118,105,184,831,2,13,37,805,.,.,.,7.3728813559,44230,56.4615,227,N,95.9,227901178,227901
227901187,83,74,38,7,506,334,31,20,73,.,.,.,8.3420698252,44845,33.3706,227,N,.,227901187,227901
227904102,82,76,74,55,544,75,21,47,363,.,.,.,13.7,48475,37.3865,227,N,96.4,227904102,227904
227907101,92,84,95,160,646,88,54,57,505,.,.,.,9.0508299324,46665,41.4499,227,N,96.1,227907101,227907
227907102,63,60,50,118,422,59,39,19,278,.,.,.,10.448275862,47446,29.0031,227,N,96.8,227907102,227907
227907106,87,80,90,177,679,64,26,34,554,.,.,.,6.5555395595,45314,38.9006,227,N,96.4,227907106,227907
227907107,91,85,63,104,557,3,30,28,527,.,.,.,6.0743291905,45202,35.686,227,N,96.7,227907107,227907
227907108,79,65,59,144,582,60,36,23,445,.,.,.,5.2491823959,44501,34.5182,227,N,96.8,227907108,227907
227910101,128,157,155,60,1000,61,34,67,872,.,.,.,9.7418278444,47089,65.3339,227,N,97.2,227910101,227910
227910106,135,114,96,66,793,24,9,59,729,.,.,.,8.1666055918,46482,53.7372,227,N,96.3,227910106,227910
227910107,111,98,98,26,743,19,6,60,705,.,.,.,10.339462457,47928,51.3062,227,N,97,227910107,227910
227910108,138,127,130,103,948,31,10,78,902,.,.,.,8.7965404107,46909,59.772,227,N,95.8,227910108,227910
227910109,147,158,149,180,1016,53,8,72,894,.,.,.,6.6224476655,47200,65.2247,227,N,97.3,227910109,227910
227910110,79,113,95,56,655,64,12,50,560,.,.,.,5.5297398644,46285,48.9089,227,N,96.3,227910110,227910
227910111,91,84,109,10,644,64,18,59,563,.,2.5,.,11.106382979,48692,47.0003,227,N,96.6,227910111,227910
228901102,46,55,59,19,314,237,16,38,188,.,.,.,11.576923077,39461,24.9979,228,N,95.7,228901102,228901
229904101,29,19,34,0,199,188,3,12,117,.,.,.,8.3125,38396,16.0006,229,N,95,229904101,229904
229904103,57,63,66,11,426,380,7,25,239,.,.,.,12.264004284,40948,28.9465,229,N,94.9,229904103,229904
230901101,58,59,57,41,362,262,10,35,271,.,.,.,16.666666667,41893,31.2809,230,N,96.5,230901101,230901
230903102,81,71,61,42,428,321,26,50,296,.,.,.,12.243243243,40534,35.4056,230,N,95.9,230903102,230903
230908101,51,52,60,4,347,265,25,19,154,.,.,.,15.038461538,41639,25.7423,230,N,96.8,230908101,230908
232902101,40,50,43,2,262,71,22,20,197,.,.,.,9.9047619048,39788,20.1821,232,N,95.1,232902101,232902
235801001,23,22,17,37,307,91,9,21,283,18.2,.,.,7.6363636364,33101,10.9635,235,Y,94.7,235801001,235801
235902105,64,69,55,36,447,18,1,37,421,.,.,.,13.010494753,44938,31.0371,235,N,94.4,235902105,235902
235902108,70,88,90,63,541,41,1,56,484,.,.,.,8.9247372664,42893,32.5003,235,N,95.9,235902108,235902
235902112,67,81,55,43,479,87,1,43,362,.,.,.,9.2427814037,42225,33.8286,235,N,96.4,235902112,235902
235902114,79,77,77,13,475,260,50,53,192,.,.,.,10.930429016,43913,30.413,235,N,96.9,235902114,235902
237904101,71,68,79,72,468,78,5,25,402,.,.,.,7.9333333333,45634,29.2894,237,N,96.8,237904101,237904
237904102,96,114,108,55,631,240,13,33,372,20,.,.,11.351351351,49002,36.9998,237,N,96.7,237904102,237904
237904104,33,40,47,137,281,13,15,9,239,.,.,.,9.243902439,48260,20.5,237,N,96.8,237904104,237904
237904107,103,121,98,24,676,310,23,55,433,20,.,.,7.6948556901,46210,42.797,237,N,95.9,237904107,237904
240901101,113,94,93,1,722,3,25,40,716,.,.,.,12.547619048,49550,41.1619,240,N,97.4,240901101,240901
240901102,79,81,79,0,690,1,33,29,675,.,.,.,12.35387522,50012,39.3801,240,N,96.5,240901102,240901
240901104,89,57,70,0,561,0,20,36,555,.,.,.,15.135135135,52190,36.4203,240,N,97.7,240901104,240901
240901105,112,114,104,0,855,1,40,39,830,.,.,.,14.711538462,51475,51.2693,240,N,97.1,240901105,240901
240901106,65,44,66,0,490,1,25,16,476,.,.,.,14.004624959,51651,30.9012,240,N,96.2,240901106,240901
240901107,90,76,84,1,625,0,17,19,605,.,.,.,9.9014616563,47852,38.5742,240,N,96.6,240901107,240901
240901108,87,90,88,0,636,0,20,28,611,.,.,.,13.773653945,50459,33.6166,240,N,96.6,240901108,240901
240901109,90,90,98,0,674,3,38,35,669,.,.,.,15.33091941,51572,39.3924,240,N,98,240901109,240901
240901110,106,134,124,2,825,7,67,20,806,.,.,.,13.674418605,51063,42.9973,240,N,97.4,240901110,240901
240901111,109,108,92,1,904,3,40,35,872,.,.,.,10.417832242,48775,51.0898,240,N,96.4,240901111,240901
240901112,133,133,120,0,903,2,89,39,843,.,.,.,14.094339623,51124,52.3266,240,N,97.4,240901112,240901
240901115,90,88,96,2,704,0,44,35,693,.,.,.,11,49004,39.3088,240,N,96.8,240901115,240901
240901116,112,109,104,0,822,0,41,46,782,.,.,.,12.137595904,49047,46.3109,240,N,97.2,240901116,240901
240901119,98,75,80,0,599,2,37,24,580,.,.,.,9.9428571429,48142,34.8833,240,N,96.5,240901119,240901
240901121,103,90,95,0,697,0,23,45,664,.,.,.,14.065834865,49879,39.3927,240,N,96.3,240901121,240901
240901123,72,78,58,0,539,0,16,22,531,.,.,.,11.010162119,49390,35.7698,240,N,96.7,240901123,240901
240901125,111,95,108,1,826,2,15,43,802,.,.,.,14.233377376,50621,48.1184,240,N,96.7,240901125,240901
240903103,147,137,142,0,861,21,69,44,599,.,.,.,15.326297327,52584,48.92,240,N,96.5,240903103,240903
240903105,107,77,68,3,545,4,17,46,493,.,.,.,14.142857143,50890,35.0001,240,N,97,240903105,240903
240903111,166,158,138,0,1011,1,29,65,977,11,.,.,7.5964912281,46944,57.0002,240,N,96.4,240903111,240903
240903113,57,61,64,0,412,7,12,23,394,.,.,.,14.034482759,50524,29.0002,240,N,96.9,240903113,240903
240903116,112,104,107,2,650,13,74,39,347,5,.,.,13.675,50633,40.0002,240,N,97.1,240903116,240903
240903117,80,101,97,2,540,2,31,47,449,6,.,.,13.333333333,50245,36.0002,240,N,97.8,240903117,240903
240903118,43,55,42,0,342,7,22,26,330,.,.,.,9.32,47820,25.0002,240,N,97.1,240903118,240903
240903119,124,116,129,0,769,4,15,42,729,.,.,.,7.96,46889,50.0002,240,N,96.8,240903119,240903
240903125,112,112,101,0,719,7,24,39,669,.,.,.,10.059538091,49100,42.9307,240,N,97,240903125,240903
241906101,34,37,40,13,243,101,6,11,167,.,.,.,12.5,41205,18.3972,241,N,96.8,241906101,241906
242902101,19,18,21,21,180,92,0,16,139,.,.,.,15.8125,41655,14.1661,242,N,95.5,242902101,242902
243901101,103,109,105,24,695,531,24,69,492,.,.,.,14.119363959,44593,40.8424,243,N,95.6,243901101,243901
243901103,79,73,54,92,624,379,22,41,298,.,.,.,10.89654801,41755,45.6747,243,N,95.9,243901103,243901
245902106,117,111,100,1,761,13,14,35,663,.,.,.,10.304347826,43993,45.3744,245,N,96,245902106,245902
245903105,79,89,80,2,520,1,15,24,511,.,.,.,13.626183114,44872,31.7588,245,N,95,245903105,245903
245904101,23,20,16,0,138,19,0,6,98,.,.,.,10.707176679,45164,8.9941,245,N,97.5,245904101,245904
246904104,98,77,96,14,557,315,26,57,305,.,.,.,11.869894162,48281,38.9653,246,N,96.1,246904104,246904
246904110,96,118,114,15,693,245,16,54,475,.,.,.,10.88833466,46779,54.0504,246,N,96.2,246904110,246904
246906103,74,77,93,37,564,141,20,22,374,.,.,.,6.1101381556,43231,41.7103,246,N,96.7,246906103,246906
246906104,100,97,115,87,656,323,18,53,264,.,.,.,8.4666666667,44443,43.1801,246,N,97.1,246906104,246906
246909111,73,92,61,49,526,110,30,52,403,.,.,.,7.3526734268,45663,41.4812,246,N,95.7,246909111,246909
246909113,68,61,63,10,375,156,22,21,165,.,.,.,7.8207176266,46482,32.9908,246,N,97.7,246909113,246909
246909114,141,142,110,43,804,425,29,63,157,.,.,.,12.223379814,49161,49.9703,246,N,96.2,246909114,246909
246909115,121,148,150,186,912,237,40,51,457,.,.,.,8.7411741343,46851,58.405,246,N,96.1,246909115,246909
246909118,113,96,84,58,641,105,18,50,546,.,.,.,9.384613602,47314,47.4693,246,N,95.7,246909118,246909
246909121,120,132,107,131,732,284,47,68,309,.,.,.,9.5386239147,47093,49.1681,246,N,96.4,246909121,246909
246909124,75,76,76,72,533,205,36,76,214,.,.,.,11.707317073,48509,41.0016,246,N,95.9,246909124,246909
246912101,44,51,61,10,294,194,22,23,117,.,.,.,15.842105263,41768,17.9797,246,N,96.7,246912101,246912
250904101,74,81,78,15,535,394,5,39,314,.,.,.,17.166666667,44424,36.0009,250,N,96.1,250904101,250904
250905101,23,30,30,0,209,151,3,6,134,.,.,.,10.027844054,41018,15.9599,250,N,96.4,250905101,250905
250906101,62,60,63,1,397,356,16,22,234,.,.,.,11.1,39555,29.499,250,N,96.5,250906101,250906
253901105,65,60,51,0,590,4,23,20,454,.,.,.,9.4375,45837,31.9987,253,N,-1,253901105,253901
253901106,96,89,93,0,693,5,29,21,536,.,.,.,11.017721214,46588,39.3495,253,N,94.4,253901106,253901
253901107,88,88,86,0,674,2,25,30,590,.,.,.,10.780487805,46453,40.4988,253,N,95,253901107,253901
