,gr6_math_avg,gr6_ela_avg,gr7_math_avg,gr7_ela_avg,gr7_writ_avg,gr8_math_avg,gr8_ela_avg,gr8_sci_avg,CAMPUS,DISTRICT
001902041,93,78,71,80,77,93,98,78,001902041,001902
001903041,87,83,74,78,74,84,82,77,001903041,001903
001904041,93,79,74,82,75,98,96,78,001904041,001904
002901041,68,60,57,69,62,84,82,72,002901041,002901
003801042,82,78,85,89,87,79,88,70,003801042,003801
003902041,93,86,86,84,77,94,95,86,003902041,003902
003903044,71,60,66,68,65,91,82,70,003903044,003903
003904041,79,65,71,66,62,93,84,74,003904041,003904
004901041,62,61,76,68,64,76,83,74,004901041,004901
005902041,90,77,92,94,89,93,95,81,005902041,005902
005904041,89,81,84,78,88,91,93,93,005904041,005904
007902041,88,73,72,78,64,96,92,79,007902041,007902
007904041,60,54,46,42,41,76,73,69,007904041,007904
007906041,64,60,71,67,70,80,81,61,007906041,007906
008901041,85,72,76,73,71,89,88,76,008901041,008901
008902041,79,70,70,76,64,82,79,61,008902041,008902
008903041,83,73,79,87,83,95,87,87,008903041,008903
009901041,85,63,72,66,66,94,88,68,009901041,009901
010902041,62,71,74,80,75,84,86,78,010902041,010902
011902041,61,56,41,58,54,79,79,69,011902041,011902
011904041,77,64,69,74,77,86,83,74,011904041,011904
013905041,80,70,91,88,81,97,98,79,013905041,013905
014901041,85,79,85,61,71,90,92,85,014901041,014901
014903043,81,73,53,73,68,90,89,81,014903043,014903
014903044,73,66,31,63,62,83,83,79,014903044,014903
014903045,86,80,69,86,83,95,94,88,014903045,014903
014905041,98,75,78,80,78,98,98,98,014905041,014905
014906009,.,.,.,.,.,.,.,.,014906009,014906
014906042,75,60,61,65,56,82,80,60,014906042,014906
014906043,76,58,69,66,57,80,83,62,014906043,014906
014906044,73,57,67,66,55,71,80,67,014906044,014906
014906046,81,70,70,71,68,69,83,72,014906046,014906
014906048,66,54,52,56,53,79,82,61,014906048,014906
014906049,85,68,81,74,71,92,89,79,014906049,014906
014906050,74,61,61,68,62,79,87,74,014906050,014906
014906051,92,86,87,85,78,84,91,82,014906051,014906
014906052,88,78,80,76,72,92,94,72,014906052,014906
014906053,86,70,76,74,67,93,88,80,014906053,014906
014907041,73,83,72,88,81,74,89,66,014907041,014907
014909041,49,52,62,63,49,73,76,55,014909041,014909
014909042,39,48,61,51,45,81,70,73,014909042,014909
014909044,59,62,68,65,61,86,79,75,014909044,014909
014910041,76,76,77,72,68,87,88,85,014910041,014910
015802004,81,81,21,38,38,86,91,100,015802004,015802
015805041,65,55,51,48,50,68,86,73,015805041,015805
015901041,90,82,56,83,78,93,92,82,015901041,015901
015904041,62,51,67,67,58,92,76,78,015904041,015904
015904042,68,58,50,63,59,90,84,72,015904042,015904
015904043,67,55,64,70,61,91,84,74,015904043,015904
015904044,67,59,59,55,52,88,83,72,015904044,015904
015904045,.,.,.,.,.,.,.,.,015904045,015904
015905041,67,56,42,51,39,75,74,60,015905041,015905
015905044,64,50,63,64,55,80,81,60,015905044,015905
015905046,70,44,49,58,43,59,67,52,015905046,015905
015906041,95,91,92,94,88,97,96,94,015906041,015906
015907043,49,35,39,51,39,78,77,72,015907043,015907
015907047,66,51,62,54,49,72,79,71,015907047,015907
015907049,32,32,31,34,32,72,64,50,015907049,015907
015907050,43,35,51,52,39,63,68,52,015907050,015907
015907051,48,40,45,54,52,58,78,52,015907051,015907
015907053,38,24,29,38,34,45,61,57,015907053,015907
015907054,35,45,35,48,42,41,65,52,015907054,015907
015907055,55,47,56,60,48,73,80,59,015907055,015907
015907057,40,36,36,47,43,49,68,46,015907057,015907
015907059,67,53,55,64,61,81,82,70,015907059,015907
015907061,34,34,36,46,36,56,62,43,015907061,015907
015908041,46,52,67,56,54,83,82,76,015908041,015908
015908042,53,44,41,46,50,75,74,62,015908042,015908
015908043,45,54,41,49,52,80,83,59,015908043,015908
015908044,68,61,57,70,65,76,83,64,015908044,015908
015910041,71,69,66,70,65,90,86,71,015910041,015910
015910042,65,63,71,71,63,96,89,85,015910042,015910
015910043,61,59,66,69,64,78,82,78,015910043,015910
015910044,69,59,65,73,67,89,79,64,015910044,015910
015910045,60,56,71,65,63,96,88,76,015910045,015910
015910046,65,60,67,66,59,76,74,57,015910046,015910
015910047,70,65,73,73,61,82,86,77,015910047,015910
015910048,84,82,77,87,82,89,92,83,015910048,015910
015910049,79,69,70,78,64,88,92,81,015910049,015910
015910050,92,87,91,88,89,94,96,95,015910050,015910
015910053,.,.,.,.,.,.,.,.,015910053,015910
015910056,91,89,89,92,84,95,97,94,015910056,015910
015910057,95,92,96,94,94,96,97,94,015910057,015910
015910058,79,75,76,81,69,88,87,83,015910058,015910
015910059,90,81,87,89,85,95,97,93,015910059,015910
015911043,53,50,45,56,53,69,76,64,015911043,015911
015911044,48,53,37,59,52,55,76,45,015911044,015911
015912041,78,63,67,66,64,82,82,70,015912041,015912
015912042,66,48,55,52,48,63,74,57,015912042,015912
015912044,76,60,65,62,59,-1,88,78,015912044,015912
015912045,72,54,65,65,63,78,81,59,015912045,015912
015915041,61,59,69,62,56,77,83,65,015915041,015915
015915042,64,63,62,65,54,75,81,73,015915042,015915
015915043,77,69,68,70,57,76,80,67,015915043,015915
015915044,63,52,57,59,52,75,76,60,015915044,015915
015915045,67,67,74,79,66,81,86,79,015915045,015915
015915046,69,70,64,72,60,73,84,66,015915046,015915
015915047,77,73,73,81,74,89,93,80,015915047,015915
015915048,60,71,64,71,56,80,85,67,015915048,015915
015915049,79,71,73,73,59,87,89,71,015915049,015915
015915050,76,75,75,82,77,83,92,80,015915050,015915
015915051,77,71,69,78,76,87,88,77,015915051,015915
015915052,69,71,66,78,78,80,91,80,015915052,015915
015915053,87,82,85,84,80,96,94,81,015915053,015915
015915054,77,72,81,86,77,87,92,83,015915054,015915
015915055,89,82,80,87,83,97,95,86,015915055,015915
015915056,76,73,74,77,70,87,90,74,015915056,015915
015915057,93,91,92,96,93,95,98,94,015915057,015915
015915058,89,81,91,89,88,95,95,83,015915058,015915
015915059,86,83,82,88,84,94,95,86,015915059,015915
015915060,86,77,88,87,80,95,96,89,015915060,015915
015915061,.,.,.,.,.,.,.,.,015915061,015915
015916041,52,45,53,51,59,89,79,62,015916041,015916
015916042,71,68,61,78,75,96,92,82,015916042,015916
015916043,63,53,42,61,58,82,85,74,015916043,015916
015916044,52,49,50,63,57,75,86,81,015916044,015916
015916045,70,66,43,70,67,80,87,74,015916045,015916
016902041,87,78,85,72,69,83,90,78,016902041,016902
018901041,79,75,82,74,77,76,88,77,018901041,018901
019905041,79,64,58,69,61,76,82,55,019905041,019905
019907042,62,66,65,73,71,72,79,70,019907042,019907
019909041,57,52,59,55,59,77,77,65,019909041,019909
019912041,92,84,87,88,91,93,97,93,019912041,019912
020901041,67,57,59,66,59,86,78,75,020901041,020901
020901042,72,72,60,67,63,89,85,75,020901042,020901
020901043,62,59,56,73,64,84,82,75,020901043,020901
020901045,80,81,69,86,83,95,92,86,020901045,020901
020901046,85,66,43,66,50,85,84,68,020901046,020901
020901047,61,68,49,68,58,89,84,76,020901047,020901
020902044,82,63,72,75,67,94,86,79,020902044,020902
020904041,96,83,84,77,78,94,84,74,020904041,020904
020906041,82,68,79,77,78,94,89,81,020906041,020906
021902041,67,62,79,78,76,66,81,71,021902041,021902
021902045,64,62,60,63,63,60,74,63,021902045,021902
021902046,63,53,54,56,57,66,75,60,021902046,021902
021902047,57,51,59,58,54,76,79,64,021902047,021902
024901041,51,55,65,73,67,85,82,69,024901041,024901
025909041,87,78,82,89,88,85,92,86,025909041,025909
026901041,81,57,77,77,70,92,89,81,026901041,026901
027903041,60,51,61,63,58,80,85,76,027903041,027903
027904041,75,65,49,68,71,83,86,76,027904041,027904
028902045,61,56,43,64,60,76,74,60,028902045,028902
028903041,59,43,43,67,42,65,86,58,028903041,028903
029901043,69,63,58,61,63,82,74,66,029901043,029901
030902041,83,75,76,73,68,94,86,67,030902041,030902
030903041,55,64,63,67,71,74,76,61,030903041,030903
031901043,80,62,80,78,74,91,84,65,031901043,031901
031901044,63,55,66,73,78,84,83,71,031901044,031901
031901045,72,62,70,74,73,88,84,74,031901045,031901
031901046,72,65,60,66,64,82,81,69,031901046,031901
031901047,76,65,67,71,69,80,84,79,031901047,031901
031901048,54,55,48,61,58,84,77,72,031901048,031901
031901051,70,60,57,65,71,94,87,77,031901051,031901
031901053,74,66,72,79,79,89,92,70,031901053,031901
031901054,90,73,82,82,82,95,96,82,031901054,031901
031901055,78,71,78,75,75,97,91,85,031901055,031901
031903041,83,65,70,71,69,81,79,66,031903041,031903
031903042,70,61,75,71,63,86,84,81,031903042,031903
031903043,84,68,68,67,60,87,81,63,031903043,031903
031903044,84,62,76,70,69,90,79,71,031903044,031903
031903045,82,72,72,73,67,81,89,71,031903045,031903
031906041,90,72,78,86,85,97,91,87,031906041,031906
031906042,82,73,77,78,75,95,91,89,031906042,031906
031906105,89,88,75,84,78,87,89,87,031906105,031906
031909041,67,64,58,69,60,77,81,70,031909041,031909
031911041,68,63,46,54,57,78,78,76,031911041,031911
031912041,57,58,49,61,61,70,79,52,031912041,031912
031912042,54,51,49,57,55,78,74,55,031912042,031912
031912043,50,57,57,56,61,87,82,70,031912043,031912
031914041,71,56,68,67,67,73,75,45,031914041,031914
033902041,96,84,95,88,88,93,98,88,033902041,033902
034903041,69,61,74,76,69,94,92,76,034903041,034903
034905041,65,69,68,74,74,89,94,87,034905041,034905
034906041,83,83,54,86,72,88,85,76,034906041,034906
036901041,81,74,92,80,82,97,90,81,036901041,036901
036902042,87,85,83,84,82,99,96,91,036902042,036902
036902043,91,81,93,88,84,99,97,94,036902043,036902
037907041,81,64,79,71,67,90,88,75,037907041,037907
038901041,89,84,77,84,78,94,88,84,038901041,038901
039902041,92,81,76,75,68,88,95,84,039902041,039902
043902041,85,66,61,69,70,81,86,80,043902041,043902
043904041,87,79,91,87,85,89,94,91,043904041,043904
043905041,83,76,84,76,74,92,88,87,043905041,043905
043905043,86,85,91,89,93,93,94,93,043905043,043905
043905044,98,93,97,98,95,100,99,96,043905044,043905
043905045,96,91,93,86,88,99,98,97,043905045,043905
043905046,97,93,98,96,97,98,99,98,043905046,043905
043905047,93,86,95,89,90,97,95,94,043905047,043905
043905048,97,93,99,97,95,99,98,98,043905048,043905
043905049,96,90,92,90,89,99,98,97,043905049,043905
043905050,93,88,90,85,86,92,96,93,043905050,043905
043905051,96,90,94,95,91,92,96,84,043905051,043905
043905052,96,92,91,90,90,96,97,93,043905052,043905
043905053,94,87,93,94,91,92,95,93,043905053,043905
043905054,97,94,97,95,94,97,97,96,043905054,043905
043905055,93,92,90,93,91,96,98,92,043905055,043905
043905056,98,96,98,97,97,98,100,97,043905056,043905
043905057,94,89,95,95,95,93,98,95,043905057,043905
043907041,86,78,88,81,80,86,90,88,043907041,043907
043907043,95,85,94,88,89,95,97,94,043907043,043907
043907044,73,72,78,74,70,84,86,79,043907044,043907
043907045,88,82,87,84,83,87,91,89,043907045,043907
043907046,92,85,91,89,86,95,94,94,043907046,043907
043908101,93,90,86,89,86,98,97,98,043908101,043908
043910042,76,69,75,70,66,95,86,69,043910042,043910
043910043,79,76,74,79,72,89,93,80,043910043,043910
043910044,93,86,85,81,80,89,94,90,043910044,043910
043910045,82,64,86,72,68,88,85,77,043910045,043910
043910046,79,72,74,68,65,87,84,73,043910046,043910
043910047,94,89,91,89,88,93,98,91,043910047,043910
043910048,86,84,84,83,81,84,93,87,043910048,043910
043910049,88,82,86,87,84,91,95,86,043910049,043910
043910050,90,85,93,93,90,91,97,91,043910050,043910
043910052,85,75,80,76,70,87,91,79,043910052,043910
043910053,94,95,98,97,97,97,98,95,043910053,043910
043910054,95,93,95,94,92,96,98,94,043910054,043910
043910056,84,85,81,83,83,92,95,87,043910056,043910
043912041,96,89,88,91,92,97,97,91,043912041,043912
043912042,95,90,85,91,90,97,97,93,043912042,043912
043917041,73,60,75,73,68,87,86,70,043917041,043917
043918041,81,75,69,65,58,82,87,75,043918041,043918
044902041,79,64,74,82,85,86,86,74,044902041,044902
045902041,78,67,67,71,65,93,85,79,045902041,045902
045903043,61,61,52,72,63,89,83,77,045903043,045903
046901042,85,81,78,84,81,72,93,78,046901042,046901
046902041,97,87,95,91,91,98,98,95,046902041,046902
046902042,77,67,83,73,70,87,88,82,046902042,046902
046902044,84,81,91,91,87,95,95,92,046902044,046902
046902045,92,83,83,86,87,95,98,93,046902045,046902
046902046,79,70,70,77,72,91,88,85,046902046,046902
047901041,66,65,68,74,82,90,87,74,047901041,047901
047902041,77,84,91,95,89,98,95,75,047902041,047902
049905042,90,80,83,87,80,87,93,92,049905042,049905
050910041,72,70,68,74,68,78,89,82,050910041,050910
050910042,79,71,72,75,74,85,88,77,050910042,050910
052901041,69,54,65,70,58,86,77,68,052901041,052901
053001041,61,46,63,71,66,89,90,82,053001041,053001
054903041,51,43,51,38,49,65,84,45,054903041,054903
056901042,67,52,70,70,60,92,89,76,056901042,056901
057803012,77,64,56,69,54,100,94,79,057803012,057803
057803041,99,96,96,96,95,97,97,97,057803041,057803
057803043,84,68,70,80,77,81,92,74,057803043,057803
057803044,66,63,52,65,61,49,89,61,057803044,057803
057803045,85,78,86,88,85,90,95,91,057803045,057803
057803046,57,43,69,64,50,87,83,51,057803046,057803
057803047,80,79,71,78,73,97,91,85,057803047,057803
057803048,71,61,66,77,68,60,88,76,057803048,057803
057803049,70,52,46,64,59,-1,93,71,057803049,057803
057836041,75,75,78,95,92,78,78,69,057836041,057836
057848002,88,74,80,83,76,85,87,82,057848002,057848
057848005,67,58,70,69,69,88,91,74,057848005,057848
057848008,92,93,92,93,94,92,91,96,057848008,057848
057848011,60,65,63,66,70,75,90,65,057848011,057848
057848013,86,82,70,64,63,80,88,71,057848013,057848
057848015,79,79,73,82,81,81,94,75,057848015,057848
057848017,69,56,66,75,68,95,91,72,057848017,057848
057903041,68,59,44,66,60,83,81,71,057903041,057903
057903042,75,51,56,66,59,95,86,79,057903042,057903
057903044,64,56,47,66,58,81,80,70,057903044,057903
057903045,89,78,76,85,76,94,95,90,057903045,057903
057903046,71,59,48,66,60,88,84,73,057903046,057903
057903047,74,65,56,76,66,88,82,65,057903047,057903
057904041,66,57,51,66,60,81,74,67,057904041,057904
057904042,66,55,49,61,53,89,85,71,057904042,057904
057905011,.,.,.,.,.,.,.,.,057905011,057905
057905042,56,52,34,47,43,73,73,53,057905042,057905
057905043,58,47,51,67,59,89,78,77,057905043,057905
057905044,57,48,31,52,42,76,69,59,057905044,057905
057905045,79,47,69,58,52,77,71,62,057905045,057905
057905046,57,46,46,42,34,73,70,60,057905046,057905
057905047,63,57,45,65,56,78,82,80,057905047,057905
057905048,56,51,46,62,58,85,82,60,057905048,057905
057905049,84,69,68,81,78,95,90,88,057905049,057905
057905050,62,53,52,60,57,86,83,75,057905050,057905
057905051,49,43,44,61,42,82,78,64,057905051,057905
057905052,53,40,49,51,42,86,74,68,057905052,057905
057905053,81,63,61,63,60,92,79,74,057905053,057905
057905054,62,45,41,55,46,82,74,53,057905054,057905
057905055,56,39,42,48,43,70,64,45,057905055,057905
057905056,76,63,37,71,69,67,80,58,057905056,057905
057905057,100,100,.,100,100,100,.,100,057905057,057905
057905058,68,63,32,72,67,77,78,71,057905058,057905
057905059,53,47,48,50,49,84,79,67,057905059,057905
057905060,58,36,24,40,39,82,73,71,057905060,057905
057905062,51,34,36,45,47,71,67,60,057905062,057905
057905066,100,95,.,100,100,100,100,96,057905066,057905
057905068,63,49,46,55,49,83,77,75,057905068,057905
057905069,62,49,40,54,51,78,77,61,057905069,057905
057905071,100,99,.,99,99,99,100,99,057905071,057905
057905072,47,39,47,41,52,81,76,57,057905072,057905
057905073,100,100,.,99,99,96,100,99,057905073,057905
057905074,60,44,42,44,41,76,61,42,057905074,057905
057905076,55,40,40,46,46,78,67,64,057905076,057905
057905077,60,58,42,58,54,82,87,72,057905077,057905
057905079,68,46,55,55,46,78,68,59,057905079,057905
057905083,56,42,39,48,44,64,66,52,057905083,057905
057905100,75,54,53,62,49,72,79,63,057905100,057905
057905352,67,63,66,65,68,91,83,77,057905352,057905
057905353,74,56,60,68,63,81,73,71,057905353,057905
057905354,44,44,42,54,46,76,74,57,057905354,057905
057905356,100,100,.,100,100,99,100,99,057905356,057905
057905357,99,97,.,97,95,86,99,91,057905357,057905
057905359,90,82,77,78,68,96,98,82,057905359,057905
057906041,44,56,41,64,56,72,84,67,057906041,057906
057906042,60,63,45,69,66,66,82,63,057906042,057906
057906043,57,50,45,65,63,57,83,59,057906043,057906
057909041,74,87,91,89,90,91,95,89,057909041,057909
057909042,63,50,55,61,63,93,79,62,057909042,057909
057909043,66,46,54,51,50,85,76,61,057909043,057909
057909045,86,79,37,81,84,86,92,86,057909045,057909
057909046,67,56,47,68,66,89,82,75,057909046,057909
057909047,86,80,66,88,84,92,95,89,057909047,057909
057909048,65,59,42,64,60,85,79,66,057909048,057909
057909049,75,64,58,72,70,85,88,66,057909049,057909
057909050,74,63,60,74,60,87,88,75,057909050,057909
057909051,59,49,45,61,52,74,85,69,057909051,057909
057909052,80,81,62,84,83,91,94,88,057909052,057909
057909054,71,70,55,73,71,90,92,68,057909054,057909
057910041,50,52,50,59,48,82,84,66,057910041,057910
057910045,76,63,66,66,56,88,84,75,057910045,057910
057910047,65,51,59,66,64,86,89,77,057910047,057910
057910050,85,76,82,83,78,89,89,88,057910050,057910
057910051,76,57,51,53,40,79,76,59,057910051,057910
057910052,74,53,77,54,44,78,79,67,057910052,057910
057912041,60,48,60,52,51,80,75,70,057912041,057912
057912042,66,47,71,64,59,88,74,58,057912042,057912
057912043,69,58,75,66,62,79,75,72,057912043,057912
057912044,69,54,64,63,59,83,75,72,057912044,057912
057912045,66,54,60,52,53,73,67,66,057912045,057912
057912046,65,60,64,62,59,90,85,80,057912046,057912
057912048,78,59,77,64,60,80,73,68,057912048,057912
057912050,69,57,61,56,52,74,73,65,057912050,057912
057914043,85,58,62,62,62,91,79,87,057914043,057914
057914047,74,62,61,66,63,89,84,80,057914047,057914
057914048,78,69,70,69,70,82,87,83,057914048,057914
057922042,100,93,98,94,92,98,98,98,057922042,057922
057922043,96,90,94,92,88,97,96,92,057922043,057922
057922044,95,91,96,95,89,96,97,93,057922044,057922
058906041,52,45,44,54,52,80,75,63,058906041,058906
060902041,90,80,69,76,69,89,87,64,060902041,060902
061901041,88,85,88,87,87,98,95,88,061901041,061901
061901044,76,69,76,77,74,88,85,77,061901044,061901
061901045,66,56,63,66,64,70,76,76,061901045,061901
061901046,80,77,77,75,77,84,89,79,061901046,061901
061901047,82,75,75,80,83,92,92,89,061901047,061901
061901048,97,89,91,93,87,97,97,92,061901048,061901
061901049,63,64,70,68,62,89,84,71,061901049,061901
061902042,88,60,54,70,62,79,80,65,061902042,061902
061902044,68,78,58,79,71,87,88,74,061902044,061902
061902045,94,83,87,86,86,96,96,90,061902045,061902
061902046,66,67,35,70,58,76,88,77,061902046,061902
061902047,91,81,79,86,90,96,95,90,061902047,061902
061902048,96,90,79,92,87,95,94,87,061902048,061902
061902049,89,82,78,89,90,97,97,94,061902049,061902
061902050,73,48,41,51,41,72,75,52,061902050,061902
061902052,66,62,57,75,63,86,85,61,061902052,061902
061902053,97,94,86,96,96,97,98,95,061902053,061902
061902054,82,76,65,82,84,92,92,83,061902054,061902
061902055,98,93,90,92,92,96,95,91,061902055,061902
061902056,74,63,50,64,63,81,83,68,061902056,061902
061902058,95,92,88,94,93,98,98,94,061902058,061902
061902059,87,83,71,87,87,94,90,85,061902059,061902
061905041,84,68,82,78,75,91,92,83,061905041,061905
061906041,86,67,80,75,78,99,91,87,061906041,061906
061910041,86,87,96,96,92,94,93,93,061910041,061910
061911042,94,88,73,92,91,97,97,94,061911042,061911
061911043,81,69,67,82,80,91,93,92,061911043,061911
061911044,83,72,69,85,84,91,93,87,061911044,061911
061911045,84,79,75,86,82,92,94,91,061911045,061911
061911046,94,83,60,84,81,96,97,92,061911046,061911
061912041,86,73,85,80,76,91,91,83,061912041,061912
061914041,77,61,50,67,61,86,86,66,061914041,061914
062901041,68,65,80,76,78,92,89,71,062901041,062901
062903041,60,59,56,73,63,72,81,60,062903041,062903
062904041,56,59,68,74,68,88,92,85,062904041,062904
065901041,79,85,65,88,88,92,97,77,065901041,065901
066902041,66,65,55,59,58,88,77,64,066902041,066902
066903042,66,47,79,63,63,91,70,63,066903042,066903
067902041,66,75,63,87,85,92,92,79,067902041,067902
067903041,83,74,85,61,71,85,91,78,067903041,067903
067904042,66,59,74,68,68,81,88,88,067904042,067904
067907041,50,50,47,59,52,55,74,61,067907041,067907
068901042,52,40,38,48,42,53,72,59,068901042,068901
068901043,52,50,46,57,53,62,76,56,068901043,068901
068901044,56,46,56,54,52,74,74,63,068901044,068901
068901045,52,54,48,61,58,65,81,66,068901045,068901
068901046,69,66,60,64,62,85,92,84,068901046,068901
068901047,48,40,39,41,42,60,68,56,068901047,068901
070801041,67,53,53,65,82,-1,86,-1,070801041,070801
070905041,68,50,50,62,53,80,81,72,070905041,070905
070908042,93,86,81,82,78,92,94,86,070908042,070908
070908044,94,85,81,83,77,93,94,90,070908044,070908
070911041,74,62,69,67,59,93,84,75,070911041,070911
070912042,74,66,61,75,73,91,90,76,070912042,070912
070912043,88,77,75,77,77,92,92,78,070912043,070912
071810001,81,62,55,67,62,82,80,83,071810001,071810
071901041,78,63,65,72,66,95,86,79,071901041,071901
071901042,63,55,72,70,65,79,79,69,071901042,071901
071901044,75,67,60,59,61,85,87,74,071901044,071901
071901045,79,64,65,62,68,88,84,74,071901045,071901
071902040,.,.,.,.,.,.,.,.,071902040,071902
071902041,67,46,57,63,59,75,69,69,071902041,071902
071902042,83,73,74,76,72,91,90,85,071902042,071902
071902043,60,60,52,58,55,72,77,58,071902043,071902
071902044,52,33,59,50,48,71,67,42,071902044,071902
071902045,84,69,77,66,66,81,83,71,071902045,071902
071902046,59,58,57,67,62,87,79,55,071902046,071902
071902047,65,56,62,67,52,80,76,71,071902047,071902
071902048,67,64,63,60,57,85,80,76,071902048,071902
071902049,54,54,47,57,52,75,80,58,071902049,071902
071902051,78,70,72,75,71,68,84,69,071902051,071902
071902052,74,69,70,76,75,88,85,81,071902052,071902
071902053,91,87,91,93,96,99,98,89,071902053,071902
071902054,56,55,54,68,65,81,80,78,071902054,071902
071902055,76,76,69,84,79,81,90,86,071902055,071902
071902056,76,78,70,76,72,88,91,77,071902056,071902
071903041,86,58,71,62,60,78,73,74,071903041,071903
071905043,.,.,75,84,83,91,91,82,071905043,071905
071905046,69,52,58,52,48,85,75,59,071905046,071905
071905047,78,75,63,81,78,89,87,83,071905047,071905
071905050,80,75,63,70,62,93,88,70,071905050,071905
071905051,87,51,61,75,69,96,83,86,071905051,071905
071905052,81,62,68,71,57,89,85,77,071905052,071905
071906041,85,66,79,70,62,91,87,70,071906041,071906
071907041,79,64,85,83,82,84,86,74,071907041,071907
071907042,63,62,72,68,61,81,84,78,071907042,071907
071908041,67,56,79,62,70,79,70,52,071908041,071908
071909041,82,67,77,77,78,83,87,77,071909041,071909
071909042,76,63,80,78,73,87,79,77,071909042,071909
071909043,81,66,83,79,72,92,89,82,071909043,071909
071909044,87,68,69,75,72,90,86,78,071909044,071909
071909045,81,76,75,82,79,92,92,86,071909045,071909
071909046,86,77,87,84,80,95,89,86,071909046,071909
071909047,86,77,80,74,76,94,90,83,071909047,071909
071909048,90,72,83,84,81,92,90,82,071909048,071909
071909049,80,73,77,82,80,94,92,85,071909049,071909
074907041,91,53,70,70,77,90,93,83,074907041,074907
074909041,63,61,76,76,60,76,90,65,074909041,074909
077902041,78,57,54,58,60,76,69,51,077902041,077902
079901045,95,87,91,91,85,97,97,92,079901045,079901
079907041,86,83,86,85,84,90,95,86,079907041,079907
079907042,73,60,65,61,57,77,84,69,079907042,079907
079907043,88,80,81,82,74,94,91,86,079907043,079907
079907044,86,83,83,81,80,78,95,85,079907044,079907
079907045,91,87,90,93,90,94,96,92,079907045,079907
079907046,56,47,62,60,50,65,75,55,079907046,079907
079907047,79,68,76,73,67,85,89,78,079907047,079907
079907048,73,60,73,70,63,84,83,77,079907048,079907
079907049,92,84,87,88,89,89,93,89,079907049,079907
079907050,97,94,96,93,94,97,99,95,079907050,079907
079907051,99,96,98,97,97,98,98,98,079907051,079907
079907052,88,79,85,84,83,89,93,88,079907052,079907
079907053,84,72,80,80,75,87,91,87,079907053,079907
079907054,94,87,91,88,82,96,96,87,079907054,079907
081902041,85,80,73,73,68,89,90,80,081902041,081902
081904041,57,69,80,80,79,89,87,76,081904041,081904
081905041,87,63,67,74,56,81,86,82,081905041,081905
082902041,37,40,59,74,63,53,76,57,082902041,082902
082903041,48,48,49,49,52,72,66,58,082903041,082903
083903041,69,65,69,68,67,89,87,80,083903041,083903
084906010,.,.,.,.,.,.,.,.,084906010,084906
084908042,75,67,52,70,46,78,67,45,084908042,084908
084909041,69,64,70,69,62,80,82,66,084909041,084909
084910042,89,83,89,90,84,98,96,86,084910042,084910
084910043,82,80,81,77,71,87,90,85,084910043,084910
084910044,80,75,77,77,70,93,87,73,084910044,084910
084910045,90,90,87,90,87,93,96,86,084910045,084910
084910046,82,79,79,82,82,88,89,85,084910046,084910
084910047,81,76,77,76,70,85,88,68,084910047,084910
084910048,84,84,81,80,82,90,91,79,084910048,084910
084910049,94,92,91,89,86,99,97,90,084910049,084910
084910050,87,77,86,84,80,93,91,85,084910050,084910
084910051,75,71,71,72,67,88,89,82,084910051,084910
084911041,90,91,91,88,87,98,96,93,084911041,084911
085902041,61,61,50,72,57,90,78,59,085902041,085902
086901041,80,62,76,75,75,80,89,79,086901041,086901
090904042,65,59,66,60,54,84,81,67,090904042,090904
091901041,93,84,69,89,77,94,91,88,091901041,091901
091909041,73,68,75,74,73,94,94,82,091909041,091909
091910041,95,83,91,86,84,93,87,85,091910041,091910
091914041,67,67,71,65,61,84,93,91,091914041,091914
091918041,65,55,80,79,73,88,83,77,091918041,091918
092901042,59,53,71,68,62,83,76,66,092901042,092901
092902042,64,60,67,69,65,84,83,71,092902042,092902
092903041,68,54,69,63,56,84,80,70,092903041,092903
092903042,81,74,77,78,71,91,91,82,092903042,092903
092903043,69,59,66,79,73,92,88,74,092903043,092903
092906041,80,81,75,81,83,82,86,78,092906041,092906
092907042,92,85,74,80,77,92,94,89,092907042,092907
092908041,75,84,68,75,83,92,89,77,092908041,092908
093904042,50,44,37,53,50,73,73,56,093904042,093904
094901041,61,58,60,72,69,83,74,68,094901041,094901
094901042,59,52,61,56,51,73,82,60,094901042,094901
094904041,76,75,86,79,79,93,93,83,094904041,094904
095901041,79,63,76,69,72,80,75,72,095901041,095901
095905043,64,51,65,68,59,82,78,67,095905043,095905
095905044,69,61,62,67,68,88,82,73,095905044,095905
096904041,55,48,50,58,46,94,86,51,096904041,096904
097902041,98,85,73,80,68,82,83,79,097902041,097902
098904041,95,69,81,87,82,89,89,81,098904041,098904
099903041,70,61,57,64,57,87,87,58,099903041,099903
100904041,86,69,69,67,67,86,84,73,100904041,100904
100905041,87,72,86,87,83,97,93,88,100905041,100905
101802041,85,64,83,79,81,100,91,94,101802041,101802
101806042,68,53,78,52,57,88,86,85,101806042,101806
101813047,69,57,57,59,53,86,95,91,101813047,101813
101837041,86,82,84,96,89,95,90,95,101837041,101837
101838041,51,33,63,58,52,67,73,61,101838041,101838
101846002,83,76,90,84,81,90,93,78,101846002,101846
101853042,69,52,52,58,65,87,85,70,101853042,101853
101864041,40,38,40,54,59,68,81,83,101864041,101864
101871041,70,85,55,67,50,64,100,64,101871041,101871
101871102,71,80,50,60,60,-1,83,100,101871102,101871
101902046,76,60,46,49,44,78,77,62,101902046,101902
101903041,75,62,60,60,64,73,76,72,101903041,101903
101905041,81,59,62,63,62,93,82,82,101905041,101905
101905043,72,62,58,76,67,90,88,78,101905043,101905
101906042,73,68,73,68,67,92,87,80,101906042,101906
101907041,91,78,83,82,79,92,93,88,101907041,101907
101907042,71,60,66,73,63,87,84,74,101907042,101907
101907043,78,74,74,76,68,95,93,77,101907043,101907
101907044,73,69,66,71,64,77,85,75,101907044,101907
101907045,75,68,67,73,65,85,88,74,101907045,101907
101907046,84,75,79,78,70,88,91,86,101907046,101907
101907047,83,77,80,81,77,97,93,93,101907047,101907
101907048,75,66,74,75,66,82,87,73,101907048,101907
101907049,93,86,94,92,86,96,96,93,101907049,101907
101907050,76,68,68,77,65,83,87,78,101907050,101907
101907051,95,87,89,92,87,94,95,89,101907051,101907
101907052,91,86,90,87,81,93,95,85,101907052,101907
101907053,80,69,75,77,75,90,86,73,101907053,101907
101907054,97,88,97,94,91,97,96,92,101907054,101907
101907055,74,69,70,71,64,91,90,76,101907055,101907
101907056,98,95,96,93,89,97,99,96,101907056,101907
101907057,97,89,93,94,88,95,97,92,101907057,101907
101907058,86,80,87,84,79,95,96,90,101907058,101907
101908041,69,59,73,65,61,89,85,78,101908041,101908
101908042,87,80,89,89,81,99,96,96,101908042,101908
101908043,61,63,72,74,75,93,89,75,101908043,101908
101908044,90,86,91,85,86,98,93,88,101908044,101908
101910041,71,57,60,68,65,92,84,74,101910041,101910
101910043,78,64,73,75,78,96,87,78,101910043,101910
101911041,62,52,64,62,65,78,76,70,101911041,101911
101911043,73,59,72,70,60,88,82,77,101911043,101911
101911044,76,66,60,65,65,79,80,68,101911044,101911
101911045,69,58,60,62,62,77,77,72,101911045,101911
101911046,73,69,78,74,67,88,83,76,101911046,101911
101912041,40,39,23,42,36,53,62,27,101912041,101912
101912042,79,70,73,73,72,94,84,63,101912042,101912
101912043,83,67,83,79,78,86,84,84,101912043,101912
101912044,55,38,42,46,42,52,60,33,101912044,101912
101912045,62,42,59,59,58,86,72,60,101912045,101912
101912046,53,43,55,57,56,76,76,61,101912046,101912
101912047,54,37,63,52,55,72,69,72,101912047,101912
101912048,71,57,58,61,59,79,82,65,101912048,101912
101912049,82,77,79,82,82,81,87,73,101912049,101912
101912050,45,50,56,48,49,56,69,52,101912050,101912
101912051,73,51,70,63,72,85,82,66,101912051,101912
101912052,37,38,46,45,44,55,66,54,101912052,101912
101912053,80,72,64,76,73,82,81,70,101912053,101912
101912054,55,42,49,51,51,72,68,60,101912054,101912
101912055,83,76,81,82,83,86,92,82,101912055,101912
101912056,58,44,51,55,48,66,74,60,101912056,101912
101912057,96,94,94,95,95,96,98,94,101912057,101912
101912060,73,63,63,68,63,81,76,66,101912060,101912
101912061,58,40,63,61,59,84,78,55,101912061,101912
101912062,55,37,61,58,47,90,70,57,101912062,101912
101912064,85,80,72,74,79,86,90,75,101912064,101912
101912068,82,74,67,72,67,86,91,73,101912068,101912
101912071,99,92,95,94,97,98,100,100,101912071,101912
101912072,74,58,70,60,64,91,82,66,101912072,101912
101912075,53,38,54,52,46,50,66,43,101912075,101912
101912077,54,37,53,51,44,84,69,51,101912077,101912
101912078,69,44,66,56,55,84,73,64,101912078,101912
101912079,43,34,51,59,42,68,69,59,101912079,101912
101912082,53,44,46,57,54,68,72,56,101912082,101912
101912098,87,71,72,79,82,87,86,86,101912098,101912
101912099,92,78,79,84,83,96,95,84,101912099,101912
101912163,46,29,52,56,53,59,60,48,101912163,101912
101912337,91,87,92,95,96,94,97,91,101912337,101912
101912338,69,44,61,55,53,88,77,66,101912338,101912
101912342,83,63,72,72,81,95,98,70,101912342,101912
101912390,96,83,96,91,97,100,100,96,101912390,101912
101912456,-1,-1,12,42,37,28,44,18,101912456,101912
101912459,54,27,76,59,70,78,70,73,101912459,101912
101912467,90,84,86,93,91,100,100,94,101912467,101912
101912476,54,40,42,38,41,68,65,71,101912476,101912
101913041,64,58,61,68,60,78,83,71,101913041,101913
101913042,92,83,86,83,76,88,94,86,101913042,101913
101913043,89,84,87,87,78,92,94,87,101913043,101913
101913044,81,76,77,73,66,89,93,85,101913044,101913
101913045,95,94,96,94,90,96,97,97,101913045,101913
101913046,80,79,80,81,77,86,93,82,101913046,101913
101913047,73,58,67,64,57,91,78,67,101913047,101913
101913048,87,78,83,83,78,91,92,85,101913048,101913
101914041,85,81,83,84,82,89,90,85,101914041,101914
101914042,79,70,78,81,77,79,90,85,101914042,101914
101914043,88,76,82,86,75,92,91,88,101914043,101914
101914044,90,85,91,89,80,94,95,88,101914044,101914
101914045,86,74,72,74,73,87,89,79,101914045,101914
101914046,97,92,97,95,94,92,96,92,101914046,101914
101914047,97,92,96,95,92,96,97,95,101914047,101914
101914048,92,89,92,91,88,96,96,94,101914048,101914
101914049,79,72,72,73,67,83,85,76,101914049,101914
101914050,97,95,96,96,93,98,98,97,101914050,101914
101914051,83,70,75,78,69,92,89,87,101914051,101914
101914052,96,91,92,94,93,97,96,93,101914052,101914
101914053,99,94,94,94,95,96,98,97,101914053,101914
101914054,97,94,96,97,95,94,98,98,101914054,101914
101915041,77,54,63,61,52,80,77,67,101915041,101915
101915042,83,83,78,81,77,88,91,91,101915042,101915
101915043,77,61,72,69,65,90,83,81,101915043,101915
101915044,81,77,89,84,77,87,91,86,101915044,101915
101915045,84,76,85,81,73,87,91,77,101915045,101915
101915046,93,88,93,89,86,96,96,93,101915046,101915
101915047,80,81,78,80,71,84,90,83,101915047,101915
101915048,83,81,84,83,82,90,92,87,101915048,101915
101915049,75,73,79,76,73,96,89,85,101915049,101915
101919043,50,49,48,57,45,69,76,66,101919043,101919
101919044,70,62,68,70,65,89,83,80,101919044,101919
101919045,78,65,68,71,67,85,86,73,101919045,101919
101919046,56,58,47,58,45,62,68,46,101919046,101919
101919047,61,56,56,60,51,72,72,54,101919047,101919
101919048,58,58,63,67,58,71,77,66,101919048,101919
101919050,74,70,65,70,60,83,80,78,101919050,101919
101920042,98,94,96,93,91,98,97,96,101920042,101920
101920043,83,76,72,78,78,80,84,84,101920043,101920
101920044,56,38,44,47,39,47,60,46,101920044,101920
101920045,79,70,72,73,57,91,88,83,101920045,101920
101920046,71,47,57,44,42,81,68,63,101920046,101920
101920047,65,48,55,56,51,81,78,61,101920047,101920
101920048,99,96,100,99,98,100,100,97,101920048,101920
101921044,98,96,96,96,95,99,97,97,101921044,101921
101924041,55,51,59,65,57,82,80,65,101924041,101924
101924043,70,60,63,70,62,87,85,76,101924043,101924
101925041,71,67,66,67,63,82,87,76,101925041,101925
102904041,82,76,76,78,69,95,91,79,102904041,102904
102905041,89,79,86,84,84,91,87,70,102905041,102905
102906041,79,77,85,81,84,81,95,89,102906041,102906
104901041,69,75,64,90,77,90,95,87,104901041,104901
105902041,76,59,72,73,66,86,86,68,105902041,105902
105902043,75,62,55,63,55,66,76,62,105902043,105902
105904041,91,85,91,92,87,98,96,93,105904041,105904
105905041,81,80,84,82,79,88,95,90,105905041,105905
105906041,86,77,80,81,76,96,95,91,105906041,105906
105906043,89,82,74,80,75,95,91,82,105906043,105906
105906044,61,63,56,66,58,67,82,72,105906044,105906
105906045,71,57,58,61,51,86,83,66,105906045,105906
105906046,58,49,48,60,46,84,78,61,105906046,105906
105906047,60,58,60,66,57,64,80,62,105906047,105906
106901041,99,83,90,90,89,92,91,74,106901041,106901
107901041,65,62,58,63,69,89,78,57,107901041,107901
107904041,89,78,91,83,74,93,91,94,107904041,107904
107905102,73,75,74,77,62,85,94,76,107905102,107905
107906041,89,79,84,79,67,88,89,88,107906041,107906
107910041,64,73,62,74,78,78,94,82,107910041,107910
108807013,93,78,63,83,82,-1,95,94,108807013,108807
108807022,73,61,85,87,79,-1,99,100,108807022,108807
108807023,66,59,67,61,66,.,88,81,108807023,108807
108902045,89,61,76,71,69,94,80,79,108902045,108902
108902046,62,45,54,58,59,83,71,69,108902046,108902
108902047,75,48,58,60,58,87,75,70,108902047,108902
108902048,55,42,69,65,69,80,70,65,108902048,108902
108904043,80,71,77,77,78,88,77,77,108904043,108904
108904044,79,76,74,79,77,93,85,79,108904044,108904
108904045,68,64,64,69,65,89,78,72,108904045,108904
108904046,65,60,67,71,67,87,81,76,108904046,108904
108904047,71,56,58,66,65,81,67,72,108904047,108904
108904048,68,58,63,70,70,87,70,65,108904048,108904
108905041,73,56,63,65,62,82,71,65,108905041,108905
108906042,60,49,65,64,67,88,79,68,108906042,108906
108906043,67,57,64,66,67,82,78,76,108906043,108906
108906044,64,54,61,69,63,84,73,59,108906044,108906
108906045,83,75,70,88,84,90,91,83,108906045,108906
108906046,72,65,65,75,72,87,86,68,108906046,108906
108906047,92,85,76,86,86,96,93,85,108906047,108906
108906048,84,73,79,90,87,88,89,81,108906048,108906
108907041,71,53,64,64,62,82,84,68,108907041,108907
108907108,62,42,73,61,61,70,76,69,108907108,108907
108908041,73,65,59,73,67,89,88,74,108908041,108908
108908042,67,56,65,71,59,83,83,64,108908042,108908
108908043,73,57,63,66,65,93,80,76,108908043,108908
108908044,68,64,66,78,74,80,83,59,108908044,108908
108909041,61,57,64,66,62,89,85,79,108909041,108909
108909042,69,58,57,58,59,83,78,71,108909042,108909
108909043,59,55,70,58,62,86,78,73,108909043,108909
108909044,63,53,49,59,58,79,72,68,108909044,108909
108909045,55,45,54,59,61,87,71,72,108909045,108909
108909046,65,51,55,55,56,79,70,70,108909046,108909
108909047,59,48,64,54,59,87,71,69,108909047,108909
108909048,57,45,61,57,58,83,73,69,108909048,108909
108912041,72,60,75,66,70,92,77,74,108912041,108912
108912042,81,62,73,65,69,83,72,59,108912042,108912
108912043,61,38,52,47,45,80,65,60,108912043,108912
108912044,70,68,72,68,65,88,87,74,108912044,108912
108912045,76,48,79,63,67,91,80,78,108912045,108912
108912046,66,59,66,62,62,94,83,69,108912046,108912
108912048,69,41,59,52,57,92,68,66,108912048,108912
108912049,53,40,55,48,54,88,72,80,108912049,108912
108913041,63,48,74,63,70,90,76,78,108913041,108913
108913042,59,64,69,68,63,86,73,67,108913042,108913
108913043,63,63,73,77,73,92,80,79,108913043,108913
108913044,67,66,76,76,75,87,79,76,108913044,108913
108914041,47,69,37,58,53,49,67,40,108914041,108914
108915041,78,69,50,61,56,83,68,47,108915041,108915
109904041,55,60,60,62,65,65,74,55,109904041,109904
109905041,92,92,79,95,68,71,94,56,109905041,109905
109907041,67,62,72,86,86,83,93,87,109907041,109907
109911041,83,69,73,66,64,87,82,75,109911041,109911
109913041,91,66,95,75,70,91,84,75,109913041,109913
110902041,61,54,68,67,51,87,81,73,110902041,110902
110907041,100,94,81,87,87,100,100,95,110907041,110907
111901041,72,69,60,62,59,71,70,67,111901041,111901
111901042,84,79,83,83,81,89,85,85,111901042,111901
111903041,94,78,93,77,79,100,92,79,111903041,111903
112901041,84,68,72,72,67,89,84,66,112901041,112901
113901041,63,46,55,58,60,83,80,61,113901041,113901
113902041,63,50,51,69,58,69,73,41,113902041,113902
114902041,52,65,59,70,65,86,86,58,114902041,114902
115901041,65,62,69,69,69,86,85,74,115901041,115901
116901041,92,82,88,93,88,92,91,84,116901041,116901
116902041,79,74,77,74,86,92,92,65,116902041,116902
116903043,73,64,66,79,69,52,78,59,116903043,116903
116906041,85,79,80,77,73,94,91,66,116906041,116906
116908041,73,57,73,69,66,80,80,69,116908041,116908
116909041,76,78,63,82,65,80,78,73,116909041,116909
116915041,87,76,86,89,89,84,91,79,116915041,116915
117901041,66,58,71,69,64,85,81,77,117901041,117901
117903041,71,63,50,80,71,71,87,77,117903041,117903
117904041,97,76,87,71,76,96,94,84,117904041,117904
119902041,65,67,65,76,86,94,79,75,119902041,119902
120901042,76,66,61,74,69,89,84,78,120901042,120901
120902041,70,80,62,67,71,54,86,69,120902041,120902
120905041,88,80,82,85,87,89,92,89,120905041,120905
121903041,71,72,63,63,73,76,78,67,121903041,121903
121904043,70,58,65,65,58,84,80,60,121904043,121904
121905041,87,72,87,82,74,95,91,75,121905041,121905
121906041,76,68,76,79,79,92,89,86,121906041,121906
123803041,81,86,71,76,50,.,79,80,123803041,123803
123907041,59,49,62,62,60,68,74,57,123907041,123907
123907043,59,56,64,61,65,80,71,63,123907043,123907
123908041,88,82,73,75,72,89,94,79,123908041,123908
123908042,83,79,70,81,76,93,90,81,123908042,123908
123910042,39,48,44,44,44,75,72,54,123910042,123910
123910043,30,37,40,56,62,68,72,59,123910043,123910
123910045,20,32,29,46,47,64,67,51,123910045,123910
123910046,65,67,79,78,76,81,89,73,123910046,123910
123910047,59,71,67,74,74,89,85,68,123910047,123910
123910048,45,42,62,54,57,77,73,54,123910048,123910
124901041,62,48,66,65,62,81,76,67,124901041,124901
125903041,70,57,52,67,67,90,86,78,125903041,125903
126902041,71,71,59,71,70,86,93,88,126902041,126902
126902042,69,72,68,75,70,87,88,82,126902042,126902
126902043,82,81,67,82,83,93,96,87,126902043,126902
126903041,75,60,71,74,74,81,80,63,126903041,126903
126903107,75,56,60,62,58,80,81,62,126903107,126903
126904041,94,88,97,96,90,96,92,94,126904041,126904
126906041,75,67,69,80,81,86,70,64,126906041,126906
126907041,65,65,56,65,71,61,78,67,126907041,126907
126908041,62,57,56,65,58,84,88,73,126908041,126908
127901041,84,79,63,78,71,67,82,51,127901041,127901
127904041,76,71,69,74,59,86,89,80,127904041,127904
127906041,72,68,71,70,68,95,91,76,127906041,127906
128901041,88,68,73,73,69,77,79,51,128901041,128901
128902041,90,65,76,66,58,82,77,64,128902041,128902
129901041,74,70,53,77,73,83,84,74,129901041,129901
129904041,70,71,56,69,59,85,89,83,129904041,129904
130901041,85,79,86,87,80,96,95,90,130901041,130901
130901042,94,90,92,93,93,97,96,92,130901042,130901
130902041,70,64,79,80,80,84,91,92,130902041,130902
133901041,58,62,63,51,53,79,77,49,133901041,133901
133904042,71,63,88,75,68,95,96,84,133904042,133904
134901041,63,65,55,69,58,60,74,53,134901041,134901
136901041,90,88,84,77,86,83,84,73,136901041,136901
139905041,69,72,79,78,84,85,91,69,139905041,139905
139911042,79,68,81,79,73,94,92,81,139911042,139911
139912041,69,70,71,70,57,90,82,57,139912041,139912
140904041,81,67,70,73,79,70,67,71,140904041,140904
140905041,69,67,93,75,83,90,85,79,140905041,140905
141901041,74,68,67,72,71,89,89,78,141901041,141901
142901041,72,61,54,50,44,73,82,64,142901041,142901
144901041,75,66,37,67,57,89,86,64,144901041,144901
144902041,77,77,72,73,76,88,84,84,144902041,144902
145906041,85,75,68,67,52,81,93,67,145906041,145906
145911041,66,68,68,70,79,78,84,86,145911041,145911
146902041,63,53,60,64,54,84,81,66,146902041,146902
146903041,84,79,93,93,93,-1,82,82,146903041,146903
146906041,67,59,64,78,71,79,80,74,146906041,146906
146907041,90,65,60,69,67,83,87,72,146907041,146907
147903042,58,54,58,63,57,90,86,76,147903042,147903
150901041,78,72,66,76,70,73,80,78,150901041,150901
152901061,52,47,39,61,48,57,73,59,152901061,152901
152901062,56,42,43,48,37,58,69,50,152901062,152901
152901063,54,26,38,41,35,77,56,42,152901063,152901
152901064,78,75,85,84,79,90,88,76,152901064,152901
152901065,96,91,85,89,85,88,94,91,152901065,152901
152901066,83,76,81,83,78,87,89,76,152901066,152901
152901067,61,62,42,59,46,63,81,73,152901067,152901
152901068,63,35,46,52,45,74,65,52,152901068,152901
152901069,42,40,43,56,43,67,74,69,152901069,152901
152903042,62,60,68,78,70,89,88,76,152903042,152903
152906041,82,74,77,82,85,90,89,81,152906041,152906
152906042,88,82,88,88,83,88,93,90,152906042,152906
152907041,82,82,77,85,86,82,92,81,152907041,152907
152907042,77,73,82,84,80,83,89,76,152907042,152907
152907043,81,80,86,86,86,86,95,86,152907043,152907
152908041,71,58,47,51,50,95,84,69,152908041,152908
153904041,58,56,63,69,64,83,72,54,153904041,153904
154901041,83,67,68,59,68,94,88,83,154901041,154901
156902041,55,59,75,66,73,85,88,64,156902041,156902
158901041,55,57,63,62,61,92,79,63,158901041,158901
158902041,71,69,49,58,60,83,86,75,158902041,158902
158906041,70,73,46,66,58,80,91,86,158906041,158906
160901041,75,76,73,77,68,97,88,84,160901041,160901
161907041,90,82,85,88,85,95,94,86,161907041,161907
161909041,61,58,85,72,72,92,86,86,161909041,161909
161914043,68,48,63,62,55,85,76,67,161914043,161914
161914044,73,68,71,76,69,84,87,80,161914044,161914
161914048,42,42,38,46,41,58,61,50,161914048,161914
161914050,47,51,41,55,50,64,68,44,161914050,161914
161916042,75,74,71,81,77,92,86,76,161916042,161916
161918041,76,82,74,86,81,81,93,84,161918041,161918
161919041,81,86,78,78,82,74,88,80,161919041,161919
161921041,57,52,20,50,39,63,71,59,161921041,161921
161923041,92,85,53,75,75,84,87,66,161923041,161923
163901041,68,70,67,76,70,93,89,75,163901041,163901
163903041,68,59,61,62,41,65,75,47,163903041,163903
163904041,80,76,68,59,61,74,82,72,163904041,163904
163908042,87,81,80,81,71,87,86,79,163908042,163908
164901041,45,60,43,52,55,72,94,56,164901041,164901
166901041,71,68,54,59,54,76,80,61,166901041,166901
166903041,85,93,54,76,59,81,94,68,166903041,166903
166904041,69,57,38,65,56,80,80,59,166904041,166904
166905041,82,67,66,82,77,100,90,73,166905041,166905
167901002,95,76,95,86,89,93,85,78,167901002,167901
169901041,85,64,77,73,63,87,87,69,169901041,169901
169902041,79,60,72,66,73,93,96,94,169902041,169902
170904042,68,56,54,54,52,68,76,61,170904042,170904
170904043,85,74,83,79,74,89,89,74,170904043,170904
170906041,73,68,66,72,73,80,86,81,170906041,170906
170906042,89,76,85,80,79,89,93,86,170906042,170906
170907041,65,62,59,64,59,87,76,77,170907041,170907
170908041,74,61,61,67,60,89,86,76,170908041,170908
170908042,61,53,54,59,58,84,82,78,170908042,170908
170908044,81,71,67,72,71,84,89,80,170908044,170908
170908045,80,59,64,60,52,88,82,77,170908045,170908
172902041,68,58,53,57,70,90,82,64,172902041,172902
172905041,76,60,50,62,60,91,86,66,172905041,172905
174903041,96,88,92,71,84,96,93,95,174903041,174903
174904042,56,55,56,59,56,82,73,60,174904042,174904
174904043,51,46,51,57,59,63,74,59,174904043,174904
174906041,91,88,96,83,81,98,85,74,174906041,174906
174908041,82,81,78,80,76,96,95,86,174908041,174908
175902041,59,62,60,68,62,88,87,67,175902041,175902
176902041,67,60,66,62,57,70,76,57,176902041,176902
177902041,60,57,65,60,54,78,71,51,177902041,177902
178902041,86,70,84,83,81,80,74,65,178902041,178902
178903041,76,77,83,78,78,99,92,83,178903041,178903
178904041,63,65,56,71,64,79,84,59,178904041,178904
178904043,62,58,59,69,54,69,72,62,178904043,178904
178904045,60,62,53,71,63,65,83,61,178904045,178904
178904046,61,57,58,59,54,62,84,61,178904046,178904
178904047,55,52,52,50,36,86,67,44,178904047,178904
178904048,63,58,51,66,55,76,86,56,178904048,178904
178904049,72,71,51,64,61,71,82,66,178904049,178904
178904050,50,51,56,58,52,81,73,58,178904050,178904
178904052,65,57,55,62,49,73,69,54,178904052,178904
178904055,87,80,80,83,79,91,94,81,178904055,178904
178904056,77,70,68,80,76,89,86,64,178904056,178904
178904057,82,77,70,86,75,89,89,71,178904057,178904
178908041,88,88,85,92,85,100,97,91,178908041,178908
178909041,59,55,49,62,43,69,79,55,178909041,178909
178912041,69,66,61,61,64,85,85,83,178912041,178912
178913041,82,75,89,85,74,84,94,81,178913041,178913
178915041,77,63,67,75,61,85,80,66,178915041,178915
179901041,68,61,62,77,69,79,84,72,179901041,179901
180901041,57,57,79,86,87,83,87,90,180901041,180901
181901041,79,76,69,83,77,91,88,83,181901041,181901
181906041,32,39,37,55,47,57,69,47,181906041,181906
181908041,77,63,54,72,71,83,93,82,181908041,181908
181908042,62,58,64,70,73,95,90,81,181908042,181908
184901041,53,50,79,73,73,88,83,76,184901041,184901
184904041,83,68,87,74,63,92,83,63,184904041,184904
185901041,82,71,41,56,65,77,81,40,185901041,185901
185902041,74,70,73,85,82,82,89,76,185902041,185902
185903041,91,62,69,75,73,67,81,54,185903041,185903
186902041,51,60,57,53,55,82,80,55,186902041,186902
186903041,94,82,65,73,65,89,89,82,186903041,186903
187903041,36,43,-1,-1,-1,50,71,71,187903041,187903
187904041,58,54,42,46,42,88,76,51,187904041,187904
187907041,68,56,66,64,66,75,74,73,187907041,187907
188901041,76,64,57,72,67,91,88,71,188901041,188901
188901042,100,77,56,71,63,94,82,78,188901042,188901
188901043,97,83,74,82,79,96,93,92,188901043,188901
188901044,82,66,68,63,59,92,86,72,188901044,188901
188901045,72,56,38,67,61,93,81,71,188901045,188901
188901046,-1,-1,56,63,56,94,79,72,188901046,188901
188901048,93,83,73,78,76,96,94,91,188901048,188901
188903041,75,74,92,85,75,86,95,84,188903041,188903
189902041,59,54,82,68,58,81,72,68,189902041,189902
190903041,73,71,81,78,78,89,93,78,190903041,190903
192901041,46,41,55,57,52,73,72,58,192901041,192901
194902041,89,61,76,80,72,83,74,74,194902041,194902
194903102,95,73,90,82,67,94,85,66,194903102,194903
194905041,64,60,51,64,51,91,72,47,194905041,194905
195901042,48,53,53,66,64,93,87,73,195901042,195901
198901041,65,68,76,83,93,94,97,90,198901041,198901
200901041,83,70,63,71,65,85,85,76,200901041,200901
200904041,44,41,66,70,72,65,78,60,200904041,200904
201902041,76,70,74,75,69,96,90,80,201902041,201902
201904041,86,64,90,85,62,90,95,72,201904041,201904
201910041,85,73,69,82,85,90,91,69,201910041,201910
201914041,87,59,63,80,72,75,94,82,201914041,201914
204901041,74,55,50,54,53,73,76,76,204901041,204901
204904041,46,44,58,70,65,87,84,78,204904041,204904
205901041,58,64,54,56,61,68,76,40,205901041,205901
205902041,87,78,80,84,76,94,91,83,205902041,205902
205904041,75,62,67,71,57,84,90,68,205904041,205904
205905041,75,71,64,74,79,76,89,83,205905041,205905
205906041,69,61,69,70,69,84,71,62,205906041,205906
205907041,49,33,45,45,39,70,67,51,205907041,205907
208902041,55,47,46,57,54,58,67,57,208902041,208902
210901041,54,54,76,71,66,85,85,64,210901041,210901
210902041,82,69,94,79,71,95,94,87,210902041,210902
210905041,84,58,77,69,56,97,85,74,210905041,210905
212801041,66,66,71,77,72,91,88,74,212801041,212801
212901041,75,70,71,75,61,86,85,77,212901041,212901
212904041,86,79,55,77,77,81,89,88,212904041,212904
212905041,54,47,35,56,48,61,70,58,212905041,212905
212905042,54,38,33,53,45,77,63,56,212905042,212905
212905043,47,43,44,67,64,83,80,64,212905043,212905
212905044,71,69,36,71,66,88,87,73,212905044,212905
212905045,85,73,68,75,67,87,85,79,212905045,212905
212905049,71,72,44,69,69,79,83,68,212905049,212905
212906041,-1,-1,83,84,79,88,91,79,212906041,212906
212909042,65,65,56,70,74,84,86,71,212909042,212909
212910041,44,64,66,77,68,78,84,56,212910041,212910
213901041,53,67,76,84,86,88,94,88,213901041,213901
214901041,70,47,65,60,62,63,69,63,214901041,214901
214901042,76,47,70,63,65,77,72,59,214901042,214901
214901044,68,57,68,72,73,80,86,65,214901044,214901
214903041,83,61,77,72,77,83,83,68,214903041,214903
214903042,74,55,57,56,62,77,72,57,214903042,214903
218901041,100,88,90,85,81,75,93,84,218901041,218901
219903041,79,60,49,59,55,74,80,70,219903041,219903
220802040,87,84,90,93,95,80,97,-1,220802040,220802
220902041,70,51,65,65,59,91,82,71,220902041,220902
220902042,82,72,82,80,78,87,87,82,220902042,220902
220902043,79,67,67,71,66,79,83,64,220902043,220902
220902044,78,64,77,71,64,92,85,79,220902044,220902
220902045,84,73,78,80,74,88,88,81,220902045,220902
220902046,98,86,96,91,87,99,96,94,220902046,220902
220905018,.,.,.,.,.,.,.,.,220905018,220905
220905042,52,54,44,51,45,76,78,60,220905042,220905
220905044,58,52,32,65,58,78,76,66,220905044,220905
220905045,-1,-1,28,50,45,67,63,57,220905045,220905
220905047,60,57,30,55,47,75,65,49,220905047,220905
220905048,47,48,47,67,60,76,73,64,220905048,220905
220905049,78,50,64,65,56,90,81,70,220905049,220905
220905050,-1,-1,43,75,71,83,85,78,220905050,220905
220905051,67,55,50,54,44,88,79,57,220905051,220905
220905052,71,61,43,56,51,70,71,54,220905052,220905
220905053,44,59,25,59,53,58,71,64,220905053,220905
220905054,58,47,43,51,48,70,71,59,220905054,220905
220905055,75,75,69,85,79,86,90,74,220905055,220905
220905056,47,52,38,62,55,73,72,59,220905056,220905
220905057,-1,-1,38,58,51,89,81,67,220905057,220905
220905058,87,81,59,83,81,89,84,81,220905058,220905
220905059,51,44,32,53,43,65,67,66,220905059,220905
220905060,100,100,41,62,52,73,77,61,220905060,220905
220905061,52,46,36,53,42,67,70,67,220905061,220905
220905070,53,50,50,66,55,75,67,54,220905070,220905
220906041,81,71,50,80,78,85,93,85,220906041,220906
220906042,97,94,96,94,91,98,100,94,220906042,220906
220906043,86,82,82,89,88,96,98,94,220906043,220906
220906044,85,83,73,85,83,91,91,79,220906044,220906
220917041,60,50,62,65,66,81,83,65,220917041,220917
220918041,77,74,66,80,77,89,91,82,220918041,220918
220918042,81,81,60,83,79,94,94,87,220918042,220918
220918043,85,78,65,86,83,91,91,80,220918043,220918
220918044,72,69,58,79,80,89,90,84,220918044,220918
220918045,83,76,70,84,70,87,87,69,220918045,220918
221801034,92,67,90,87,80,78,92,79,221801034,221801
221901044,81,70,54,69,61,92,81,70,221901044,221901
221901045,82,65,63,65,54,70,77,59,221901045,221901
221901047,79,61,69,73,62,91,89,72,221901047,221901
221901048,69,61,42,66,62,94,84,63,221901048,221901
221904041,69,61,67,69,61,81,78,72,221904041,221904
221911041,86,81,70,80,80,90,89,85,221911041,221911
223901041,58,46,66,51,52,92,75,60,223901041,223901
225906041,82,66,66,73,73,94,90,83,225906041,225906
226903042,74,64,65,70,68,82,82,79,226903042,226903
226903043,74,69,72,70,67,84,84,77,226903043,226903
226903045,66,53,50,48,44,69,71,55,226903045,226903
226906041,96,95,99,98,92,99,99,97,226906041,226906
226907041,67,50,54,67,53,79,84,79,226907041,226907
227901043,72,68,54,66,58,81,86,70,227901043,227901
227901044,89,90,60,86,82,88,91,86,227901044,227901
227901045,85,83,65,81,77,90,93,85,227901045,227901
227901046,47,35,29,45,35,76,68,50,227901046,227901
227901047,79,80,66,86,81,95,93,89,227901047,227901
227901051,45,44,22,38,38,66,58,78,227901051,227901
227901052,86,83,60,86,82,92,94,88,227901052,227901
227901053,53,39,39,57,43,79,66,65,227901053,227901
227901054,44,50,35,61,48,86,79,76,227901054,227901
227901055,57,55,45,56,48,68,70,61,227901055,227901
227901057,64,60,53,72,67,84,91,79,227901057,227901
227901058,48,42,24,39,28,69,67,61,227901058,227901
227901059,82,83,76,81,73,95,94,83,227901059,227901
227901060,83,80,57,79,69,95,95,85,227901060,227901
227901061,77,60,59,65,57,91,82,68,227901061,227901
227901062,96,92,93,96,93,99,99,98,227901062,227901
227901064,62,46,50,50,38,85,68,55,227901064,227901
227901065,55,48,35,51,46,84,73,51,227901065,227901
227904041,84,64,55,72,63,92,87,77,227904041,227904
227904042,65,61,47,61,56,82,82,71,227904042,227904
227904043,87,80,77,83,73,91,92,82,227904043,227904
227904045,64,53,42,59,54,71,85,70,227904045,227904
227904046,88,82,78,85,80,96,94,90,227904046,227904
227904048,88,78,70,76,72,97,91,91,227904048,227904
227907041,51,47,38,51,46,56,70,57,227907041,227907
227907042,61,55,64,69,58,71,79,60,227907042,227907
227909041,89,94,97,96,96,97,98,96,227909041,227909
227909042,94,95,94,96,94,99,100,97,227909042,227909
227910041,58,52,53,62,57,85,79,74,227910041,227910
227910042,56,56,42,53,50,74,75,65,227910042,227910
227910043,54,44,45,50,46,82,80,69,227910043,227910
227912041,84,84,57,84,77,90,93,76,227912041,227912
227913041,95,91,87,94,92,96,97,95,227913041,227913
227913042,95,93,85,91,89,98,97,96,227913042,227913
228903041,48,47,46,68,57,72,75,53,228903041,228903
229903041,75,59,59,68,64,93,86,80,229903041,229903
229904041,83,67,69,63,62,80,86,81,229904041,229904
230901041,80,53,56,59,63,80,86,83,230901041,230901
230903041,63,63,57,66,62,73,90,80,230903041,230903
230905041,72,76,73,76,66,97,96,84,230905041,230905
230906041,76,77,68,78,66,82,85,63,230906041,230906
232902041,72,59,60,51,54,81,76,55,232902041,232902
234902041,72,72,76,81,80,87,94,84,234902041,234902
234903041,89,86,59,84,83,91,90,90,234903041,234903
234904041,57,60,56,66,67,71,82,72,234904041,234904
234909041,85,79,83,78,74,94,95,100,234909041,234909
235901041,75,57,56,56,42,69,69,56,235901041,235901
235902041,47,52,33,56,56,79,74,67,235902041,235902
235902042,47,48,36,51,47,77,67,50,235902042,235902
235902043,73,66,54,67,64,90,83,71,235902043,235902
235902044,73,74,58,78,71,93,85,77,235902044,235902
235902045,.,.,.,.,.,.,.,.,235902045,235902
236901042,85,74,62,62,53,80,89,77,236901042,236901
236902048,79,91,84,93,89,81,98,86,236902048,236902
237902041,63,58,48,52,51,74,66,44,237902041,237902
237904041,75,64,70,74,67,91,92,80,237904041,237904
237904043,78,70,77,78,78,90,90,93,237904043,237904
237905041,50,53,42,54,47,76,64,56,237905041,237905
240901041,64,43,63,55,59,81,63,62,240901041,240901
240901042,81,63,60,58,60,86,80,71,240901042,240901
240901043,63,48,64,53,52,83,72,69,240901043,240901
240901044,77,64,70,71,76,89,83,85,240901044,240901
240903041,82,72,83,86,84,96,91,90,240903041,240903
240903043,76,58,79,74,72,93,87,74,240903043,240903
240903044,78,41,71,62,65,91,75,72,240903044,240903
240903045,85,70,77,79,79,94,88,87,240903045,240903
240903046,75,65,70,67,63,95,82,78,240903046,240903
240903047,85,58,83,67,72,91,80,79,240903047,240903
240903048,92,81,85,88,87,97,94,89,240903048,240903
240903053,66,55,74,73,71,87,75,64,240903053,240903
240903054,75,53,73,67,72,85,77,73,240903054,240903
240904041,55,68,52,76,80,87,90,60,240904041,240904
241901041,72,60,70,75,78,85,88,82,241901041,241901
241903041,64,53,63,63,62,81,81,62,241903041,241903
241906041,70,63,67,82,72,76,97,76,241906041,241906
242902041,82,67,86,69,72,87,69,50,242902041,242902
243901041,76,68,68,70,67,86,86,76,243901041,243901
243903041,86,77,79,79,80,86,88,79,243903041,243903
243905046,61,57,62,67,59,84,81,72,243905046,243905
243905047,81,74,83,81,78,91,92,82,243905047,243905
243905048,53,49,43,61,45,64,71,50,243905048,243905
244903041,65,53,62,65,66,70,78,66,244903041,244903
245902041,72,68,82,80,79,85,91,79,245902041,245902
245904041,68,68,72,80,80,94,75,56,245904041,245904
246902041,68,63,56,65,58,70,74,62,246902041,246902
246904040,78,76,69,76,70,75,92,77,246904040,246904
246904041,67,58,65,69,58,56,82,64,246904041,246904
246904042,69,63,58,68,54,52,84,66,246904042,246904
246906041,75,70,83,80,84,91,92,81,246906041,246906
246906042,85,74,78,83,75,94,92,80,246906042,246906
246907041,69,69,77,75,58,85,86,60,246907041,246907
246909041,77,63,57,69,61,86,89,79,246909041,246909
246909042,84,80,77,83,82,93,94,83,246909042,246909
246909043,88,76,67,79,74,90,89,81,246909043,246909
246909044,96,94,94,96,93,99,98,95,246909044,246909
246909045,74,73,69,80,72,90,88,78,246909045,246909
246909046,89,84,84,84,78,96,93,79,246909046,246909
246909047,93,92,85,93,92,97,96,94,246909047,246909
246909051,91,87,81,88,85,97,97,95,246909051,246909
246909052,98,92,97,95,95,99,97,96,246909052,246909
246909053,61,57,60,66,62,84,84,70,246909053,246909
246911041,78,66,58,62,62,92,84,65,246911041,246911
246912042,83,71,72,74,75,90,92,77,246912042,246912
246913041,96,90,82,86,86,97,97,90,246913041,246913
246913042,79,72,65,76,72,93,85,72,246913042,246913
246913043,83,73,65,78,74,93,91,86,246913043,246913
246913044,93,84,89,85,85,94,93,94,246913044,246913
246913045,96,93,90,93,92,98,98,98,246913045,246913
246913046,85,76,83,80,81,92,92,77,246913046,246913
246913047,95,88,78,89,91,97,95,95,246913047,246913
246913048,96,91,84,92,89,96,96,94,246913048,246913
247901041,77,74,81,79,71,88,89,75,247901041,247901
247903041,93,79,88,82,76,96,96,91,247903041,247903
247904041,98,90,93,80,83,100,93,82,247904041,247904
247906041,93,85,80,78,78,85,90,76,247906041,247906
249901041,91,89,81,85,87,83,91,63,249901041,249901
249903041,79,67,73,73,60,94,86,69,249903041,249903
249904041,93,83,74,91,76,93,100,71,249904041,249904
249905041,-1,-1,74,75,75,89,86,76,249905041,249905
249906041,91,72,75,80,70,85,89,81,249906041,249906
250902041,71,71,51,64,74,86,85,68,250902041,250902
250903041,86,65,68,72,69,71,90,73,250903041,250903
250904041,76,62,77,78,66,91,91,73,250904041,250904
251901041,85,79,63,72,68,97,91,76,251901041,251901
251902041,66,58,71,87,74,79,91,79,251902041,251902
252901041,81,61,60,65,58,82,86,71,252901041,252901
252903041,86,78,81,81,69,93,98,78,252903041,252903
253901041,56,51,61,57,50,83,70,65,253901041,253901
