,gr6_stu_count,gr7_stu_count,gr8_stu_count,black_stu_count,all_stu_count,white_stu_count,gifted_stu_count,spec_ed_stu_count,econ_dis_stu_count,eng_class_size,math_class_size,sci_class_size,teacher_experience,teacher_avg_salary,teacher_fte,county_num,charter_school,attendance,CAMPUS,DISTRICT
001902041,43,52,55,26,150,117,26,18,61,16.1,16.9,15.3,12.15,33830,11.8538,001,N,97.1,001902041,001902
001903041,85,82,96,29,263,218,13,56,122,14.4,12.6,15.9,11.058823529,33425,26.188,001,N,95.7,001903041,001903
001904041,66,67,78,37,211,156,25,32,108,13.2,15.3,18.1,12.75,34696,17.9424,001,N,97,001904041,001904
001907041,197,252,254,197,703,282,38,101,434,18.2,19.1,12.7,11.796875,34074,58.5485,001,N,96.5,001907041,001907
002901041,215,209,208,7,632,266,53,118,278,18,20.5,17.7,13.640137549,43338,47.3079,002,N,95.9,002901041,002901
003903044,551,601,577,526,1729,680,181,340,950,18.6,21.2,23.4,12.866644171,38981,123.5707,003,N,96.6,003903044,003903
003904041,128,125,122,9,375,353,40,60,151,15,18.2,20.1,9.625,34010,28.0611,003,N,95.8,003904041,003904
003905041,130,132,132,60,394,157,24,39,261,19.3,20.3,17.6,11.611111111,36902,35.5769,003,N,96.2,003905041,003905
003907041,135,132,128,13,395,328,30,101,179,18.1,19.4,21.3,14.314285714,39068,30.4502,003,N,96.2,003907041,003907
004901041,262,294,279,16,835,501,57,145,493,22.1,24.7,24.7,13.65,40249,53.469,004,N,95.3,004901041,004901
005902041,73,60,58,0,191,182,14,14,55,13.8,15,14.9,13.691720112,35077,15.4688,005,N,97.1,005902041,005902
007901041,42,40,36,0,118,23,15,16,79,19,15.2,19,17.538461538,41999,7.8277,007,N,96.4,007901041,007901
007902041,97,90,105,1,292,115,28,37,185,17.6,22.2,18.6,9.8032786885,39720,21.851,007,N,96.2,007902041,007902
007904041,94,119,119,1,332,94,32,28,215,19.1,19.2,21.6,9.559422111,38861,26.6799,007,N,96.3,007904041,007904
008901041,167,178,176,93,521,330,81,87,182,17.6,17.9,22.5,13.214303894,38536,36.6311,008,N,95.7,008901041,008901
008902041,166,211,180,87,557,264,63,93,294,18.5,17.6,17.4,13.159570227,41537,46.3448,008,N,96.6,008902041,008902
008903041,48,63,67,18,178,94,12,31,70,14.6,14.5,16.1,15.75,43074,16.9995,008,N,97.1,008903041,008903
009901041,101,110,94,3,305,85,29,53,230,14.8,16,16.9,12.382886776,37407,29.1246,009,N,97,009901041,009901
010902041,174,199,191,2,564,430,103,87,258,17.5,18.5,19.3,12.081632653,38931,44.3284,010,N,95.2,010902041,010902
011902041,234,244,246,101,724,284,46,115,397,19.8,22.9,24,13.122807018,39988,53.2527,011,N,95.8,011902041,011902
011904041,120,131,159,39,410,299,27,50,183,18.4,19.9,20,13.52173913,37732,31.3497,011,N,95.7,011904041,011904
013905041,55,49,69,5,173,73,15,25,112,21.4,17.7,23.6,10.578038021,36993,10.0661,013,N,95.8,013905041,013905
014903042,274,294,326,73,894,557,84,157,456,22.1,22.2,24.4,14.344038551,38189,67.6729,014,N,.,014903042,014903
014903043,247,311,289,57,847,563,78,132,308,23.9,24,23.2,11.489716016,37272,67.9696,014,N,.,014903043,014903
014905041,33,32,37,7,102,73,12,9,51,15.2,15.8,17,14.083333333,36902,8.5029,014,N,96.3,014905041,014905
014906009,18,33,39,59,90,17,0,15,66,8.7,9,9.7,11.4,44596,10.0006,014,N,88.6,014906009,014906
014906041,196,186,153,212,535,151,38,96,316,19,20.7,22.3,7.1746994402,39839,43.8953,014,N,95.3,014906041,014906
014906042,244,221,241,256,706,253,95,117,348,20,17,22.8,10.267967627,41452,54.8183,014,N,97,014906042,014906
014906043,204,246,200,367,650,164,45,126,342,21.8,18.8,21.8,10.98989899,42094,48.036,014,N,96.1,014906043,014906
014906044,247,274,245,391,766,207,64,101,374,22.8,18.4,22.1,11.519309871,42816,54.6334,014,N,96,014906044,014906
014906045,168,151,150,193,469,175,12,75,253,17.9,17.7,24.6,11.923076923,42697,38.0651,014,N,95.3,014906045,014906
014906046,234,261,224,166,719,394,97,109,298,21.1,20.2,26.5,12.405172901,42902,50.0756,014,N,95.7,014906046,014906
014906048,236,245,247,404,728,169,60,113,351,21,20.2,24.4,7.9054664634,40150,54.0996,014,N,95.9,014906048,014906
014906049,285,275,255,381,815,272,83,132,250,20.8,18,23.4,8.8722666594,40109,55.0714,014,N,97.3,014906049,014906
014906050,246,224,255,389,725,169,60,120,313,19.9,19.1,23.5,7.164896629,39095,49.8342,014,N,96.4,014906050,014906
014906051,196,206,201,139,603,337,99,70,141,18.8,21.5,21.3,9.5131444494,40246,41.5759,014,N,96.4,014906051,014906
014906052,203,202,156,237,561,218,38,90,319,16.2,18.1,22.1,7.2325581395,39250,42.0658,014,N,95.1,014906052,014906
014907041,62,74,57,5,193,146,33,22,89,15.9,15.8,16.4,14.441860465,36705,16.3686,014,N,97.3,014907041,014907
014909041,195,191,208,162,594,264,49,121,339,19.9,18.5,19.8,7.7538332577,36595,41.5669,014,N,94.5,014909041,014909
014909042,202,220,230,245,652,229,40,146,373,19.3,20.5,21.1,11.182412185,38063,46.9281,014,N,94.6,014909042,014909
014909044,182,158,163,91,503,224,53,122,288,16.9,19.9,19.6,10.307634418,37937,40.7755,014,N,94.3,014909044,014909
014910041,96,96,101,4,293,228,42,66,112,17.9,13.6,19.2,13.533333333,35040,25.4417,014,N,96.5,014910041,014910
015805041,78,79,62,8,219,10,0,44,162,21,20.2,22.2,4.5625,39484,15.1389,015,Y,.,015805041,015805
015813041,12,8,11,23,31,4,0,2,28,10.5,17,34,21.666666667,20431,2.8875,015,Y,85,015813041,015813
015827001,118,65,43,24,226,77,4,11,92,31,23,40,0,35507,16.0005,015,Y,.,015827001,015827
015901041,370,377,351,28,1098,722,268,81,203,22.5,22.2,24.7,14.220963173,46416,67.3495,015,N,96.3,015901041,015901
015904041,293,293,308,12,894,26,97,142,807,19.5,21.7,24.7,13.419354839,42764,60.2662,015,N,94.3,015904041,015904
015904042,223,285,251,3,759,10,76,116,666,21.6,22.8,24.5,10.686279436,40472,50.0446,015,N,95.9,015904042,015904
015904043,215,233,269,1,717,29,76,125,628,12.8,15.1,16.7,12.457860344,42764,50.0977,015,N,94.9,015904043,015904
015904044,238,256,223,10,717,64,79,129,584,23.2,22.7,22.6,11.714733887,40546,44.9894,015,N,95.9,015904044,015904
015904045,1,6,10,0,17,0,0,3,16,4.3,4.3,4,14.909090909,42523,5.4947,015,N,87.1,015904045,015904
015904047,2,5,5,0,12,1,0,12,6,.,.,.,1.8105165145,36666,2.7936,015,N,87.8,015904047,015904
015905041,211,240,163,5,614,12,76,101,610,22.5,23.4,22.3,10.191672144,41892,41.2608,015,N,95.5,015905041,015905
015905044,240,218,166,17,624,2,84,84,527,19,20.4,24.3,11.301322313,43063,42.5797,015,N,94.5,015905044,015905
015905045,133,159,151,6,443,3,69,80,443,20.7,24.7,28.5,9.0769230769,41009,33.43,015,N,94.9,015905045,015905
015905046,180,227,172,3,579,4,70,116,488,24.8,23.1,24.2,10.561646342,42077,42.3099,015,N,93.9,015905046,015905
015906041,82,70,71,59,223,126,41,19,23,14.9,15,17.5,17.23880597,47468,21.6174,015,N,97.3,015906041,015906
015907041,238,240,239,37,717,36,54,111,708,22.8,18.6,28.8,9.9024390244,44149,39.7556,015,N,94.7,015907041,015907
015907042,124,125,107,15,356,3,25,77,301,20.6,18.9,22.3,16.834294782,47684,26.774,015,N,95.3,015907042,015907
015907043,209,210,181,276,600,23,100,78,598,17.6,17,20.4,12.952380952,46913,39.5063,015,N,93.9,015907043,015907
015907046,142,140,150,90,432,10,12,101,411,19.1,16,21.5,11.655172414,44397,28.8591,015,N,94.8,015907046,015907
015907047,158,216,195,2,569,9,37,74,505,19,20.2,20.3,13.971428571,45687,34.5994,015,N,96.2,015907047,015907
015907049,268,314,309,13,891,5,80,120,873,22.4,21.2,22,14.236363636,47423,54.8591,015,N,94.7,015907049,015907
015907050,239,269,276,17,784,35,75,114,727,21.7,20.5,27.1,12.16,45359,49.2271,015,N,93.9,015907050,015907
015907051,187,180,188,3,555,9,53,81,515,21.4,24.4,25.6,12.181818182,44744,31.8044,015,N,95.9,015907051,015907
015907052,179,210,181,14,570,19,41,81,504,16.3,19.9,18.8,12.540540541,46575,36.4304,015,N,96.1,015907052,015907
015907053,181,188,206,16,575,15,41,95,493,21.8,26.6,27.8,14.617647059,46705,33.2908,015,N,94.1,015907053,015907
015907054,254,252,291,90,797,22,88,112,718,21.8,22.2,23,13.369565217,45614,45.5724,015,N,94.8,015907054,015907
015907055,251,224,237,23,712,14,166,89,608,20.7,21.6,22.6,8.5897435897,43796,38.4857,015,N,96.6,015907055,015907
015907057,205,269,262,41,736,81,48,128,678,24,28.2,28.8,14.177777778,46654,44.4933,015,N,94.6,015907057,015907
015907058,186,222,235,21,643,22,41,92,614,16.1,25.8,21.5,13.853755651,45730,38.8376,015,N,94,015907058,015907
015907059,227,243,243,9,713,13,51,120,692,20.2,23.1,23.8,11.638297872,45138,46.494,015,N,94.4,015907059,015907
015907061,236,252,291,11,779,15,173,99,723,20.2,23.6,26.5,18.782608696,51773,45.0595,015,N,95.2,015907061,015907
015908041,257,243,250,12,750,5,52,80,706,18.4,18,16.1,9.1935483871,40146,61.1992,015,N,94.3,015908041,015908
015908042,177,178,186,21,541,30,33,73,497,19.2,14.4,20.7,8.6888888889,39989,43.3911,015,N,94.6,015908042,015908
015908043,249,253,272,4,774,17,55,74,667,20.5,18.6,21.8,10.867924528,42817,51.7334,015,N,95.1,015908043,015908
015909041,251,248,265,11,764,114,77,101,598,18.8,19.5,20.9,7.0909090909,39412,52.6638,015,N,95.4,015909041,015909
015910041,436,422,395,88,1253,590,156,156,425,25.8,25.6,24.8,12.013157895,45683,72.8347,015,N,95.4,015910041,015910
015910042,299,294,293,144,886,316,60,182,479,22.4,22,24,12.007692308,46222,63.4899,015,N,95.1,015910042,015910
015910043,395,345,370,122,1110,328,134,171,706,20.4,20.9,19.5,11.022727273,45181,86.105,015,N,94.4,015910043,015910
015910044,223,283,277,44,783,64,13,129,660,22,22,23.1,9.6805555556,43987,65.4948,015,N,93.4,015910044,015910
015910045,325,303,324,37,952,286,83,122,504,24.6,25.9,25.7,10.272,44580,60.1117,015,N,95.4,015910045,015910
015910046,349,347,353,372,1049,182,24,196,746,22.3,24,24.8,10.297297297,44322,68.9611,015,N,94.5,015910046,015910
015910047,363,408,402,126,1173,477,64,194,550,20.5,25.5,26.8,12.115384615,45734,76.0441,015,N,95.4,015910047,015910
015910048,436,469,484,78,1389,856,191,162,218,24,23.9,25.5,13.069767442,46261,82.5366,015,N,96.2,015910048,015910
015910049,531,524,523,115,1578,826,168,226,385,26.1,26.5,27,12.666666667,45983,97.8936,015,N,95.7,015910049,015910
015910050,539,575,574,68,1688,1089,223,155,112,26.7,28.1,28.4,11.221621622,44897,89.8561,015,N,96.7,015910050,015910
015910053,4,8,13,1,25,5,0,8,20,21,20,24,21.5,52426,9.5136,015,N,75.6,015910053,015910
015910056,469,450,406,81,1325,794,166,148,171,24.3,24.4,28.4,9.4102564103,43820,76.276,015,N,96.6,015910056,015910
015910061,1,0,1,0,2,2,0,2,0,.,.,.,17,51763,1.2001,015,N,.,015910061,015910
015915041,354,344,338,75,1036,210,108,144,666,24,24.6,28.4,10.890625,42326,63.2631,015,N,95.5,015915041,015915
015915042,299,315,266,60,880,84,67,166,729,21.6,23.8,24.3,7.7931034483,39675,57.0526,015,N,95.2,015915042,015915
015915043,340,355,327,53,1022,35,98,188,867,20.9,17.9,22.7,8.0307692308,39720,64.5121,015,N,94.3,015915043,015915
015915044,385,382,377,42,1144,71,127,207,1022,20.2,19,24.6,8.5555555556,40595,80.9996,015,N,95.7,015915044,015915
015915045,353,338,340,92,1031,447,151,123,405,23.9,22,27.6,14.278688525,44586,60.4926,015,N,95.9,015915045,015915
015915046,347,317,320,110,984,150,84,155,658,25.1,24.7,26.2,11.193548387,42101,61.5048,015,N,95.6,015915046,015915
015915047,587,541,590,119,1718,654,227,242,547,22.8,24,23.2,13.510416667,44350,95.3947,015,N,96.1,015915047,015915
015915048,355,405,362,97,1122,363,92,192,563,23.6,20.7,24.6,16.793650794,47269,62.9997,015,N,95.7,015915048,015915
015915049,445,456,416,98,1317,313,145,186,728,21.9,20.1,24.1,12.093023256,43296,85.6158,015,N,95.9,015915049,015915
015915050,598,603,585,85,1786,935,273,184,304,23.4,25.1,25.3,12.641304348,43340,91.7829,015,N,96.6,015915050,015915
015915051,598,557,583,222,1738,384,181,210,741,22.9,25.8,25.4,11.6875,42542,95.2374,015,N,96.5,015915051,015915
015915052,438,412,428,73,1278,415,167,182,537,20.4,22.3,22.4,12.965517241,43361,71.8923,015,N,95.7,015915052,015915
015915053,343,360,350,56,1053,507,152,114,263,23.6,23.9,23.3,11.491525424,42516,57.6281,015,N,95.9,015915053,015915
015915054,433,402,400,175,1235,397,129,124,437,23.5,24,25.7,8.546875,40471,63.0954,015,N,95.9,015915054,015915
015915061,7,18,14,0,39,2,0,7,35,.,.,.,14.818181818,45490,10.7809,015,N,80.6,015915061,015915
015916041,337,357,336,259,1030,142,60,139,767,16.3,18.7,20.5,9.4268292683,41109,80.5989,015,N,96,015916041,015916
015916042,385,441,452,243,1278,518,100,131,499,22.6,22.1,20.3,13.545454545,44378,82.297,015,N,98.1,015916042,015916
015916043,396,333,363,376,1092,266,87,122,570,21,22,24,10.515451602,42181,70.8081,015,N,96.6,015916043,015916
015916044,416,398,378,510,1192,171,54,147,697,20.5,18.7,21.6,9.0643740104,41679,76.2639,015,N,95.6,015916044,015916
015917041,366,379,387,23,1132,168,103,170,873,21.8,23.9,21,7.7954239569,38993,74.2064,015,N,95.2,015917041,015917
016902041,73,83,81,2,237,177,35,26,94,13.8,16.2,13.7,9.5,35138,20.9311,016,N,96.1,016902041,016902
018901041,87,97,93,6,277,212,23,44,136,16.8,17.1,18.9,12.821428571,37316,21.1109,018,N,96.7,018901041,018901
019907042,438,438,476,702,1352,573,127,286,790,17.5,17.1,23,10.964749536,35969,99.6851,019,N,95.8,019907042,019907
019909041,52,51,43,0,146,145,11,34,81,18.8,16.4,18.4,14.294117647,37861,9.476,019,N,97,019909041,019909
019911041,42,33,37,1,112,106,17,14,15,34.5,17.3,23,18,38316,7.3044,019,N,97.2,019911041,019911
020901043,50,417,376,38,843,443,142,108,409,23.6,24.5,24.6,5.4381397393,41485,51.9842,020,N,95.5,020901043,020901
020905041,198,231,233,78,662,218,41,113,416,18.8,18.7,21.4,16.234042553,45899,45.5835,020,N,96.7,020905041,020905
020906041,160,161,172,100,493,324,48,68,186,20.1,16.6,21.1,17.279069767,45517,35.0161,020,N,96,020906041,020906
021902041,319,334,335,231,988,304,94,96,652,18.5,15.8,20.6,8.4495610165,37323,65.4137,021,N,94.8,021902041,021902
021902045,275,329,334,295,938,155,43,88,761,20.9,21.8,20.9,4.6688170194,34969,73.9972,021,N,94.5,021902045,021902
021902046,390,404,405,319,1199,600,214,113,607,19.3,19.3,21.7,10.25972227,37879,76.7744,021,N,95.9,021902046,021902
024901041,101,119,139,0,359,18,37,69,344,15.4,20.9,19.3,17.017184655,39656,33.773,024,N,95.2,024901041,024901
025901041,71,81,93,13,245,197,24,51,116,13.3,13.9,17.3,11.542814162,34193,22.4328,025,N,96.5,025901041,025901
025909041,104,117,105,5,326,274,30,42,139,18.2,14.7,18.7,15.232587267,38409,27.1213,025,N,97.1,025909041,025909
026901041,130,139,148,49,417,272,42,60,185,12,15.5,18.7,11.882352941,38469,33.2785,026,N,96.1,026901041,026901
026902041,35,49,47,38,131,74,13,16,75,12,13,13.7,12.841263952,35983,15.2921,026,N,96.5,026902041,026902
027903041,239,268,246,9,753,598,79,162,368,23,19.3,25.5,14.728257011,37910,48.9102,027,N,95.3,027903041,027903
027904041,275,277,262,33,814,516,45,110,400,20.4,17,21.9,11.766666667,40051,59.9994,027,N,95.3,027904041,027904
028902045,345,350,333,83,1028,393,88,159,551,19,18.6,23.7,7.6491195863,37880,67.5217,028,N,95.9,028902045,028902
028903041,109,130,120,29,359,148,53,43,219,17.6,18.2,20.8,12.606060606,40009,28.2354,028,N,96.2,028903041,028903
029901043,279,316,307,22,902,333,154,155,507,24.8,22.1,26.2,11.398820877,38835,50.559,029,N,95.3,029901043,029901
030903041,22,27,26,0,75,66,11,16,36,13.3,12.8,13.3,13.2,29141,10.0941,030,N,.,030903041,030903
030906041,33,37,34,1,104,90,13,19,48,13,10.7,17.8,11.886562071,35082,11.3243,030,N,96.9,030906041,030906
031901042,340,351,315,0,1006,7,46,196,994,18.3,20.9,22.5,14.734337695,44485,68.4667,031,N,95.9,031901042,031901
031901043,315,348,304,0,967,8,39,164,960,18.1,20.4,21.3,12.589617924,42247,73.1913,031,N,97.2,031901043,031901
031901044,310,371,374,0,1055,36,94,143,1055,19.7,20.5,22,12.740633717,42514,74.8188,031,N,96.9,031901044,031901
031901045,411,427,429,1,1267,47,92,206,1171,19.5,26.1,23.4,13.426233074,43177,83.5227,031,N,96.3,031901045,031901
031901046,316,285,300,0,901,9,30,153,900,24.5,25.3,27.3,12.204706209,42500,59.9071,031,N,96.1,031901046,031901
031901047,391,360,345,2,1096,38,97,143,951,21,22.2,23.3,12.721456233,42982,69.6336,031,N,97.5,031901047,031901
031901048,322,333,353,0,1008,5,30,215,1006,18.2,22.5,22.5,8.3925179353,39404,70.2384,031,N,96.7,031901048,031901
031901051,401,391,342,0,1134,4,68,192,1113,21.2,22.3,21.8,10.435956211,41167,75.414,031,N,97.1,031901051,031901
031901053,323,339,331,2,993,13,34,195,953,22.1,23.9,24.4,11.114915378,41564,72.0233,031,N,96.6,031901053,031901
031901054,389,373,348,2,1110,39,66,183,1028,22.7,24.1,24.3,12.363163577,42474,62.4725,031,N,96.6,031901054,031901
031903041,297,299,305,10,901,129,132,106,625,21.3,22.6,23.9,13.666693194,42680,59.1602,031,N,95,031903041,031903
031903042,227,233,274,3,734,74,114,73,546,19.5,20.3,20.3,11.068965517,40815,56.6524,031,N,94.6,031903042,031903
031903043,244,245,219,5,708,49,75,76,590,17.2,18.9,19.3,11.920287468,41283,56.3382,031,N,94.7,031903043,031903
031903044,242,261,257,6,760,61,88,100,605,19.4,19.7,20.7,13.263157895,41859,56.1419,031,N,96,031903044,031903
031903045,254,247,197,5,698,76,117,83,437,15.5,17,19.1,11.022868705,40655,51.832,031,N,.,031903045,031903
031906041,178,193,209,2,580,44,96,52,496,14.5,18.8,19.1,11.381756835,41627,47.9377,031,N,97.2,031906041,031906
031906042,163,151,153,0,467,14,48,58,418,13.9,19.5,20.1,9.9433903089,40720,36.731,031,N,96.7,031906042,031906
031906105,238,261,236,2,735,37,103,82,616,19.6,23.1,24.5,10.661514243,40933,47.4923,031,N,97.2,031906105,031906
031909041,158,187,198,2,543,90,73,58,405,18,18.5,21.1,9.3488372093,39811,42.5257,031,N,97.4,031909041,031909
031911041,167,160,153,1,480,18,62,80,415,19.8,17.8,18.5,9.641025641,38802,35.2093,031,N,96.6,031911041,031911
031912041,363,353,362,5,1078,22,119,153,941,18.8,21.3,21.5,15.125,42963,69.5496,031,N,95,031912041,031912
031912042,392,432,419,0,1243,20,117,153,1056,22.8,21.8,23,14.454593885,42640,79.4756,031,N,95.6,031912042,031912
031914041,89,103,89,1,281,13,13,61,267,14.1,15.1,18.9,14.851851852,45669,21.9164,031,N,96.5,031914041,031914
033902041,48,48,58,0,154,135,28,22,35,17.7,17.3,17.7,16.1875,39533,12.0105,033,N,95.5,033902041,033902
034901042,145,157,137,149,439,271,29,84,257,19.3,15.9,20.5,12.714285714,34494,33.1966,034,N,96.6,034901042,034901
034903041,65,67,67,29,199,159,26,23,106,10.1,14.9,14.9,16.48,39380,20.4957,034,N,96.2,034903041,034903
034905041,81,69,68,55,218,153,14,41,117,14.9,13.6,17.1,12.363636364,36113,19.8012,034,N,95.1,034905041,034905
034906041,25,39,46,3,110,105,14,25,38,17.5,14.2,17,13.2,34491,9.5254,034,N,95.1,034906041,034906
036901041,100,125,114,80,339,190,35,41,173,20.6,16.4,21.6,10.532479132,37364,22.4369,036,N,96.8,036901041,036901
037907041,128,146,158,58,432,321,20,56,231,16.5,18.4,19.8,12.630434783,34575,36.0935,037,N,96,037907041,037907
038901041,84,82,95,26,261,163,22,46,136,15,15.7,14.2,16.287071458,37225,22.8512,038,N,96.2,038901041,038901
039902041,91,62,80,2,233,219,15,39,76,12.1,12.3,12.9,12.679865886,35906,19.4767,039,N,95.9,039902041,039902
039903041,36,45,40,1,121,103,16,18,55,17.6,16.4,21.3,9.7368421053,32467,9.1872,039,N,96.5,039903041,039903
040901041,24,42,35,10,101,22,11,11,82,11.1,13.9,12,13.547329875,37672,9.7805,040,N,96.3,040901041,040901
042901041,62,74,88,8,224,162,25,28,132,13.9,12.7,16.1,11.340425532,33642,20.3536,042,N,95.6,042901041,042901
043904041,124,116,133,21,373,263,26,49,157,18.2,16.4,20.8,11.103448276,37420,26.5896,043,N,96.3,043904041,043904
043905041,232,246,223,80,701,427,43,86,161,18.9,22.3,22,10.190699493,43964,53.295,043,N,96.8,043905041,043905
043905043,305,299,268,111,872,522,87,45,86,25.7,18.9,19.4,8.1226762269,43104,64.6223,043,N,96.7,043905043,043905
043905044,203,185,212,54,600,412,46,30,66,18.7,19.3,19.7,10.107779414,43649,50.82,043,N,97,043905044,043905
043905045,277,250,255,61,782,583,61,63,70,18.4,17,21.1,7.0447761194,41867,63.5089,043,N,96.3,043905045,043905
043905046,248,231,172,93,651,462,24,48,43,17.4,17,19.3,7.6770604817,42125,50.2541,043,N,97.2,043905046,043905
043905047,204,195,159,98,558,334,23,39,81,17.5,16.2,20.8,5.2272727273,40012,43.0876,043,N,.,043905047,043905
043907041,308,341,278,79,927,608,108,108,241,23,23.3,23.7,8.1032090647,41665,62.5725,043,N,95.6,043907041,043907
043907043,360,361,383,107,1104,769,110,105,201,24.5,20.3,22.5,8.5408805031,41680,74.1285,043,N,95.8,043907043,043907
043907044,330,322,303,134,955,614,70,124,247,23.5,21.7,21.4,7.9722222222,41601,63.9475,043,N,95.7,043907044,043907
043907045,463,437,421,175,1321,846,115,140,249,23.1,22.9,23.6,7.2071439768,41000,82.4093,043,N,96.1,043907045,043907
043910042,299,322,350,155,971,303,67,173,588,14,17.6,21.3,12.583936152,46271,77.381,043,N,96.4,043910042,043910
043910043,332,373,357,103,1062,615,119,170,307,13.6,17.9,20.3,9.9786223278,43581,72.9456,043,N,96.7,043910043,043910
043910044,278,330,234,67,842,602,166,129,134,15.7,17,23,10.648263152,44562,57.5321,043,N,96.8,043910044,043910
043910045,243,256,256,128,755,319,41,139,365,15.2,19.9,25.6,9.2247782428,43189,58.2018,043,N,96,043910045,043910
043910046,345,327,365,198,1037,572,111,165,355,16,17.7,22.8,10.199862649,44197,70.1406,043,N,96.9,043910046,043910
043910047,328,297,334,45,959,662,173,98,76,18.5,21.2,24.3,12.988034657,46563,56.4594,043,N,97.1,043910047,043910
043910048,303,296,273,114,872,547,110,101,135,14.8,18.2,20.5,11.772128524,45341,56.1402,043,N,97,043910048,043910
043910049,410,413,406,124,1229,831,228,98,122,18.3,23.3,25.6,11.4166564,44989,71.4342,043,N,97,043910049,043910
043910050,312,349,363,101,1024,580,166,103,103,18.7,24.1,22.2,9.0296296296,42999,58.3055,043,N,97.2,043910050,043910
043910052,392,399,404,154,1195,756,185,162,244,15.4,19.2,24.3,11.429064711,44496,70.5859,043,N,96.6,043910052,043910
043910053,316,348,358,48,1022,587,252,89,36,17.5,19.8,20.7,10.309000377,44474,63.6047,043,N,97.7,043910053,043910
043910054,370,355,346,143,1071,585,126,121,115,18,17,23.1,10.001319371,43636,64.7566,043,N,97.5,043910054,043910
043912041,134,132,133,11,399,321,39,41,50,18.4,21.2,21.9,7.7536231884,34281,27.9034,043,N,97.4,043912041,043912
043918041,86,110,123,9,319,267,17,46,97,20.9,15.5,19,9.5862068966,34661,27.4629,043,N,96.4,043918041,043918
044902041,39,41,53,8,133,74,12,16,85,13.9,11.8,18.8,14.972972973,36158,12.0426,044,N,96.5,044902041,044902
045902041,104,120,130,57,354,220,11,56,161,17.1,16.9,20.1,11.964285714,35795,26.2778,045,N,96.4,045902041,045902
045903042,61,47,62,40,170,23,18,32,133,13.5,14,15.6,9.3792883933,36419,18.4253,045,N,.,045903042,045903
045905041,37,41,43,21,121,74,15,15,51,14.5,15.7,16.8,9.1538461538,33473,10.1155,045,N,97,045905041,045905
046901041,1,524,524,17,1049,580,72,109,371,22.5,20.9,26.7,13.304,42592,59.065,046,N,95.5,046901041,046901
047901041,87,108,93,0,288,184,31,38,176,14.4,13.9,16.3,12.382978723,36014,22.6459,047,N,96.5,047901041,047901
047902041,50,64,50,0,164,116,8,24,83,19.5,17,17.7,14.304347826,35944,13.7274,047,N,96.8,047902041,047902
052901041,76,63,71,3,210,81,26,19,100,12.2,12.5,14.9,15.864864865,42034,23.1828,052,N,95.6,052901041,052901
053001041,51,64,59,1,174,46,15,14,90,12,11.5,15.4,12.428571429,38393,18.6574,053,N,96.1,053001041,053001
054901041,30,37,27,5,94,27,17,20,70,12.6,10,12.8,12.277777778,35698,12.1625,054,N,96.4,054901041,054901
054903041,40,43,39,2,122,37,14,32,94,15,13.6,16.2,8.8571428571,32225,10.9394,054,N,96.3,054903041,054903
055901041,45,51,47,0,143,25,18,14,116,11.8,9,12.3,14.411764706,40940,12.5281,055,N,95.8,055901041,055901
056901042,125,133,113,8,371,218,17,64,219,14.3,15.4,17.3,10.025,34144,32.7754,056,N,95.9,056901042,056901
057903041,360,364,378,48,1102,198,77,123,784,21.6,23.4,25.2,7.6587233967,42435,73.8324,057,N,96,057903041,057903
057903042,359,315,306,49,980,177,153,108,701,21,23.4,25.1,7.9057672341,42899,67.5745,057,N,96.6,057903042,057903
057903044,291,319,295,178,905,271,76,121,471,25.5,24,26,7.7071502118,43172,61.9671,057,N,96.5,057903044,057903
057903045,355,376,385,131,1116,534,165,145,315,22.4,23.5,25.1,7.7573372245,42836,74.46,057,N,96.8,057903045,057903
057903046,321,305,302,183,928,325,103,106,409,22.3,24,23.8,9.1656428713,42658,62.7187,057,N,96.7,057903046,057903
057903047,217,226,205,262,648,141,58,68,250,22.7,20.3,26.6,7.5932708447,42513,46.2185,057,N,96.3,057903047,057903
057905044,301,405,388,58,1094,13,127,104,975,21.9,22.7,25.1,16.804347826,50900,68.9997,057,N,94.9,057905044,057905
057905063,63,308,265,494,636,6,37,101,520,19,21,21.5,12.43902439,47620,41.0003,057,N,95.4,057905063,057905
057905069,265,363,343,181,971,392,124,133,726,19.2,21.7,27.5,12.034482759,46864,57.8721,057,N,94.6,057905069,057905
057909041,301,316,307,111,924,423,655,39,275,20.4,24.3,24.3,12.860179052,44641,51.8911,057,N,97.7,057909041,057909
057909042,282,285,281,175,848,183,16,130,525,17.8,18.9,23.8,9.3793260647,42741,64.1199,057,N,95.6,057909042,057909
057909043,237,216,217,73,670,95,9,101,542,18.7,18.5,20.6,9.3421017973,43113,54.2766,057,N,95.6,057909043,057909
057909044,75,67,65,52,207,94,1,3,93,13.1,13.1,13.1,14.418604651,44665,20.8414,057,N,97.2,057909044,057909
057909045,374,400,365,208,1139,261,79,98,633,23.3,21.4,27.2,12.493343598,44052,62.6064,057,N,96.3,057909045,057909
057909046,327,360,335,243,1022,172,5,152,721,17.4,18.1,21.7,7.0394736842,41595,75.0339,057,N,96.2,057909046,057909
057909047,407,373,380,260,1160,463,78,81,538,25,23.9,26.7,9.7242204952,43546,63.0084,057,N,96.4,057909047,057909
057909048,208,265,245,182,718,104,11,109,473,18.2,15.2,21.8,9.8181818182,43220,54.3652,057,N,95.8,057909048,057909
057909049,386,405,389,236,1180,449,37,149,476,20,25.2,24.6,9.3775784061,42653,72.7743,057,N,96.7,057909049,057909
057909050,407,383,432,226,1222,686,43,129,302,26,27.6,28.1,9.014084507,42425,69.1756,057,N,96.6,057909050,057909
057909051,315,372,345,427,1032,248,9,168,582,18.8,19.8,22.8,5.1379845268,40681,68.1702,057,N,95.8,057909051,057909
057909052,396,414,431,135,1241,626,45,133,411,23.1,22.9,29.2,6.7894736842,41358,75.4746,057,N,95.9,057909052,057909
057909054,458,454,451,250,1363,724,46,189,363,27.8,25.8,31.4,9.9266666667,42739,72.8497,057,N,96.2,057909054,057909
057910041,241,263,214,104,718,195,89,106,498,20.1,22.1,25.6,8.5476190476,43010,40.8371,057,N,95.6,057910041,057910
057910044,260,268,252,85,780,121,38,138,631,20.1,21.1,26.1,11.246715068,45175,51.9457,057,N,94.5,057910044,057910
057910045,316,351,327,198,994,212,114,131,518,21,23.9,25.8,13,45451,55.7127,057,N,96.2,057910045,057910
057910047,194,213,202,190,609,171,68,91,287,20.7,21.4,24,10.921052632,44775,35.4358,057,N,96.7,057910047,057910
057910048,301,289,306,121,896,141,75,107,637,20.4,25.6,26.2,11.170528358,44884,50.4292,057,N,96.3,057910048,057910
057910049,229,273,262,39,764,104,60,113,608,15.8,16.9,21.4,6.9636910205,42212,49.7718,057,N,95.9,057910049,057910
057910050,208,192,209,157,609,237,137,62,128,24,21.8,25,8.8888888889,43208,32.2837,057,N,97.3,057910050,057910
057912041,328,358,321,68,1007,161,116,141,769,19.8,20.5,22.5,8.3517476544,42284,70.2342,057,N,95.5,057912041,057912
057912042,302,347,336,212,985,210,141,83,614,21.8,18.6,25.2,5.3582089552,40889,66.1171,057,N,96.3,057912042,057912
057912043,360,347,320,121,1027,319,179,103,586,22.6,20.1,24.8,7.8571428571,41593,63.004,057,N,96.5,057912043,057912
057912044,364,376,344,96,1084,366,141,115,614,19.1,20.7,21.4,11.064748201,44502,67.3427,057,N,96.2,057912044,057912
057912045,294,292,306,59,892,97,76,99,768,18.4,18,21.6,10.192465717,43481,65.8237,057,N,96.2,057912045,057912
057912046,328,373,317,331,1018,143,101,109,717,20.1,20.4,20.8,7.4656112272,42089,66.6012,057,N,95.4,057912046,057912
057912048,306,345,316,61,967,198,129,95,694,20.8,21.7,24.6,10.844028232,43779,57.7931,057,N,95.9,057912048,057912
057914043,210,325,322,212,857,261,55,143,627,19.7,22.8,27.6,9.8946672267,43888,55.2262,057,N,97.3,057914043,057914
057914045,317,375,333,204,1025,330,52,216,725,24.4,25.9,28,7.5169267296,41870,59.9743,057,N,96,057914045,057914
057922042,234,242,261,48,737,489,198,73,61,19.8,22.5,22.7,8.8168775541,42844,47.804,057,N,97,057922042,057922
057922043,303,302,274,70,879,580,271,64,83,17.8,22.2,23.5,9.2711864407,42593,58.034,057,N,96.9,057922043,057922
057922044,287,267,274,24,828,609,249,54,28,18.8,23.2,23.5,7.5711983722,43257,57.1976,057,N,97.2,057922044,057922
058906041,115,136,145,20,396,98,55,49,260,13.7,11.8,20,13.333333333,38714,35.0124,058,N,96,058906041,058906
059901042,246,337,314,10,897,177,32,115,677,20,19.3,21.2,10.337662338,37530,71.3459,059,N,96.5,059901042,059901
060902041,59,76,67,35,202,161,21,39,92,13.9,14.3,17,15.826086957,34850,17.2161,060,N,96.2,060902041,060902
061901041,323,377,318,121,1018,604,148,148,365,23.3,22.9,26,7.1781063992,41177,67.3416,061,N,95.8,061901041,061901
061901044,283,307,352,101,942,558,157,132,374,24.7,20.5,28.9,11.253731343,44190,65.2805,061,N,95.7,061901044,061901
061901045,277,303,269,130,849,339,92,119,430,19.2,19.8,22.9,7.4505494505,41287,64.878,061,N,95.6,061901045,061901
061901046,365,349,319,143,1033,638,186,143,275,19,22.2,25.2,10.757827624,43663,69.6916,061,N,96.4,061901046,061901
061902042,218,208,208,93,634,262,96,87,268,14.2,17.4,19,10.651545915,44095,59.4148,061,N,96.7,061902042,061902
061902044,211,265,222,69,698,439,84,100,178,16.9,14.5,20.9,13.147926992,45467,60.3843,061,N,96.6,061902044,061902
061902045,238,249,234,38,721,574,90,83,49,18,19,21.5,12.299145299,45406,57.5329,061,N,96.9,061902045,061902
061902046,277,310,266,74,853,547,111,91,235,20.8,22.1,21.6,9.4212856197,42948,63.9546,061,N,96.1,061902046,061902
061902047,284,279,260,83,823,536,125,102,81,19.8,24.7,22.4,11.487603306,44547,56.3904,061,N,97.2,061902047,061902
061902048,236,254,314,27,804,678,136,74,25,18.6,17.6,18.6,12.308823529,45249,59.8525,061,N,97,061902048,061902
061902049,340,302,322,25,964,858,188,91,33,20,22.6,26.3,11.887490144,44690,65.986,061,N,97.2,061902049,061902
061902050,205,238,209,87,652,136,68,98,509,14.1,17,20.2,10.459739156,44443,69.2225,061,N,95.1,061902050,061902
061902052,336,327,328,165,991,535,96,124,287,19.4,17.8,20.3,10.485256087,43978,74.946,061,N,96.5,061902052,061902
061902053,314,330,325,26,969,823,161,82,13,21.8,21.3,22.3,8.5912408759,42976,65.191,061,N,97.2,061902053,061902
061902054,340,310,336,137,986,497,124,97,161,20.3,19.8,22.6,8.4460431655,42591,65.4756,061,N,97.6,061902054,061902
061902055,219,190,181,16,590,540,108,51,14,20.7,22.3,24.1,8.7582417582,42602,41.8175,061,N,96.8,061902055,061902
061902056,270,258,262,209,790,338,116,117,309,22.5,17.3,18.6,5.6847635098,41012,63.1317,061,N,96.5,061902056,061902
061902058,252,195,92,31,539,442,94,61,27,17,17,18.9,13.29787234,46186,42.9019,061,N,.,061902058,061902
061905041,98,110,111,3,319,251,37,35,99,16.4,19,18.3,12.365883447,39018,21.9466,061,N,97.1,061905041,061905
061906041,73,80,83,1,236,208,22,33,59,16.1,11.6,15.8,10.846153846,37256,18.3519,061,N,.,061906041,061906
061907041,97,104,105,2,306,257,30,27,57,15.9,18.9,20.9,8.9795918367,36212,22.8807,061,N,96.2,061907041,061907
061910041,142,149,132,1,423,385,84,38,39,19.4,19,23.3,10.756756757,42586,27.0096,061,N,96.5,061910041,061910
061911042,252,285,236,48,773,576,79,92,127,22.3,21.8,24.8,10.801303539,46002,49.4953,061,N,96.3,061911042,061911
061911043,240,257,305,22,802,663,76,105,133,20.6,19.2,22.4,11.274452357,45972,55.382,061,N,95.7,061911043,061911
061911044,154,154,131,18,439,342,29,67,142,19.5,17,20.6,10.021255028,45196,36.3143,061,N,94.1,061911044,061911
061912041,297,290,325,73,912,696,78,134,196,16.3,16.7,19,6.1324736225,37564,65.8428,061,N,96.3,061912041,061912
062901041,134,149,159,51,442,219,30,69,243,16.8,16.5,18,11.119617225,35248,39.7061,062,N,94.8,062901041,062901
062903002,1,0,1,1,2,0,0,2,1,.,.,.,.,.,.,062,N,-1,062903002,062903
062903041,101,113,109,41,323,151,25,65,189,16.5,13.9,21,15.892857143,36853,25.8212,062,N,96.5,062903041,062903
062904041,37,69,46,6,152,83,5,25,85,17.7,9.6,16.4,10.182756753,33265,13.274,062,N,96.7,062904041,062904
065901041,36,44,44,16,124,96,5,23,78,20.4,10.3,17.6,7.923895093,32093,11.1017,065,N,97.3,065901041,065901
066902041,94,116,108,0,318,1,34,31,244,14,13.6,17.5,14.133333333,39176,26.1641,066,N,94.2,066902041,066902
066903042,73,70,59,0,202,37,12,21,103,12.7,10.6,12.8,11.15,36991,18.8146,066,N,94.1,066903042,066903
067902041,59,64,61,8,184,145,26,42,108,14.2,12.3,13.7,11.215384615,32451,19.6574,067,N,97,067902041,067902
067903041,78,74,93,2,245,188,17,46,101,12.1,12.9,16.7,13.52173913,36776,20.2426,067,N,96.5,067903041,067903
067907041,40,39,35,1,114,96,16,26,76,13.2,15,12.3,10.176470588,33643,10.5639,067,N,96,067907041,067907
070908042,213,222,208,11,643,548,77,88,77,18.3,17.6,20.3,10.639836629,42274,44.3813,070,N,96.5,070908042,070908
070908044,272,248,293,28,813,670,133,110,127,24.8,22.3,27,10.764327942,42104,47.1356,070,N,.,070908044,070908
070910041,77,88,98,5,263,185,22,45,97,16.2,14.6,18.6,12.864372182,38631,21.6358,070,N,96.6,070910041,070910
071901041,132,126,147,3,405,27,40,42,345,21.4,18.6,24.8,7.7083333333,40487,23.1028,071,N,97.5,071901041,071901
071901042,246,297,289,0,832,23,58,64,773,26.1,25,29,11.407147321,43301,43.8881,071,N,96.8,071901042,071901
071901044,283,345,295,10,923,27,45,63,831,26.5,25.1,28.4,7.8666666667,41738,44.0153,071,N,.,071901044,071901
071902041,272,347,316,6,935,8,117,62,864,19.3,24.8,22.3,7.8014173673,38145,66.5198,071,N,95.9,071902041,071902
071902042,261,285,301,41,847,98,73,84,650,22.5,23,17.6,9.0291273122,38572,61.8337,071,N,95.9,071902042,071902
071902043,325,347,338,66,1010,107,116,103,761,17.7,24.3,20.7,9.15625,39516,64.0094,071,N,95.4,071902043,071902
071902044,307,358,331,3,996,4,99,70,982,17.8,20.3,17.7,10.111083983,39308,69.2839,071,N,95.7,071902044,071902
071902045,187,229,229,60,645,90,63,100,499,20.6,22.1,21.5,11.051917915,40869,44.6297,071,N,95.7,071902045,071902
071902046,365,393,387,35,1145,181,182,101,715,20.6,20.3,21.1,8.5869301532,38831,76.0072,071,N,95.2,071902046,071902
071902047,283,321,265,32,869,31,70,105,794,20.3,18.2,18.2,9.3371208906,38616,60.4562,071,N,95.2,071902047,071902
071902048,255,237,243,72,735,100,42,91,573,22.2,21.5,18.9,10.375,38623,53.8211,071,N,94.9,071902048,071902
071902049,344,353,313,101,1010,104,76,84,851,20.7,19.9,24.2,10.101509766,40021,71.4907,071,N,94.9,071902049,071902
071902051,351,415,396,16,1162,251,219,85,595,21.7,21.2,22.2,11.628565714,40791,74.7518,071,N,95.5,071902051,071902
071902052,281,298,296,9,875,46,136,76,726,22.1,23.6,21,10.206349206,39756,60.8275,071,N,95.8,071902052,071902
071902053,637,635,578,37,1850,483,371,95,517,26.6,26.5,27.3,11.173787431,40171,102.5483,071,N,96.8,071902053,071902
071902054,260,300,278,6,838,14,74,66,727,21.7,21.9,22.5,9.5746023835,39282,59.7157,071,N,95.7,071902054,071902
071902055,266,285,276,172,827,226,140,77,362,21.8,23.3,20.4,10.2624453,39465,57.3358,071,N,96.4,071902055,071902
071903041,174,205,219,1,598,13,38,66,555,23.2,20.9,16,9.7400844958,40792,38.8178,071,N,96.6,071903041,071903
071904041,270,285,274,1,829,2,32,92,805,17.1,18.3,22.4,9.5952806016,42959,53.9066,071,N,97.4,071904041,071904
071905051,172,285,255,3,712,8,74,94,669,22.9,22.7,22,11.836734694,42895,48.2596,071,N,96.5,071905051,071905
071905052,122,156,151,1,429,8,42,47,394,19.3,22,25.2,10.322580645,42639,30.0759,071,N,96,071905052,071905
071906041,71,59,66,3,196,8,17,22,196,19.6,20.8,20.8,14.4,41138,13.9716,071,N,96,071906041,071906
071909041,219,241,251,0,711,9,46,87,588,20.2,24.3,26.7,8.8967120347,41550,54.1528,071,N,96.4,071909041,071909
072902041,107,83,109,6,299,153,38,41,199,14.1,17.7,19,13.2,36939,22.9626,072,N,96.4,072902041,072902
073903045,103,107,96,198,306,38,8,56,257,19.2,15.9,16.5,12.691815264,37638,24.0149,073,N,94.8,073903045,073903
074907041,52,43,55,18,150,116,18,29,81,21.2,20.8,19.2,17.769230769,39861,10.6633,074,N,96.9,074907041,074907
074909041,51,69,75,8,195,168,8,43,91,13.1,14.8,16,8.3684210526,30729,16.9146,074,N,95.2,074909041,074909
074912041,48,36,50,6,134,108,20,24,52,19.8,12.8,21,8.7195772183,31974,10.6599,074,N,96.2,074912041,074912
077901041,63,65,74,6,202,59,21,32,129,12.9,11.6,10.5,12.433333333,35385,22.8419,077,N,96.7,077901041,077901
077902041,44,45,46,4,135,41,14,19,75,13.6,9.2,15.2,10.5,37744,13.2617,077,N,97.4,077902041,077902
079901043,405,464,433,163,1302,686,148,140,420,24.3,20.1,26.2,9.8908986669,42821,83.0235,079,N,96.6,079901043,079901
079907041,467,517,560,342,1544,564,302,150,334,22.3,26.4,25.2,12.01184639,45378,82.6883,079,N,97,079907041,079907
079907042,411,408,406,939,1225,8,62,151,748,23.5,21.1,22.4,11.433718647,44718,71.4188,079,N,96,079907042,079907
079907043,522,537,529,257,1588,502,228,166,494,23.1,26.4,24.9,14.055616676,47129,77.9543,079,N,96.8,079907043,079907
079907044,443,451,428,902,1322,221,152,179,454,26.3,23.4,25.5,7.818012011,42372,63.7223,079,N,96.2,079907044,079907
079907045,370,383,430,124,1183,568,316,138,131,24.3,22.6,23.2,11.871952558,45881,69.0597,079,N,97.3,079907045,079907
079907046,351,382,422,720,1155,8,75,144,833,19.1,19.9,22.7,9.4917613083,44269,79.9721,079,N,94.7,079907046,079907
079907048,406,681,597,828,1684,332,240,189,614,24.4,26.7,25.9,10.587612262,44375,83.6856,079,N,96.5,079907048,079907
079907049,618,604,561,381,1783,657,252,173,361,27,27.8,29.4,9.8125523374,44135,83.6729,079,N,96.8,079907049,079907
079907050,365,366,398,97,1129,553,279,90,52,23.8,20.5,20.9,10.462736618,43878,59.3243,079,N,98,079907050,079907
079907051,330,361,357,52,1048,478,378,97,35,23,20.7,21.6,11.582470797,44883,56.5282,079,N,98.1,079907051,079907
081905041,38,29,30,15,97,69,10,19,33,13,10.4,14.3,8.0769230769,31182,7.8627,081,N,97.3,081905041,081905
082902041,76,66,54,0,196,24,32,37,146,17.2,12.4,15,9.9780685093,37303,18.1704,082,N,94.1,082902041,082902
082903041,157,176,178,3,511,54,48,54,401,17.6,16.6,16.6,11.832327382,36761,39.4699,082,N,96.9,082903041,082903
083901041,32,42,43,11,117,28,10,19,80,8.9,8.6,10.5,10.722222222,36326,15.3003,083,N,96.7,083901041,083901
083903041,162,158,155,6,475,291,37,78,235,15.9,16.7,18.1,14.103969709,42275,36.6927,083,N,97,083903041,083903
084902041,17,143,147,132,307,50,14,39,258,17,16.2,11.3,12.088235294,42844,29.2217,084,N,94.9,084902041,084902
084902042,189,203,216,295,608,52,29,76,500,16.9,18.8,17.2,14.634355952,43691,46.604,084,N,94.7,084902042,084902
084902044,240,268,263,122,771,369,121,81,372,17.2,19.6,23.5,11.183333333,43371,52.5825,084,N,95.2,084902044,084902
084903041,7,21,23,1,51,44,0,8,26,19,18.5,22,12.881825755,36553,3.9816,084,N,95.1,084903041,084903
084904041,246,305,292,609,843,95,31,125,523,20.8,25.2,23.9,8.0439330869,39721,61.1676,084,N,94.9,084904041,084904
084910042,338,347,322,35,1007,807,62,63,105,19,25.3,22.4,14.249563411,45691,63.0032,084,N,96.1,084910042,084910
084910043,339,311,331,83,981,600,51,84,161,20,19.7,20.5,10.808466701,43557,60.1693,084,N,97.3,084910043,084910
084910044,384,496,438,93,1318,916,95,106,130,24.5,23.4,24.6,12.194134078,44511,69.9462,084,N,97,084910044,084910
084910045,349,398,375,63,1122,860,39,121,160,24.2,23.3,24.8,12.179046239,44578,64.9891,084,N,95.9,084910045,084910
084910046,274,226,248,85,748,457,16,93,139,22.6,21.3,24.2,10.770833333,43868,46.2802,084,N,96.6,084910046,084910
084910047,263,270,306,127,839,459,20,97,185,23,20.2,23.1,16.603665167,46830,55.4055,084,N,96,084910047,084910
084910048,285,330,317,112,932,533,25,83,230,20.8,20.9,23.4,12.047923323,44226,60.5555,084,N,96.1,084910048,084910
084910049,481,394,370,212,1245,612,422,111,285,20.8,20.7,22.7,10.183697464,43277,74.3762,084,N,.,084910049,084910
085902041,64,75,71,16,210,106,15,36,109,13.5,11.6,14.4,9.9,35175,18.964,085,N,96.8,085902041,085902
086901041,173,200,221,4,594,366,66,72,267,19.7,21,21.2,15.065897073,38361,46.1138,086,N,96,086901041,086901
086902041,37,49,53,0,139,113,10,19,45,18,15.2,17,12.904761905,36953,9.7744,086,N,97.5,086902041,086902
088902041,103,95,115,18,313,179,25,43,129,16.3,19.5,17.3,15.276923077,38753,26.6168,088,N,96.3,088902041,088902
090904042,245,248,250,33,743,485,135,90,335,23,20,22.5,13.053802009,37841,54.2161,090,N,95.7,090904042,090904
091903041,295,338,374,88,1007,795,62,228,521,19.9,20.3,24.9,13.652777778,38244,69.7995,091,N,95.2,091903041,091903
091909041,119,115,138,1,372,337,23,60,139,18.5,16.4,22.7,10.515151515,36616,30.4755,091,N,95.3,091909041,091909
091910041,53,62,75,14,190,160,12,42,67,16.8,18.8,22.7,14.714107907,40906,16.601,091,N,96.6,091910041,091910
091913041,86,105,108,2,299,286,22,41,92,16.9,16.5,17.5,14.517241379,40080,25.8901,091,N,97.4,091913041,091913
091914041,71,76,67,5,214,197,11,35,73,15.2,15.9,17.3,12.409090909,36314,15.6065,091,N,95.9,091914041,091914
091918041,58,59,75,2,192,178,26,41,65,11.9,14.8,14.8,10,34702,19.0024,091,N,96.6,091918041,091918
092901042,150,175,158,112,483,327,26,102,307,17.7,13.1,17.3,12.029411765,34549,33.4058,092,N,95.5,092901042,092901
092902042,283,275,263,174,821,498,63,115,390,17.8,16.9,18.9,10.197610544,36134,55.1059,092,N,95.7,092902042,092902
092903041,188,184,179,370,551,51,7,132,425,19.1,15.9,19.4,12.622222222,39039,40.6189,092,N,96.1,092903041,092903
092903042,234,249,221,358,704,121,93,129,506,16.5,16.3,20,12.367382486,38462,59.1169,092,N,95.3,092903042,092903
092903043,169,181,209,200,559,325,38,84,208,17.5,21,18.1,16.11627907,41088,40.629,092,N,95.9,092903043,092903
092906041,88,101,98,25,287,233,23,32,106,15.7,18.8,19.8,15.923076923,37405,25.1425,092,N,96,092906041,092906
092908041,101,107,98,7,306,284,31,26,80,21.1,19.4,18.3,12,33561,22.2665,092,N,96.6,092908041,092908
093904042,201,215,249,195,665,244,27,69,431,19,21.9,23,12.82,40281,47.2325,093,N,96.1,093904042,093904
094904041,108,112,103,16,323,204,29,45,126,20.3,19,22,11.910534766,38257,23.1735,094,N,96.4,094904041,094904
095901041,57,54,65,3,176,85,16,33,88,13.8,15.3,14.8,12.037735849,36703,16.9068,095,N,97.5,095901041,095901
096904041,40,33,37,14,110,42,2,22,72,14.3,8.6,16.8,17.714285714,37529,11.2017,096,N,96.2,096904041,096904
097902041,50,69,76,0,195,172,16,25,102,17.7,14,15.7,12.392857143,36017,18.3434,097,N,96.3,097902041,097902
097903041,67,65,67,0,199,151,8,26,117,19,16.6,18.5,11,34266,16.7576,097,N,96.3,097903041,097903
098904041,53,56,49,0,158,72,13,17,91,16.8,11.1,12.6,14.666666667,38063,17.5485,098,N,96.8,098904041,098904
100903041,115,112,107,41,334,284,35,48,130,16.7,17,19.7,11.787878788,37222,27.4683,100,N,95,100903041,100903
100904041,223,232,225,126,680,527,53,96,306,17.8,22,18.8,9.3647097409,35232,53.5116,100,N,95.5,100904041,100904
100905041,146,169,160,60,475,397,43,71,141,14.4,13.9,17.5,10.975,34897,36.8746,100,N,95.2,100905041,100905
100908041,49,33,45,0,127,126,15,19,60,12.9,10.6,15.6,12.4,35706,11.5498,100,N,95.2,100908041,100908
101803041,15,11,11,3,37,28,0,10,0,12.5,11,11,7.1604480903,35468,2.9925,101,Y,93.6,101803041,101803
101809041,13,18,8,3,39,30,0,15,16,13,9,13,5.7758731865,36429,3.1526,101,Y,91.5,101809041,101809
101837041,1,2,3,2,6,3,0,1,5,6,6,6,1,33460,0.9991,101,Y,96.7,101837041,101837
101838041,10,23,32,10,65,3,0,5,54,18,18.3,18.3,7.0058202199,42395,3.7107,101,Y,.,101838041,101838
101845101,112,91,58,20,261,2,0,7,219,14.6,14.6,17.2,2.2272727273,36586,19.0046,101,Y,98.2,101845101,101845
101849041,54,56,49,135,159,0,0,40,138,.,20,.,5,37722,9,101,Y,93.2,101849041,101849
101903041,267,396,432,377,1095,28,34,139,813,22.5,18.7,24.2,10.421714455,46272,79.0329,101,N,95.4,101903041,101903
101907041,413,427,438,171,1278,715,94,93,324,23.2,22.9,23.9,12.625270227,43697,87.6125,101,N,96.4,101907041,101907
101907042,447,467,439,187,1353,267,62,152,763,18.5,18.7,20.8,8.9882799692,42245,102.6322,101,N,95.3,101907042,101907
101907043,458,487,493,229,1438,762,158,146,442,21.5,22.4,25.1,13.796941153,45056,89.7663,101,N,96.4,101907043,101907
101907044,492,476,488,242,1456,454,116,146,591,22.5,20.7,21.6,8.9312167742,41597,99.1536,101,N,95.9,101907044,101907
101907045,419,416,436,188,1271,425,85,96,542,21.7,21.9,23,9.5599920588,42619,88.9688,101,N,96.5,101907045,101907
101907046,404,477,495,180,1376,561,153,123,420,20,22.4,22.8,10.627027027,43130,90.9332,101,N,96.7,101907046,101907
101907047,426,506,483,200,1415,625,166,127,386,20.4,22.2,20.6,11.754901961,43256,97.816,101,N,96.8,101907047,101907
101907048,460,448,472,267,1380,390,81,125,611,22.9,14.9,21,10.393986712,42803,98.1986,101,N,96.5,101907048,101907
101907049,422,455,493,71,1370,1116,246,129,124,22.9,22,22.4,13.286516854,44748,87.2945,101,N,96.8,101907049,101907
101907050,535,535,570,396,1640,410,66,144,796,21.2,21.2,23.7,8.7741172036,41808,104.2088,101,N,96.2,101907050,101907
101907051,414,423,475,103,1312,911,230,91,140,21.4,21,21.3,9.5837057708,41661,88.5528,101,N,96.9,101907051,101907
101907052,426,448,409,108,1283,903,182,101,126,21.2,21.3,22,10.283757894,42269,87.0515,101,N,97.1,101907052,101907
101907053,460,457,437,300,1354,297,57,141,736,19,19.5,21.5,7.3453662299,40880,94.3362,101,N,.,101907053,101907
101907054,462,412,414,124,1288,888,177,87,100,23.7,24.1,26,9.2048192771,42130,78.8726,101,N,.,101907054,101907
101908041,237,227,214,24,678,166,18,59,494,20.7,19.8,22.1,13.900082576,47655,40.7663,101,N,95.9,101908041,101908
101908042,249,260,286,10,795,611,125,107,139,22.8,23.4,22.8,17.098878844,50248,46.3066,101,N,96.5,101908042,101908
101908043,212,233,228,2,673,457,66,97,174,23.3,23.2,21.9,17.632276083,49392,45.3667,101,N,96.6,101908043,101908
101908044,209,227,226,17,662,434,74,60,134,18.9,21.9,21.6,12.448157977,47055,41.2941,101,N,96.6,101908044,101908
101909041,232,274,322,587,828,5,19,94,796,24,26.9,15.9,16.132464043,41053,62.5966,101,N,94.5,101909041,101909
101909043,263,281,267,577,811,4,29,75,709,24.3,22.6,23.1,14.424068065,41377,50.5916,101,N,94.8,101909043,101909
101909044,162,197,142,386,501,1,10,54,466,26,21.6,22.3,19.085394106,41479,39.9995,101,N,96,101909044,101909
101910041,314,301,318,55,933,54,46,125,767,14,16.8,17.9,9.360801053,41273,78.5626,101,N,96.4,101910041,101910
101910043,175,161,142,34,478,26,26,75,410,14.3,17.4,17.3,7.9756097561,40994,39.9757,101,N,96.3,101910043,101910
101911041,276,294,255,167,825,197,46,60,593,24,25.4,27.9,10.70212766,44303,46.1322,101,N,95.9,101911041,101911
101911043,348,350,330,202,1028,356,91,97,629,23.7,25.8,24.9,10.920439422,43878,58.9487,101,N,95.8,101911043,101911
101911044,237,264,247,149,748,374,76,72,359,24,19.2,25.3,13.126262051,45856,43.4095,101,N,95.5,101911044,101911
101911045,335,333,340,204,1008,152,47,129,822,22.1,24.7,26.3,12.428571429,45436,62.2992,101,N,95.6,101911045,101911
101911046,315,308,286,180,909,411,86,73,383,24.1,25.4,26.5,11.015121821,44320,41.5828,101,N,96.6,101911046,101911
101912041,325,298,256,690,879,1,27,189,815,25.9,26.8,27.2,11.037735849,44354,52.9952,101,N,94.3,101912041,101912
101912042,228,267,213,225,708,58,2,120,623,27.1,28.1,28.9,12.146341463,45755,40.0518,101,N,93.3,101912042,101912
101912043,471,408,423,117,1302,19,252,160,1204,24.1,23.8,24.2,10.901234568,43888,80.209,101,N,95.3,101912043,101912
101912044,249,264,232,616,745,2,15,175,677,20.6,23.3,26.4,11.978723404,44972,46.2706,101,N,93.5,101912044,101912
101912045,376,416,367,29,1159,11,35,146,1107,35.7,28.5,43.9,12.726089333,45211,63.8628,101,N,96.6,101912045,101912
101912046,212,371,362,7,945,3,149,89,886,31.9,33.1,35.4,14.3125,47280,61.5505,101,N,96.3,101912046,101912
101912047,393,410,355,85,1158,43,42,163,1094,25.7,25.9,26.3,10.22972973,43445,73.224,101,N,94.8,101912047,101912
101912048,398,389,382,272,1169,189,162,114,847,28.3,29.3,31.2,12.874015748,45819,62.6012,101,N,95.7,101912048,101912
101912049,441,440,407,211,1288,125,281,132,1023,27.7,29.7,28.8,10.701492537,44078,66.4517,101,N,95.9,101912049,101912
101912050,246,293,297,277,836,17,66,126,773,30.2,26,25.8,10.081632653,43012,48.9987,101,N,93.7,101912050,101912
101912051,533,529,456,473,1518,9,69,180,1372,30.2,27.6,25.7,12.631888953,45233,87.0792,101,N,96,101912051,101912
101912052,389,395,363,85,1147,44,51,188,1092,22.4,26.4,22.7,6.1714285714,40593,69.2083,101,N,94.7,101912052,101912
101912053,315,289,315,74,919,39,28,168,845,24.5,24.8,25.1,9.9616613419,44709,61.0081,101,N,95.6,101912053,101912
101912054,317,434,399,28,1150,14,155,107,1104,22.4,22,24.4,8.6376811594,41903,68.0684,101,N,96.6,101912054,101912
101912055,489,488,430,517,1407,248,243,97,835,23.5,24.5,27.5,12.664060068,45411,78.5408,101,N,96.4,101912055,101912
101912056,496,439,403,836,1338,26,21,187,1163,25.4,27.5,24.2,11.025,44377,79.9985,101,N,95.2,101912056,101912
101912057,456,426,418,203,1300,569,857,49,460,25.1,26.4,27.6,10.957575758,44376,81.7171,101,N,96.9,101912057,101912
101912058,112,134,121,219,367,5,8,31,317,21.8,19.4,19.8,12.402283481,45308,28.7247,101,N,94.8,101912058,101912
101912059,504,492,444,159,1440,42,68,133,1388,26,29.7,30.2,8.6428571429,42539,83.5603,101,N,94.4,101912059,101912
101912060,474,439,447,608,1360,79,76,188,1129,38.1,37,41.4,13.493670886,46213,73.8447,101,N,94.5,101912060,101912
101912061,357,389,356,118,1102,13,85,207,1037,27.3,39.5,33.6,11.640522876,44428,69.9713,101,N,94.8,101912061,101912
101912062,221,228,238,74,687,2,22,124,662,34.7,24.5,30.1,13.701855126,45334,47.3894,101,N,94.4,101912062,101912
101912064,582,601,566,549,1749,613,573,140,749,29.2,32.6,31,12.876726886,45017,93.694,101,N,96.6,101912064,101912
101912066,181,202,198,484,581,1,39,136,531,24.2,30.1,20.4,10.219512195,43145,40.1065,101,N,92.5,101912066,101912
101912068,191,199,193,90,583,138,62,91,409,24.5,29.4,32.3,11.233333333,44051,30.0009,101,N,96.3,101912068,101912
101912070,5,13,18,7,36,1,0,1,35,18.3,21.5,15,16.75,46595,4.6469,101,N,65,101912070,101912
101912071,54,48,39,3,141,0,1,5,129,43,32,29,4.1428571429,38283,7.0005,101,N,99,101912071,101912
101912072,404,311,267,565,982,12,105,147,920,40.6,28.4,25.8,14.617021277,46379,46.7967,101,N,93.3,101912072,101912
101912074,226,317,226,686,769,4,15,149,697,27.3,30.3,28.9,12.363636364,45036,43.2274,101,N,94.5,101912074,101912
101912075,638,623,650,901,1911,20,49,263,1734,29.5,23.9,30.4,8.0860215054,42014,92.9918,101,N,94.4,101912075,101912
101912077,322,277,230,634,829,9,6,179,773,-2,29.8,44.3,7.5609756098,41311,41.0003,101,N,93.7,101912077,101912
101912078,110,232,245,414,587,0,4,119,554,23,22.4,25.3,15.12,47261,37.4897,101,N,94.1,101912078,101912
101912079,211,292,315,612,818,1,21,206,777,19.5,20,21.4,9.9661016949,43560,58.1167,101,N,92.7,101912079,101912
101912080,162,161,133,164,456,31,117,45,259,25.1,21.3,24.8,11.447852761,44412,31.6127,101,N,97.6,101912080,101912
101912081,381,388,442,307,1211,26,59,191,1152,23.1,21,23.5,10.157894737,43190,73.7949,101,N,95.6,101912081,101912
101912082,214,218,194,437,626,9,20,147,600,28.3,24.5,26.3,8.1666666667,41880,35.6108,101,N,92,101912082,101912
101912098,406,410,397,44,1213,44,123,122,1084,-2,37.7,-2,10.876923077,43673,63.5307,101,N,96.4,101912098,101912
101912099,454,430,485,337,1369,579,532,141,517,27,22.3,23,7.4569536424,41115,74.4339,101,N,96.6,101912099,101912
101912334,39,36,32,3,107,0,2,8,104,14.5,15.3,17,13.142857143,43758,6.0855,101,N,98.5,101912334,101912
101912337,407,419,368,308,1194,351,366,85,578,14,.,.,9.2545109769,42405,67.1255,101,N,96.3,101912337,101912
101912338,381,345,338,259,1064,11,17,113,964,-2,26.9,-2,6.58,40458,49.9981,101,N,94.9,101912338,101912
101912339,6,3,3,1,12,1,0,4,12,4,4,4,14.666666667,43802,1.7364,101,N,98.9,101912339,101912
101912340,29,41,25,3,95,0,0,1,95,.,.,.,9,41922,4.8754,101,N,96.9,101912340,101912
101912342,75,47,42,27,164,0,0,4,155,.,.,.,.,.,.,101,N,98,101912342,101912
101912343,19,32,33,81,84,1,0,5,60,.,.,.,.,.,.,101,N,95.4,101912343,101912
101912344,45,38,38,20,121,45,0,4,65,.,.,.,4,39031,5,101,N,98,101912344,101912
101912376,28,26,37,69,91,2,0,5,84,.,.,.,.,.,.,101,N,96.3,101912376,101912
101913041,378,407,427,396,1212,326,60,130,623,21.8,20,27.7,9.4938271605,41980,80.6097,101,N,96.1,101913041,101913
101913042,315,318,327,57,960,764,116,78,145,24.5,25.6,23.9,11.04810944,42864,61.4481,101,N,96.5,101913042,101913
101913043,375,345,369,38,1089,910,184,74,55,23.4,25,25.2,11.289060576,42879,65.1738,101,N,97,101913043,101913
101913044,488,502,518,299,1508,796,139,157,352,21.9,23.5,24.5,9.9015075198,42472,88.9152,101,N,95.8,101913044,101913
101913045,356,370,360,29,1086,925,211,82,55,24.1,24.5,26.7,12.150630473,43587,66.3903,101,N,96.9,101913045,101913
101913046,405,384,395,294,1184,531,83,119,502,18.5,18.8,25.1,9.2926453229,41764,80.8159,101,N,95.4,101913046,101913
101914041,342,395,392,76,1129,654,58,118,377,18,19,22.9,11.410784741,44930,81.027,101,N,95.8,101914041,101914
101914042,278,246,279,74,803,528,28,101,191,19,19.8,22.6,15.088235294,48367,51.0002,101,N,96.1,101914042,101914
101914043,443,466,479,201,1388,545,82,116,570,19.5,19,23.1,10.387456712,43997,88.6191,101,N,95.9,101914043,101914
101914044,330,341,366,58,1037,727,110,88,111,18.9,18.7,24.1,12.297101449,45918,68.1194,101,N,96.9,101914044,101914
101914045,377,418,389,229,1184,387,36,97,497,20.8,16.5,23.5,10.903075903,45072,76.7013,101,N,96.4,101914045,101914
101914046,364,373,397,56,1134,806,176,72,57,22.1,20.2,25.5,10.756315007,44157,65.3455,101,N,97.8,101914046,101914
101914047,366,424,391,70,1181,798,134,97,74,24.6,21.2,26.1,10.338235294,44065,66.5122,101,N,97.1,101914047,101914
101914048,359,376,352,42,1087,840,132,72,47,23.9,22.7,24.9,12.4921875,45859,61.4029,101,N,97.6,101914048,101914
101914049,384,418,445,156,1247,525,53,144,519,20.2,21,24.1,8.8275862069,42821,84.1903,101,N,96.1,101914049,101914
101914050,324,302,294,60,920,648,102,53,50,20.6,19.5,22.9,8.690527574,42522,58.6803,101,N,97.6,101914050,101914
101915041,406,419,420,547,1245,57,24,162,855,21.1,22.3,25.2,9.5214569603,44307,78.4808,101,N,94.8,101915041,101915
101915042,580,580,603,158,1763,1147,149,179,446,24.6,20.7,26.3,13.427338917,46878,94.323,101,N,95.9,101915042,101915
101915043,425,459,440,340,1324,201,72,131,663,18.5,17.5,21.1,12.108411143,46920,90.3309,101,N,95.9,101915043,101915
101915044,349,381,403,90,1133,804,182,114,172,20.6,22.1,23.5,15.513062308,48320,68.9901,101,N,96.7,101915044,101915
101915045,381,345,378,86,1104,723,143,105,183,22.6,20.1,24.6,15.953671121,49176,69.3431,101,N,96.4,101915045,101915
101915046,423,415,433,108,1271,872,147,120,152,21.4,22.1,23.9,13.770186244,47650,79.4089,101,N,97,101915046,101915
101915047,419,443,446,150,1308,805,142,128,237,23,22,25.7,12.470561936,45522,72.8583,101,N,96.4,101915047,101915
101917041,447,449,448,275,1344,260,89,101,723,28.1,26.6,27.4,10.805685815,43018,65.7164,101,N,97.3,101917041,101917
101917042,369,400,394,22,1163,61,69,78,1029,18.8,21.6,20.1,6.3911164487,40867,77.3809,101,N,95.8,101917042,101917
101917043,276,300,328,33,904,222,57,95,643,23.4,24.1,27.5,9.6266822569,42416,59.9415,101,N,95.4,101917043,101917
101917044,373,357,335,14,1065,66,52,88,838,26.3,24.8,25.2,7.7558929151,41511,55.6232,101,N,96.4,101917044,101917
101917045,306,291,281,21,878,127,55,85,695,23.4,22.5,23.7,5.7826795342,40489,53.7103,101,N,96,101917045,101917
101917046,383,416,384,209,1183,45,64,96,948,24.2,26.5,27.4,10.429041759,42631,62.0038,101,N,96.2,101917046,101917
101917047,298,301,292,21,891,100,46,83,737,21.1,20.6,19.8,8.7670314664,41449,58.7954,101,N,95.3,101917047,101917
101917048,411,407,400,119,1218,184,67,87,843,22.6,23.4,23.3,7.6440945043,41357,66.8886,101,N,95.7,101917048,101917
101917049,359,369,400,239,1128,260,82,104,544,25.2,26.6,24,10.911313557,43161,59.5802,101,N,97,101917049,101917
101917051,320,360,385,23,1065,470,118,79,451,24.5,27.7,24.5,14.468277033,45025,60.125,101,N,95.8,101917051,101917
101917055,6,15,36,7,57,6,0,14,44,6.8,7.8,8.7,5,40315,11.9007,101,N,84.5,101917055,101917
101919043,456,459,421,615,1336,159,115,138,788,19.4,22.2,25.8,10.257305526,42860,80.6407,101,N,96.1,101919043,101919
101919044,347,368,380,303,1095,450,86,149,561,21.4,23.8,22.5,9.0305017077,42529,71.9073,101,N,96,101919044,101919
101919045,531,553,540,402,1624,783,153,197,626,25.6,22.5,23.7,10.133443009,43627,102.145,101,N,95.9,101919045,101919
101919046,504,491,521,745,1516,218,84,183,985,20.3,23.7,26.7,8.1208791209,41762,90.2763,101,N,96.1,101919046,101919
101919047,459,478,530,832,1467,26,147,149,1002,21.2,20.6,25.2,6.4674846056,39715,93.9078,101,N,96.4,101919047,101919
101920041,211,227,246,24,684,41,11,124,617,19.3,18.7,27.4,12.976343382,45349,59.3187,101,N,95.2,101920041,101920
101920042,341,360,380,9,1081,901,168,80,29,26,24.5,23.3,14.43712768,47056,60.344,101,N,97.5,101920042,101920
101920043,334,323,361,38,1018,579,88,123,336,21.8,22.2,22.7,15.971631206,48426,65.006,101,N,95.7,101920043,101920
101920044,279,270,280,122,829,62,19,154,716,18.7,19.4,21.5,9.9220826895,44519,65.5815,101,N,94.9,101920044,101920
101920045,286,297,327,196,910,391,74,128,384,25.9,27.3,24.9,13.967248599,46805,58.7403,101,N,96.1,101920045,101920
101920046,259,285,267,93,811,118,32,126,627,20.3,18.8,7.8,11.143807125,43739,72.5932,101,N,95.6,101920046,101920
101920047,228,221,225,41,674,44,13,149,599,20.9,32,34.5,10.798076923,44770,50.6299,101,N,95.5,101920047,101920
101920048,126,120,116,23,362,182,54,14,142,-2,-2,-2,10.454545455,43208,21.2778,101,N,97.5,101920048,101920
101925041,263,224,209,10,696,606,76,57,156,19.7,21.8,22.6,6.023255814,37591,42.0989,101,N,95.7,101925041,101925
102903041,52,56,69,43,177,118,12,44,88,14.6,13.6,13.1,13.715233018,34890,16.9924,102,N,95.3,102903041,102903
102905041,50,54,65,5,169,162,17,26,57,18.6,18.8,19.8,15.5,38325,11.7839,102,N,96.3,102905041,102905
102906041,54,66,76,30,196,160,17,33,87,12.9,13.6,12.7,13.269230769,35673,20.4225,102,N,95.6,102906041,102906
105904041,277,286,302,5,865,745,94,106,72,24,24.2,25.5,12.5,40616,55.4317,105,N,96.7,105904041,105904
105905041,167,167,169,5,503,440,55,64,101,23,17.7,19.3,12.8,40608,38.3869,105,N,96.5,105905041,105905
105906041,196,207,214,16,617,260,72,86,251,21.6,17.8,23,11.424517455,40269,35.9461,105,N,96.4,105906041,105906
105906043,188,236,203,24,627,382,80,87,148,22.2,23,23.7,13.194529049,41058,39.3307,105,N,96.8,105906043,105906
107904041,44,48,55,3,147,134,11,26,89,18.5,18.4,20.4,10.684210526,33858,10.7833,107,N,96.3,107904041,107904
107905102,131,129,115,5,375,346,26,74,213,17.7,17.5,19.7,11.862068966,37934,27.5192,107,N,96.5,107905102,107905
107906041,76,95,93,39,264,187,31,44,142,19.2,13.8,16.9,11.303956106,37944,22.6379,107,N,94.7,107906041,107906
107910041,32,39,30,12,101,83,4,12,51,10.8,13.5,13.3,14.533333333,39739,8.1679,107,N,95.8,107910041,107910
108902045,229,247,259,0,735,8,48,109,696,15.3,22.8,16.8,11.077375067,39839,69.5997,108,N,96.9,108902045,108902
108902046,296,328,323,0,947,15,129,105,859,17.6,20.4,17.5,7.8249582971,37837,70.551,108,N,96.1,108902046,108902
108902047,300,321,302,1,923,8,77,153,898,15.9,21.9,18.8,6.2928149983,36485,80.4626,108,N,96,108902047,108902
108904042,453,487,430,0,1370,17,95,172,1239,26.1,28.3,28.8,12.427437485,43949,85.6879,108,N,95.5,108904042,108904
108904043,570,554,515,3,1639,44,172,201,1416,28.4,28.8,31.6,10.531351175,42026,89.2145,108,N,96.2,108904043,108904
108904044,511,512,486,3,1509,54,245,151,1122,26.7,27.8,29.2,12.959358154,43555,93.386,108,N,96.3,108904044,108904
108904045,488,516,482,3,1486,15,102,185,1407,27,30.1,31.3,10.623489545,42572,87.1232,108,N,95.1,108904045,108904
108905041,240,235,217,0,692,0,79,44,627,16.2,15.6,16.7,10.235294118,40971,49.3003,108,N,95.9,108905041,108905
108906042,268,248,260,1,776,26,48,79,693,16.5,21.2,20.9,10.770724029,42440,57.9582,108,N,95.6,108906042,108906
108906043,266,312,294,1,872,17,59,69,765,20.8,22.3,22.8,11.744641247,43716,61.1259,108,N,96.3,108906043,108906
108906044,296,254,306,1,856,4,55,103,789,20.4,19.2,21.1,12.932559178,44597,59.3605,108,N,96.2,108906044,108906
108906045,275,310,278,8,863,149,163,71,416,24.6,26.2,28.2,15.636849132,47399,56.5775,108,N,96.2,108906045,108906
108906046,368,341,360,13,1069,88,118,78,601,20.4,22.3,23,13.06790884,44896,73.2368,108,N,96.9,108906046,108906
108906047,284,332,303,10,919,148,155,56,430,25.8,27.9,25.8,12.297297297,44637,57.5272,108,N,96.4,108906047,108906
108909041,339,322,329,2,990,6,81,108,959,16.8,20.9,17.7,12.571428571,41337,66.8462,108,N,96.4,108909041,108909
108909042,360,393,368,3,1121,12,172,145,1043,22.2,22.1,24.3,10.68184416,41708,70.698,108,N,95.4,108909042,108909
108909043,402,397,413,1,1212,14,140,123,1102,21.9,24.4,19.5,10.507613984,40566,68.5001,108,N,95.5,108909043,108909
108909044,455,444,436,2,1335,17,131,144,1217,22.4,23.7,23.8,9.2610706658,39522,79.9666,108,N,95.2,108909044,108909
108909045,414,405,387,4,1206,15,161,110,1080,24.8,24.7,25.2,9.2759437363,39484,72.9652,108,N,96.3,108909045,108909
108912041,305,313,291,1,909,1,97,106,833,20.5,23.8,21.6,7.677063973,41524,63.4606,108,N,94.5,108912041,108912
108912042,315,296,275,0,886,2,115,106,815,18.6,21,22.4,13.064483307,44985,62.7731,108,N,94.2,108912042,108912
108912043,243,215,192,0,650,1,42,74,615,17.9,20.9,21.7,7.5056921438,41250,50.3336,108,N,95.1,108912043,108912
108912044,333,303,287,0,923,1,117,120,867,18.6,22.2,23,9.532124604,43162,68.0098,108,N,95.4,108912044,108912
108912045,303,287,270,2,860,2,89,127,794,16,20.3,21.2,10.057093619,42683,66.7294,108,N,95.4,108912045,108912
108913041,358,318,280,2,956,14,59,124,917,22.7,23.5,24.6,8.6181818182,41780,53.1146,108,N,95.8,108913041,108913
108913043,340,330,286,3,956,58,94,126,780,21.8,26.7,23,10.21757116,42962,55.576,108,N,96.4,108913043,108913
108913044,324,323,316,1,963,5,94,117,863,21.1,21.5,22.5,11.825396825,42520,61.0248,108,N,96.5,108913044,108913
108914041,38,43,37,0,118,1,18,14,98,17.4,15.7,.,12.166666667,37119,9.4805,108,N,97.9,108914041,108914
108915041,43,55,47,0,145,2,17,23,133,27.1,28.2,33.3,9.25,37777,10.6154,108,N,96.8,108915041,108915
108916041,266,296,247,0,809,0,84,82,763,22.1,22.5,22.1,7.3770454785,39076,47.1972,108,N,97.4,108916041,108916
109905041,25,41,29,19,95,70,11,10,53,16.7,11,13.8,14.75,39476,7.8475,109,N,95.8,109905041,109905
109911041,107,112,114,7,333,288,28,44,146,19.1,17.2,19.5,11.083333333,35645,22.8947,109,N,96.4,109911041,109911
110907041,44,35,51,2,130,66,22,15,60,9.2,9.4,14.2,14.001855492,42640,13.5401,110,N,97.2,110907041,110907
112901041,303,300,314,136,917,616,55,164,437,19.3,20,22.8,14.677439262,38685,69.5541,112,N,95.6,112901041,112901
116901041,110,97,94,13,301,259,39,51,81,17.2,17.3,19.1,7.8571428571,34350,20.9486,116,N,96.8,116901041,116901
116902041,31,38,48,3,117,104,13,17,51,19.1,19,21,11.718468064,37361,8.1631,116,N,97.1,116902041,116902
116903043,117,119,132,74,368,226,22,90,230,18.4,18.5,20.6,13.620689655,38689,27.8097,116,N,95.5,116903043,116903
116908041,195,225,218,7,638,568,44,107,326,24.3,21.4,24.8,9.4579314625,37558,38.3933,116,N,93.7,116908041,116908
117903041,59,60,68,2,187,171,19,33,59,12.7,17.1,18.3,13.157894737,37577,15.7843,117,N,94.7,117903041,117903
117904041,44,35,42,2,121,107,7,23,73,9,8.5,12.7,13.611111111,39250,17.0965,117,N,95.1,117904041,117904
119902041,72,74,82,7,228,183,21,38,99,13.4,10.2,14.7,10.971428571,35403,22.4125,119,N,95.4,119902041,119902
120901042,89,128,110,55,327,167,29,36,172,18.8,17.4,19.8,10.757575758,36703,25.0739,120,N,94.3,120901042,120901
120905041,75,92,79,5,246,188,26,26,72,9.6,12.4,19.4,13.826273133,40281,22.146,120,N,96.6,120905041,120905
121903041,125,111,97,12,333,309,12,43,227,13.8,11.2,16.9,14.179592842,36907,36.1778,121,N,95.3,121903041,121903
123907041,221,279,288,393,788,50,3,117,719,18.7,17.6,21.1,12.396694215,40141,56.1109,123,N,94.4,123907041,123907
123907043,220,218,223,442,661,5,6,87,591,23.9,22.4,22.2,13.019278161,40908,48.7402,123,N,94.9,123907043,123907
123907044,220,210,160,333,590,50,42,31,463,18.8,18.6,18.1,7.814421159,38271,36.6059,123,N,95.9,123907044,123907
123908041,185,191,196,16,572,475,18,78,190,17.5,19.1,23.1,15.494584208,41537,38.4113,123,N,95.5,123908041,123908
123908042,153,180,186,9,519,449,27,46,127,21.2,20.2,23.8,17.947368421,43396,37.2313,123,N,96.8,123908042,123908
123910041,208,211,190,537,609,34,47,89,517,17.1,17.1,19.2,11.44,41054,47.5427,123,N,94.8,123910041,123910
123910042,106,90,99,274,295,0,19,56,254,14.8,12,14.8,13.268292683,42365,40.0147,123,N,94.6,123910042,123910
123910043,155,142,143,300,440,6,44,61,406,14.3,13.2,17.4,12.358700632,41541,44.5757,123,N,95.4,123910043,123910
123910045,144,153,143,384,440,11,32,79,352,17.3,11.2,18.6,11.372093023,40749,42.3777,123,N,95.3,123910045,123910
123910046,310,269,268,360,847,397,215,73,286,24.1,17.5,22.9,13.150571313,42060,53.9114,123,N,96.2,123910046,123910
123910047,273,290,261,581,824,121,198,53,532,22.5,19,22.7,9.2345344702,38563,57.5946,123,N,97.2,123910047,123910
123910048,318,316,298,445,932,276,130,118,509,20,20.7,24,13.306451613,41439,60.8784,123,N,96.3,123910048,123910
124901041,71,89,75,0,235,9,31,32,182,.,13.4,13.3,10.654784893,40541,19.7848,124,N,95.1,124901041,124901
125903041,117,133,117,0,367,165,50,46,206,17.5,16.1,20.8,13.127226888,40513,28.2071,125,N,96.2,125903041,125903
125905041,62,72,63,0,197,18,16,38,143,20,14.8,14.7,13.454545455,36755,20.208,125,N,96,125905041,125905
126902041,261,278,281,33,820,672,43,84,251,25,26.2,29.5,12.568965517,40318,53.4523,126,N,96.1,126902041,126902
126902042,335,342,355,7,1032,922,123,109,239,23.7,23.7,22.9,9.2701360114,39039,60.6005,126,N,96,126902042,126902
126904041,81,83,95,10,259,211,18,34,83,13.2,13.8,14.6,9.7027027027,36288,25.3978,126,N,96.8,126904041,126904
126906041,60,71,66,18,197,72,10,46,132,21.3,20.5,22.5,10.826086957,37435,14.7107,126,N,96.3,126906041,126906
126908041,109,132,143,18,384,224,29,80,238,17.1,14.5,15.9,10.014626626,36093,29.6855,126,N,94.7,126908041,126908
126911041,114,124,105,5,343,287,6,67,158,14.4,21.2,19,11.115384615,38949,25.6807,126,N,96.3,126911041,126911
127901041,47,58,58,3,163,109,11,47,91,9.9,10,12,8.7586206897,33795,20.3815,127,N,96.7,127901041,127901
127903041,33,45,35,7,113,62,10,25,67,18.4,20,20,13,36070,9.0224,127,N,97.1,127903041,127903
127904041,58,50,64,2,172,158,7,39,92,13.7,15,12.2,12.47826087,34435,16.8712,127,N,96.5,127904041,127904
127906041,43,45,54,11,142,64,10,30,94,14.3,11.4,16.3,9.0012648706,33170,15.2656,127,N,96.9,127906041,127906
128901041,63,80,68,12,211,75,36,25,127,15.3,15.5,14.7,10.460347572,36396,20.0339,128,N,97.2,128901041,128901
128902041,46,57,58,2,161,35,11,23,114,12.2,10.3,12.8,10.904761905,34883,16.8954,128,N,95.3,128902041,128902
129901041,156,160,194,26,510,431,19,50,97,26.8,27.7,26.5,12.189609384,39746,30.473,129,N,96.2,129901041,129901
129905041,248,248,248,11,744,656,98,150,382,19,18.2,21.3,11.541338814,39240,55.8523,129,N,95,129905041,129905
130902041,103,105,97,0,305,154,54,27,152,15.5,17.9,18.4,10.826959309,37731,25.2322,130,N,96.5,130902041,130902
133901041,37,49,42,3,128,88,9,18,83,21.3,11.8,15,12.526315789,37489,9.9314,133,N,96.6,133901041,133901
133903041,4,387,390,36,781,445,64,101,369,19.9,17.1,21.5,13.118716177,41259,55.2024,133,N,95.8,133903041,133903
133904041,97,104,118,0,319,206,31,31,180,21.8,15.6,22,11.28748941,36598,29.457,133,N,95.2,133904041,133904
134901041,56,63,45,2,164,102,24,33,100,12.3,10.3,10.7,10.730769231,35933,16.7742,134,N,96,134901041,134901
137903041,34,31,41,0,106,42,8,21,66,14,13.6,14.4,9.262295082,37280,10.5209,137,N,96.6,137903041,137903
139905041,71,68,72,11,211,194,7,22,92,21.2,13.4,17.4,14.806451613,35893,14.212,139,N,96.2,139905041,139905
139911042,225,227,273,42,725,641,66,93,212,22.1,18.8,18.3,12.201190073,35608,57.9295,139,N,96.6,139911042,139911
139912041,85,79,86,0,250,232,31,43,151,17.5,18.3,20.6,14.631578947,36961,15.9435,139,N,96.2,139912041,139912
140904041,115,120,123,26,358,98,38,56,255,20.1,20.2,20.3,15.777777778,40501,23.0247,140,N,95.9,140904041,140904
140905041,49,50,50,2,149,37,16,25,106,11.6,13.1,16.5,10.7,33466,15.4947,140,N,96.7,140905041,140905
142901041,84,74,96,0,254,28,43,31,195,13.5,13.3,15,3.5,36754,24.7986,142,N,94.7,142901041,142901
144902041,66,81,62,25,209,161,25,21,86,13.1,12.2,15.3,12.653061224,37053,19.3909,144,N,95.6,144902041,144902
145901041,61,63,64,21,188,118,29,30,99,17.5,10.3,15.8,12.526315789,35356,18.0352,145,N,96.9,145901041,145901
145911041,57,58,55,11,170,130,15,24,91,14.3,16,16,15.210526316,39778,14.4505,145,N,96.3,145911041,145911
146903041,13,18,19,6,50,26,11,11,20,9,7.2,12,10,44428,7.6053,146,N,96.8,146903041,146903
146905041,41,43,59,30,143,108,15,17,76,16.7,13.6,14.4,8.2884376295,33000,13.1183,146,N,95.1,146905041,146905
146906041,147,157,161,85,465,271,47,40,256,17.4,13.8,16.2,14.119047619,41338,37.13,146,N,95,146906041,146906
146907041,159,164,163,5,486,462,26,34,177,19.8,16,20.3,10.055603937,39737,35.9038,146,N,95.9,146907041,146907
147902042,113,110,123,50,346,227,26,52,200,17.6,18.8,17.6,13.527696159,41160,31.5601,147,N,94.2,147902042,147902
147903042,150,187,165,171,502,205,56,75,331,17.1,17,16.2,10.14893617,38801,45.5976,147,N,95.5,147903042,147903
149902041,55,54,56,2,165,89,19,33,80,13.9,13.6,17.3,14.318181818,41275,14.8739,149,N,96.4,149902041,149902
150901041,140,139,135,3,414,352,72,74,190,18.7,15.6,20.2,14.605263158,37925,34.5841,150,N,95.5,150901041,150901
152901060,114,123,100,205,337,7,2,94,316,12.7,12.6,13.6,6.9473684211,36473,37.7619,152,N,.,152901060,152901
152901063,199,156,155,220,510,31,22,105,442,16.8,15.3,17.4,11.200380989,39304,40.934,152,N,.,152901063,152901
152903042,92,112,107,25,311,104,21,41,205,18.8,18.5,18,14.368724306,36035,25.774,152,N,95.9,152903042,152903
152906041,205,200,180,15,585,393,36,128,243,19.1,19.9,18.9,11.303977578,36736,43.7126,152,N,97.4,152906041,152906
152908003,1,0,1,0,2,1,0,1,2,.,.,.,.,.,.,152,N,-1,152908003,152908
152908041,103,92,105,16,300,134,37,56,197,15.5,17.5,18.3,11.166666667,34873,24.5077,152,N,96.4,152908041,152908
152909041,109,109,93,3,311,211,18,40,125,18.8,20.1,20.2,12.941176471,35543,25.5406,152,N,96.8,152909041,152909
153903041,29,19,29,0,77,33,9,10,58,12,10.7,12,13.202954399,39412,8.2481,153,N,97.4,153903041,153903
154901041,147,177,167,102,491,268,21,57,278,19.3,17.8,21.4,13.558823529,38822,33.1054,154,N,96.3,154901041,154901
156902041,46,59,56,3,161,69,11,28,96,17.4,15.4,16.3,16.277777778,41232,16.4771,156,N,95.9,156902041,156902
158902041,53,63,76,10,192,91,16,26,121,15.7,17.1,17.1,12.6,37700,16.5723,158,N,95.7,158902041,158902
158906041,80,80,84,55,244,131,32,48,126,18.2,15,16.4,17.35,38400,19.1341,158,N,95.9,158906041,158906
161914041,223,187,159,188,569,141,76,83,402,21.8,17.3,22.9,7.3884815955,34867,41.0279,161,N,95.9,161914041,161914
161914043,133,145,140,31,418,18,34,74,392,17.9,21,22.9,6.7136498982,34078,27.7578,161,N,96.2,161914043,161914
161914044,178,161,161,164,500,146,80,77,352,20.9,18,26.5,12.927853109,39164,32.103,161,N,95.4,161914044,161914
161914045,159,150,137,168,446,51,42,75,370,18.4,18.7,23.7,13.00052845,39331,29.8406,161,N,94.6,161914045,161914
161914046,81,104,96,219,281,3,11,68,263,15.6,12.6,17.5,12.01786874,38405,24.9148,161,N,92.8,161914046,161914
161914048,187,166,166,217,519,48,109,64,447,20.6,20.4,20.6,11.317073171,37357,40.3577,161,N,96,161914048,161914
161914049,88,106,117,114,311,18,16,48,277,15.1,15.6,18.4,9.25,36657,26.9424,161,N,94.6,161914049,161914
161916042,108,90,103,12,301,252,21,42,103,14.2,13.3,19.2,12.28,37919,23.8864,161,N,97.3,161916042,161916
161918041,54,48,44,4,146,131,13,25,71,14.5,13.3,14.3,11.421052632,39845,11.2177,161,N,97,161918041,161918
161922041,166,190,173,18,529,430,60,78,120,16.2,19.5,19.7,12.173076923,36197,40.8746,161,N,97.2,161922041,161922
163901041,127,134,146,3,407,192,33,43,224,19.9,15.3,23,10.885714286,38456,32.3363,163,N,96.7,163901041,163901
163903041,68,78,110,4,256,56,42,43,189,15.4,14.3,13.9,8.6883240971,33694,21.6769,163,N,96.5,163903041,163903
163904041,157,148,176,7,481,183,53,44,260,18.1,18.9,21.5,12.361702128,35865,40.3234,163,N,95.8,163904041,163904
163908042,247,266,278,12,791,378,77,67,347,21.7,21.8,22.3,9.4284054335,39797,47.3385,163,N,96.2,163908042,163908
164901041,23,26,34,3,83,27,5,20,62,12.8,11.5,15,13.909090909,34928,7.5058,164,N,97.4,164901041,164901
166901041,104,122,120,80,346,139,12,63,237,16.1,15.4,18.1,14.393939394,40086,28.5896,166,N,96.3,166901041,166901
166903041,23,28,30,10,81,65,9,18,42,5.8,12,.,15.444444444,38901,6.2544,166,N,95.5,166903041,166903
166904041,150,165,147,68,462,268,48,73,258,21,19.6,23.8,15.350166314,41269,30.2528,166,N,95.4,166904041,166904
166905041,39,37,40,11,116,67,12,24,53,16.3,11.8,14.2,15.047619048,37881,9.7622,166,N,97.4,166905041,166905
167901002,41,50,42,1,133,100,3,22,62,13.5,12.9,18.6,10.28,35414,10.7986,167,N,96.5,167901002,167901
168901041,76,67,74,9,217,97,44,30,130,10,13,12.6,13.578976716,35391,27.8053,168,N,96,168901041,168901
169901041,113,100,112,2,325,283,24,45,136,13.1,12.8,15,12.172413793,35700,28.5031,169,N,96.3,169901041,169901
169902041,59,56,78,2,193,150,16,38,95,13.8,12.6,16.4,11.409090909,33418,16.1642,169,N,96.2,169902041,169902
170904042,178,161,171,38,510,337,32,53,271,22.2,21.6,17.9,12.27305993,40540,34.4511,170,N,95,170904042,170904
170904043,201,204,232,55,637,432,38,57,296,22.5,23.5,25.3,14.873084979,41975,42.3857,170,N,95.3,170904043,170904
170906041,3,405,481,36,889,684,67,140,332,18.9,19.1,23.8,11.565217391,43461,63.7048,170,N,94.5,170906041,170906
170906042,1,347,373,21,721,582,60,86,190,21.4,22.9,18.8,10.431372549,41541,47.2053,170,N,96.3,170906042,170906
170908041,303,290,330,34,923,571,47,128,451,19,20.3,25.6,10.388059701,40115,62.4514,170,N,95.1,170908041,170908
170908042,318,282,256,24,856,658,60,123,437,21.9,17.7,24.2,8.3166666667,39529,52.4844,170,N,96.1,170908042,170908
172902041,100,111,122,145,333,144,27,42,217,16,.,.,14.588235294,39774,32.3843,172,N,95.4,172902041,172902
172905041,66,61,91,55,218,150,24,26,117,14.9,15.7,17.1,15.851851852,37188,19.3767,172,N,96.2,172905041,172905
174903041,54,49,59,37,162,114,11,24,75,16.4,15,17.2,11.041666667,35819,14.4251,174,N,96.4,174903041,174903
174904042,245,215,236,249,696,211,66,57,468,19.7,21.4,21.9,13.255319149,36902,46.9988,174,N,96.4,174904042,174904
174904043,249,252,258,223,759,274,92,78,491,21.6,23.1,24.3,11.509433962,36068,52.3663,174,N,95.9,174904043,174904
174906041,56,76,64,10,196,169,9,35,102,20.1,18.2,23,15.217391304,38490,13.4409,174,N,96.8,174906041,174906
175902041,52,69,83,10,204,163,17,38,94,18.3,17.9,15.2,8.6111111111,33498,16.3388,175,N,95.2,175902041,175902
176902041,72,90,99,110,261,142,36,53,154,17.4,17.2,12.7,10.855005229,34006,26.5505,176,N,96,176902041,176902
176903041,56,79,54,0,189,182,8,22,87,13.9,15.3,14.9,8.7368421053,36899,16.2588,176,N,95.1,176903041,176903
177902041,161,147,179,46,487,267,58,89,291,13.6,15.9,15.8,15.089285714,37852,49.633,177,N,95.5,177902041,177902
178903041,293,318,292,30,903,458,87,103,339,22.7,22.4,25.5,12.913793103,39998,54.0875,178,N,96.3,178903041,178903
178904041,288,310,294,23,892,182,354,92,475,25.1,21,24.9,12.23102716,42587,50.2954,178,N,96.1,178904041,178904
178904043,245,240,258,57,743,159,0,142,393,22.6,22.6,22.9,16.955555556,45922,43.899,178,N,95.5,178904043,178904
178904045,194,168,157,25,519,182,0,94,276,20.8,20.6,26.2,11.125048783,43358,30.7805,178,N,95.8,178904045,178904
178904046,179,204,205,46,588,9,0,126,499,20.7,23.9,24.4,12.222222222,42246,36.001,178,N,94.5,178904046,178904
178904047,229,256,208,58,693,42,0,150,614,20.5,19.8,22.4,10.923322888,42523,40.2778,178,N,93.2,178904047,178904
178904048,184,176,171,34,531,144,0,94,321,22.8,18.7,26.8,9.1559160452,41269,32.9208,178,N,95.3,178904048,178904
178904049,266,257,235,27,758,148,0,134,494,23.1,22.6,24.1,13.660269602,43615,41.1654,178,N,95.3,178904049,178904
178904050,194,216,179,22,589,10,0,121,511,17.7,17.5,19.2,13.710747547,45399,40.862,178,N,94.3,178904050,178904
178904052,205,180,200,42,585,31,0,117,506,21.3,18.5,21.5,8.8947368421,41278,37.1085,178,N,95,178904052,178904
178904053,288,235,271,40,794,55,0,154,656,20.9,23.8,25.5,12.61131989,42771,48.8582,178,N,93.3,178904053,178904
178904055,352,302,310,54,964,289,0,119,324,23.8,25.3,25.7,16.903222695,45921,46.7243,178,N,96.3,178904055,178904
178904056,310,333,359,56,1002,363,0,117,185,23.1,22.1,22.8,13.396226415,42970,52.5293,178,N,96,178904056,178904
178905041,23,22,34,1,79,10,12,10,63,14,12.7,14,13.444444444,40148,8.9999,178,N,96.2,178905041,178905
178908041,31,43,51,2,125,110,12,20,39,15.8,13.5,17,13.913043478,41167,10.4796,178,N,95.8,178908041,178908
178912041,258,255,281,13,794,277,31,110,331,18.5,19.8,21.4,10.796610169,40150,54.0721,178,N,95.2,178912041,178912
178913041,59,85,61,2,205,45,8,26,131,19.8,10.6,13.3,13.8125,43624,15.1745,178,N,95.9,178913041,178913
178914041,1,461,415,43,877,563,132,87,330,22.7,20.1,23.4,12.467844152,40432,56.4901,178,N,95.8,178914041,178914
178915041,159,150,146,70,455,14,27,79,407,21.5,16.6,25,11.916666667,39902,30.7535,178,N,94.5,178915041,178915
179901041,159,151,155,1,465,198,31,49,273,16.4,18.8,17.6,15.77100605,39118,38.4127,179,N,96.2,179901041,179901
180901041,21,28,44,4,93,71,6,24,79,6.6,6.5,6.5,12.780151167,40834,17.857,180,N,98.4,180901041,180901
181901041,178,198,209,3,585,511,71,75,183,19.1,19.5,21.4,10.840909091,35375,37.9322,181,N,95.5,181901041,181901
181906041,208,213,206,438,627,162,77,110,412,19.7,20.5,21.6,17.644444444,41045,43.4538,181,N,91.9,181906041,181906
181908041,163,191,165,64,519,427,24,86,142,19.8,15.6,20.6,13.594594595,38475,34.6327,181,N,95,181908041,181908
181908042,118,110,120,2,348,324,15,57,98,19.5,16.9,23.1,10.740740741,36462,23.5345,181,N,95.9,181908042,181908
184901041,31,26,43,1,100,85,12,7,55,13.3,12.1,13.8,11.25,36985,10.5802,184,N,95.3,184901041,184901
184904041,55,61,66,1,182,161,22,35,57,15.7,12.1,18,10.642857143,35614,17.9661,184,N,95.8,184904041,184904
184908041,85,76,97,3,258,236,24,40,56,17.9,18.2,19,12.495318654,38741,17.4703,184,N,96.3,184908041,184908
184909041,50,58,61,0,169,164,20,22,15,18.2,14.9,19.8,11.9,34751,16.1164,184,N,97,184909041,184909
185902041,37,38,36,0,111,66,9,13,57,12.4,18.5,18.3,10.846153846,34748,11.0327,185,N,97,185902041,185902
185903041,85,76,98,1,259,66,31,29,206,12.7,14.9,15.5,12.787878788,39018,26.7773,185,N,97.2,185903041,185903
186902041,145,162,160,1,467,84,45,41,327,19.3,18,18.6,14.611111111,40933,34.7594,186,N,95.6,186902041,186902
186903041,28,42,34,4,104,52,15,19,36,18.6,15,19.3,12.866666667,44443,7.2467,186,N,96,186903041,186903
187903041,21,18,24,18,63,28,4,12,44,16.6,11.8,24,16.105263158,37262,3.9715,187,N,96.9,187903041,187903
188901041,196,259,262,57,717,480,108,118,319,21.8,20.6,24.5,10.918788819,40171,52.3509,188,N,95.6,188901041,188901
188901042,328,365,365,27,1058,168,84,179,844,18.4,20.2,21.9,8.7219350092,37927,74.3161,188,N,94.6,188901042,188901
188901044,208,212,190,39,610,371,47,126,369,22.9,22.1,21.2,11.37528416,39113,45.3619,188,N,95.2,188901044,188901
188901045,283,265,288,207,836,350,83,179,595,17,16.8,18.6,9.4311763045,37498,69.5176,188,N,94.3,188901045,188901
188901046,8,232,217,124,457,88,20,99,401,18.9,23.1,18,8.6168583975,37348,40.1512,188,N,93.2,188901046,188901
188901047,293,286,295,161,874,142,26,146,753,16.1,18.3,18.8,11.276728151,38462,67.7216,188,N,94.5,188901047,188901
188901048,257,277,284,39,818,656,131,104,123,21,21.2,22.8,12.875079564,40188,52.8353,188,N,96.6,188901048,188901
188902102,117,118,117,0,352,313,32,55,156,21,21,21.3,12.178232286,35735,24.7357,188,N,94.5,188902102,188902
188903041,66,72,62,10,200,117,27,32,122,15.8,12.9,18.1,8,37512,15.7402,188,N,96.8,188903041,188903
188904041,74,86,114,5,274,243,34,22,47,12.5,15.6,14.8,12.661016949,40905,27.1835,188,N,96.3,188904041,188904
189902041,111,93,112,0,316,2,17,30,289,22.2,19.7,24.1,10.274066455,34311,23.4784,189,N,95.8,189902041,189902
190903041,140,127,102,14,369,305,24,75,191,15.9,14.2,18.8,15.764705882,37802,30.7727,190,N,96.6,190903041,190903
192901041,43,50,55,2,148,47,14,25,80,12.6,11.7,15,15.526315789,40699,16.2924,192,N,97.2,192901041,192901
194903102,53,50,52,4,155,134,25,29,78,12.3,12,17,13.928571429,37170,11.6625,194,N,95.5,194903102,194903
194904042,58,52,72,87,182,62,13,45,134,8.7,8.8,12.8,11.950686211,32744,29.0458,194,N,95.7,194904042,194904
194905041,32,36,50,22,118,94,4,20,70,16.4,14.2,16.6,3.7857142857,35485,10.3605,194,N,97.2,194905041,194905
196902041,36,45,38,4,119,51,14,26,66,11.9,12.2,13.8,12.692307692,37631,11.6427,196,N,96,196902041,196902
198901041,26,48,28,22,102,78,10,7,44,13.3,14.4,15.2,15.320627328,39917,10.208,198,N,96.6,198901041,198901
200901041,70,80,87,5,237,138,35,30,119,14.7,12.8,16.5,12.71875,36469,23.8772,200,N,96,200901041,200901
201902041,242,298,265,215,805,444,56,134,457,17.8,17.5,23.4,14.766823415,37865,57.1476,201,N,96.1,201902041,201902
201914041,61,56,52,29,169,133,7,17,96,13.5,11.5,13.4,10.740740741,37432,17.2288,201,N,96.1,201914041,201914
204901041,116,138,128,86,382,270,27,58,201,16.9,15.4,19.9,11.235294118,36025,34.0035,204,N,95,204901041,204901
204904041,132,141,153,41,426,323,33,62,226,19.3,11.9,23.8,8.8679586932,37535,33.9173,204,N,96.3,204904041,204904
205905041,79,72,89,0,240,52,21,32,114,18.2,14.5,17.8,15.304347826,41206,18.0102,205,N,96.8,205905041,205905
208902041,169,206,220,30,595,262,39,108,294,19.8,19.2,19,14.840909091,39547,41.7625,208,N,95.2,208902041,208902
210901041,161,170,167,138,498,246,22,66,271,18,15.6,19.5,12.568316521,34951,45.5617,210,N,96.2,210901041,210901
210904041,29,35,38,41,102,34,7,12,77,16.5,17.7,18,12.04364129,37449,8.7672,210,N,95.4,210904041,210904
210905041,39,48,54,43,141,88,9,18,81,16.4,13.8,17,11.9375,33901,11.2549,210,N,96.4,210905041,210905
212901041,64,76,66,45,206,152,14,28,128,14,13.6,17.8,12.493632974,35479,18.4951,212,N,96.9,212901041,212901
212902041,131,148,144,19,423,380,18,58,146,21.5,15.9,24.1,16.006067689,37389,30.1678,212,N,95.1,212902041,212902
212904041,67,57,81,34,205,156,14,24,104,21.3,21.8,23,10.888888889,35602,14.7798,212,N,96.2,212904041,212904
212905041,186,187,178,349,551,21,23,95,424,18.8,21.6,20.1,12.394412737,40649,35.8405,212,N,96.8,212905041,212905
212905042,147,190,164,129,501,19,29,85,428,20.1,17.1,21.1,12.829268293,40650,40.126,212,N,95.5,212905042,212905
212905043,188,201,170,189,559,122,74,72,367,20.2,18.5,21.5,10.880952381,39968,40.8721,212,N,96.1,212905043,212905
212905044,316,325,314,216,955,633,100,112,246,21.7,20.6,24.3,15.788617886,43509,56.704,212,N,96.5,212905044,212905
212905045,280,275,264,227,819,293,155,83,433,25.9,22.6,28.7,9.2028264267,38768,53.7048,212,N,97.2,212905045,212905
212905047,147,155,142,265,444,66,18,113,353,17.6,21.2,22.2,8.8470875704,37752,35.0416,212,N,94.2,212905047,212905
212909042,202,237,222,143,661,327,47,73,370,17.3,20.4,18.4,11.098039216,36756,47.2822,212,N,97.4,212909042,212909
212910041,64,66,58,39,188,119,14,27,78,12.9,17.4,16.3,12.071428571,34617,17.7077,212,N,95.6,212910041,212910
213901041,138,135,116,2,389,291,52,65,168,18,15.1,17.5,14.040195086,42630,34.0227,213,N,96.3,213901041,213901
214901041,223,255,236,0,714,1,120,108,694,18.3,18,23,8.8984545859,38900,55.5995,214,N,96.1,214901041,214901
214901042,494,464,496,0,1454,1,225,237,1321,15.6,18.4,23,9.9068229846,39205,119.1436,214,N,95.2,214901042,214901
216901041,12,20,27,0,59,32,5,7,23,12.9,11.3,11.8,11,36228,6.4453,216,N,96.1,216901041,216901
219903041,73,73,62,14,208,78,9,33,145,11.2,11,11.8,13.301886792,38110,21.9119,219,N,97.1,219903041,219903
220902041,220,273,253,30,746,300,30,120,517,19.5,24.6,24.3,9.7489468291,45328,51.1721,220,N,94.8,220902041,220902
220902043,169,219,168,40,556,305,26,80,333,20,14.7,22.2,8.5587872634,43856,37.8683,220,N,95.2,220902043,220902
220902044,163,173,181,77,517,245,34,68,259,19.7,18.6,23.2,8.6134396788,44461,33.8626,220,N,96.3,220902044,220902
220902045,225,234,254,51,713,425,57,91,314,22.5,21.1,22.2,12.857173342,46931,44.5,220,N,96,220902045,220902
220902047,279,267,289,42,835,660,119,123,202,19.5,18.8,21.3,13.558333333,47424,53.2204,220,N,96.1,220902047,220902
220905018,14,17,28,21,59,4,5,17,42,.,.,.,7.4545454545,41916,11.0004,220,N,84.1,220905018,220905
220905041,7,19,37,38,63,5,3,13,54,.,.,.,7.8181818182,42631,10.999,220,N,86.9,220905041,220905
220905042,117,135,153,57,405,20,45,38,348,19.3,18.3,23.5,12.206896552,45430,29,220,N,94.7,220905042,220905
220905044,369,419,315,26,1103,33,297,38,940,20.9,23.1,24.2,9.5265793795,43920,64.8002,220,N,95.2,220905044,220905
220905045,3,379,338,342,720,35,52,106,594,21.3,22,23.6,8.8958461938,43986,46.9777,220,N,94.4,220905045,220905
220905047,238,241,229,511,708,56,70,71,397,21.1,23.6,22.4,9.508071083,44229,41.7534,220,N,94.1,220905047,220905
220905048,318,334,327,192,979,106,251,66,773,19,21.3,22.1,9.0603051944,43794,60.9152,220,N,95.2,220905048,220905
220905049,173,166,168,48,507,15,66,49,445,25.3,21.7,23,7.7419354839,41814,30.0718,220,N,94.1,220905049,220905
220905050,17,348,391,72,756,212,188,70,440,28.1,23.6,26,11.348837209,45282,42.9997,220,N,95.4,220905050,220905
220905051,236,273,257,19,766,40,103,97,682,17.1,24.3,28.4,9.5217391304,43940,45.3941,220,N,95.7,220905051,220905
220905052,322,354,344,528,1020,60,65,107,865,22.8,17.2,26,9.2341165287,43636,60.5913,220,N,93.3,220905052,220905
220905053,217,236,227,234,680,241,139,89,360,20.8,21.5,27.1,15.702702703,47960,36.2723,220,N,94.1,220905053,220905
220905054,138,167,201,346,506,5,52,70,437,19.6,18.3,20.6,5.9714285714,42083,34.9974,220,N,94.3,220905054,220905
220905055,121,118,112,58,351,173,184,20,106,27.7,26.3,23,11.222222222,45215,17.9996,220,N,96.3,220905055,220905
220905056,326,300,323,57,949,84,128,115,844,24.6,23.5,24.6,11.819853118,45453,51.9461,220,N,96,220905056,220905
220905057,20,421,428,42,869,24,110,69,749,23.5,22.3,26.3,11.568393071,44907,51.9529,220,N,95.7,220905057,220905
220905058,206,218,221,104,645,172,80,46,449,18.7,22,18.7,8.5344847413,42997,40.8432,220,N,94.2,220905058,220905
220905059,2,341,309,535,652,21,117,61,486,20.7,18.9,31.8,9.6363695588,43904,36.8453,220,N,92.7,220905059,220905
220905060,8,535,487,388,1030,283,166,141,569,23,25.3,28.2,14.652158481,47395,54.0925,220,N,95,220905060,220905
220905061,2,434,436,169,872,457,145,144,406,21.6,22.1,27.2,10.224489796,44237,49.0024,220,N,94.3,220905061,220905
220905236,4,5,15,11,24,4,1,10,16,.,.,.,11.75,45025,3.9998,220,N,80.8,220905236,220905
220905247,4,13,25,24,42,1,1,9,33,.,.,.,8.2914270339,42543,2.9733,220,N,89.4,220905247,220905
220905248,11,21,9,7,41,1,3,7,33,.,.,.,1.6666666667,40378,3,220,N,85.9,220905248,220905
220905249,5,15,18,19,38,5,3,6,27,.,.,.,5.3333333333,40886,3,220,N,90.1,220905249,220905
220905254,12,11,13,14,36,3,2,7,30,.,.,.,11.333333333,44660,3,220,N,90.6,220905254,220905
220906041,237,238,231,32,706,525,111,72,154,14.9,21.9,21.2,12.647058824,44667,49.8254,220,N,95.5,220906041,220906
220906042,242,256,287,13,785,701,237,45,15,24,21.3,22.5,11.6,44711,45.4614,220,N,97.3,220906042,220906
220906043,287,321,324,51,932,680,168,81,77,22.3,19.7,21.3,13.95,46343,58.8214,220,N,97.2,220906043,220906
220906044,291,310,272,64,873,653,209,59,140,18.8,24,25.1,10.477873079,43440,51.1477,220,N,97.4,220906044,220906
220910041,181,181,198,57,560,237,31,55,403,13.2,17.1,18.4,9.02,39988,48.0833,220,N,95.6,220910041,220910
220917041,240,241,267,7,748,309,68,70,504,21.4,24.1,22.9,5.0651136913,37141,43.5594,220,N,94.6,220917041,220917
220918041,241,266,236,27,743,548,78,65,105,22.4,22.8,24.7,10.708737864,45225,48.5555,220,N,96.2,220918041,220918
220918042,301,269,278,80,848,481,55,69,239,20.9,23.7,27,11.488654708,45129,48.1262,220,N,96,220918042,220918
220918043,275,280,258,59,813,468,46,77,228,22.8,25.7,25.4,8.7450980392,43522,49.2073,220,N,95.6,220918043,220918
221901041,225,200,207,79,632,286,44,109,383,16.9,18.2,19.6,16.692798443,41797,55.8682,221,N,95.7,221901041,221901
221901043,225,247,238,57,710,463,93,115,332,17.4,18.8,19.4,15.833333333,41042,62.8244,221,N,95.3,221901043,221901
221901044,329,338,281,95,948,567,86,198,508,18.6,18.6,22.4,15.914285714,41041,69.6875,221,N,95.7,221901044,221901
221901045,189,167,212,70,568,214,25,103,425,16,15,18.7,17.533243061,43033,53.698,221,N,95.8,221901045,221901
221901047,240,215,239,147,694,358,33,140,376,17.2,15.8,18.9,14.969230769,40802,62.6645,221,N,96.6,221901047,221901
221904041,87,88,102,7,277,215,44,71,136,11.3,13.3,15.8,14.7,37887,25.2638,221,N,96.1,221904041,221904
221911041,67,91,80,2,238,222,20,35,73,17,19.6,21.1,17.035714286,41552,18.5694,221,N,96.9,221911041,221911
222901041,8,18,15,0,41,13,1,3,22,13,16,16.5,8.4,37195,5.0595,222,N,96.1,222901041,222901
223901041,103,136,128,22,367,101,46,49,261,15,14.1,18.3,13.405405405,39279,35.2469,223,N,95.7,223901041,223901
226903045,289,343,370,69,1002,336,28,184,711,23.1,24.4,23.8,10.805970149,38131,64.0206,226,N,95.7,226903045,226903
226906041,84,84,75,0,243,197,29,28,56,13.5,11.8,14.5,15.286489781,36480,23.4186,226,N,97.6,226906041,226906
226907041,91,88,94,5,273,199,22,46,168,16.1,19.1,25.7,8.3793103448,31781,22.1912,226,N,96.6,226907041,226907
227901043,358,346,326,161,1030,170,186,144,746,21.6,23.3,26.6,8.2103123663,38234,72.7881,227,N,94.1,227901043,227901
227901044,310,464,375,271,1149,414,374,116,568,28.1,30.7,26.5,8.1110950089,38203,86.0482,227,N,95.7,227901044,227901
227901045,226,218,243,101,687,340,73,129,309,18.7,22.9,27.4,14.568627451,42053,50.9292,227,N,94.9,227901045,227901
227901046,303,334,333,164,970,91,37,154,856,18.4,21.9,22.5,11.717948718,40082,77.345,227,N,93.8,227901046,227901
227901047,204,270,266,71,740,401,93,111,244,23,23.2,27.4,10.665122526,40568,50.3506,227,N,94.6,227901047,227901
227901048,260,290,262,327,812,16,34,176,735,18.6,23.2,40.4,10.748031496,39732,62.0155,227,N,92.9,227901048,227901
227901049,192,223,194,58,609,92,29,109,494,18.3,19.8,22.3,13.107355865,41392,50.1206,227,N,93.8,227901049,227901
227901051,181,233,281,60,695,15,31,154,636,19.9,20.6,21,7.0893561545,37738,59.0473,227,N,92,227901051,227901
227901052,400,456,397,84,1253,821,199,107,227,24.6,25.1,28.1,11.946666667,40228,74.5956,227,N,96,227901052,227901
227901053,209,223,238,84,670,24,16,124,615,17,19.8,18.5,8.5593220339,38135,58.1163,227,N,93.5,227901053,227901
227901054,296,281,337,84,914,174,62,203,585,19,20.7,20.8,12.444475864,40954,63.5894,227,N,95.6,227901054,227901
227901055,257,287,270,237,814,28,23,133,724,20.8,21.6,43.2,9.5591025424,39078,60.7967,227,N,94.5,227901055,227901
227901057,264,290,301,81,855,355,58,172,319,31.2,22.1,38.7,12.295387243,40739,59.5575,227,N,95,227901057,227901
227901058,287,279,265,113,831,29,26,112,762,29.1,37.5,48.5,9.8388240151,39565,63.5715,227,N,94.5,227901058,227901
227901059,377,416,348,54,1141,744,108,131,168,22.2,23,25.2,10.352500554,39423,69.0614,227,N,96.1,227901059,227901
227901060,365,368,378,39,1111,739,157,134,190,23.6,21.9,25.1,14.887955182,42296,71.1075,227,N,96.2,227901060,227901
227901061,450,456,437,179,1343,230,74,207,861,23.4,22.8,28.5,11.121408112,39914,85.3912,227,N,94.3,227901061,227901
227904041,345,368,365,248,1078,408,129,106,387,23.8,21.8,26.3,11.72970474,42055,63.9715,227,N,96.4,227904041,227904
227904042,272,269,304,216,845,215,64,95,456,22.5,19.6,24.9,10.759259259,41196,52.6284,227,N,95.6,227904042,227904
227904043,492,466,417,317,1375,675,168,138,369,23.8,23.5,25.6,10.196134722,40836,71.7638,227,N,96.5,227904043,227904
227904044,5,5,10,7,20,8,0,5,13,.,.,.,7.6666666667,38648,4.0925,227,N,87.8,227904044,227904
227904045,301,351,311,260,963,216,64,107,547,23.2,19.6,23.5,8.6635034333,39879,58.107,227,N,95.7,227904045,227904
227907041,271,328,279,267,878,167,39,161,614,20.3,22,26.9,5.4038461538,36570,51.9832,227,N,96.3,227907041,227907
227909041,276,299,275,6,850,720,101,85,17,22.7,24.3,26,15.271056763,42949,61.5868,227,N,97,227909041,227909
227909042,275,305,304,4,884,759,146,115,32,25.7,23.4,24,13.506904534,43360,66.7304,227,N,96.7,227909042,227909
227912041,83,96,92,0,271,233,13,34,35,17.3,22.5,23.3,10.64,38633,20.2809,227,N,96.2,227912041,227912
227913041,229,237,235,11,701,619,111,62,45,21.5,20.8,18,12.089627392,42635,45.7831,227,N,96.6,227913041,227913
227913042,185,176,175,5,536,401,72,79,125,19.3,19.7,20.7,10.388888889,41667,42.211,227,N,96.7,227913042,227913
228903041,79,83,80,49,242,164,20,38,185,14.9,15.1,16.1,14.232134814,36318,25.4758,228,N,94.7,228903041,228903
229901041,45,47,43,0,135,131,11,13,76,15,16.6,17.8,9.8235294118,34700,11.1891,229,N,95.5,229901041,229901
229903041,96,100,109,82,305,201,27,59,182,15.4,14.8,17.1,9.5277777778,35080,26.1549,229,N,96,229903041,229903
229904041,85,82,90,11,257,235,18,35,152,15.6,12.9,15.6,9.125,35390,20.9124,229,N,95,229904041,229904
230901041,58,53,45,18,156,132,9,24,87,14,13.3,13.7,11.578947368,33812,12.5715,230,N,95.9,230901041,230901
230903041,52,80,63,24,195,156,16,39,97,13.8,19.4,17.6,15,36126,15.4397,230,N,95.3,230903041,230903
230905041,70,81,76,0,227,201,18,23,97,15.8,12.5,17.3,17.7,38672,18.2622,230,N,97.1,230905041,230905
230906041,70,79,84,25,233,195,19,39,68,13.3,16.5,17.9,11.083333333,36059,17.3056,230,N,96.7,230906041,230906
234902041,125,146,160,19,431,367,25,45,135,16.2,17.9,19.1,14.4685926,38401,33.271,234,N,96.4,234902041,234902
234903041,71,65,73,6,209,186,24,41,74,15.6,15.9,17.1,13.186137906,37770,16.0915,234,N,96.4,234903041,234903
234904041,80,98,92,1,270,226,16,43,125,19.3,18.1,18.4,9.5579404302,33106,19.6137,234,N,96.2,234904041,234904
234906041,155,150,177,12,482,404,26,80,195,23.9,19.6,29.4,12.026315789,39100,32.4229,234,N,95.6,234906041,234906
234909041,30,32,35,1,97,90,11,26,54,15.1,16,16.8,7.4,32038,7.2822,234,N,96.1,234909041,234909
235902041,300,322,320,65,942,329,97,137,600,17.9,19.7,21,10.003948316,36188,68.2779,235,N,95.3,235902041,235902
235902042,372,372,340,120,1084,294,44,149,796,20.4,20.6,21.5,11.676798846,36905,73.2109,235,N,94.5,235902042,235902
235902043,342,337,334,70,1013,469,85,111,500,19.1,18.4,21.5,13.657611174,38343,69.4968,235,N,95.3,235902043,235902
236901042,59,64,64,43,187,128,24,34,94,13.7,13.8,15.4,13.578947368,35989,16.7049,236,N,96,236901042,236901
237902041,118,99,101,110,318,78,38,82,199,12.9,16.2,17.6,9.2666666667,38232,25.7517,237,N,96.5,237902041,237902
237905041,152,144,136,119,432,74,13,58,257,20.7,16.6,22.1,14.1875,38875,28.7619,237,N,95.9,237905041,237905
240901041,446,514,474,1,1434,8,110,264,1373,18.8,22.9,24.4,13.02909936,43950,100.4004,240,N,95.6,240901041,240901
240901042,446,455,451,2,1352,14,218,239,1326,20,20.6,23.1,12.908953626,43601,97.4903,240,N,96.4,240901042,240901
240901043,478,500,489,0,1467,2,126,286,1461,19.8,22.6,26.9,9.9065105676,42366,95.432,240,N,95.2,240901043,240901
240901044,318,268,275,0,861,0,58,155,844,20.4,24.2,23.9,10.75162809,42305,52.687,240,N,96.2,240901044,240901
240903041,318,292,309,1,919,50,273,109,402,18.8,18.7,22.2,9.6975669,42078,53.5363,240,N,96.6,240903041,240903
240903043,394,360,356,1,1110,2,238,168,884,22.7,22.9,24,8.8776849756,41299,61.7775,240,N,96.6,240903043,240903
240903044,204,222,187,0,613,1,17,125,596,19,23.7,16.5,8.5849127942,41007,43.9355,240,N,95.2,240903044,240903
240903045,370,343,338,0,1051,14,115,115,833,26.9,22.4,23.7,8.8969144183,41600,60.6963,240,N,96.9,240903045,240903
240903046,248,270,259,5,777,20,152,122,574,27.5,24.3,24.8,9.6183309422,41790,46.7703,240,N,97.2,240903046,240903
240903047,480,481,455,1,1416,1,63,289,1353,17.9,16.5,20.7,3.3427419843,37823,90.1723,240,N,95.1,240903047,240903
240903048,472,395,403,7,1270,57,240,137,576,21.1,23.7,23.2,11.105696144,43152,72.5579,240,N,97.8,240903048,240903
240903053,289,280,288,0,857,7,81,156,766,19.2,20.8,19.8,7.139708002,40365,60.6683,240,N,96.1,240903053,240903
240904041,27,26,27,0,80,2,3,11,45,6.2,8.4,10.4,19.317017966,55105,10.8417,240,N,97.1,240904041,240904
241901041,82,79,72,39,233,103,11,28,114,17.2,15.4,18.1,15.666666667,40258,16.4221,241,N,95,241901041,241901
241903041,245,279,255,111,779,264,102,96,485,19,18.4,19.6,16.412433344,42496,61.7547,241,N,95.4,241903041,241903
242902041,21,17,27,7,65,49,9,11,26,11,10.3,14.7,17.285714286,38321,9.0638,242,N,96,242902041,242902
243901041,245,253,253,63,751,578,36,96,308,15.6,16.3,17.9,12.626865672,34977,63.4618,243,N,95.8,243901041,243901
243903041,130,159,148,2,437,412,29,42,156,19.7,19.5,19.9,13.5625,37571,28.429,243,N,96,243903041,243903
243905045,129,223,193,40,545,340,92,84,241,18,21.6,18.9,8.8947368421,37960,35.2644,243,N,95.6,243905045,243905
244903041,152,165,165,45,482,251,57,66,280,19.1,17.2,20.5,14.604166667,37280,41.8977,244,N,96.1,244903041,244903
245902041,130,115,129,1,374,13,30,50,317,17.9,19.4,17.5,11.517241379,40801,25.6908,245,N,96.2,245902041,245902
245903041,174,188,161,1,523,13,20,80,500,15.7,14.6,19.1,11.102103603,37086,41.7522,245,N,92.8,245903041,245903
245904041,24,23,17,0,64,17,4,14,49,13.3,10,13.3,6.5,37485,5.9557,245,N,96.8,245904041,245904
246902041,65,75,86,2,226,170,23,45,95,15.7,17.9,17.9,16.7,39711,16.6736,246,N,96.3,246902041,246902
246904040,205,238,226,22,669,502,129,52,165,20.6,20.5,19.1,11.865684105,39699,56.3619,246,N,96.5,246904040,246904
246904041,254,277,272,42,803,444,151,60,318,21.6,21.8,22.4,11.673788939,39817,60.5413,246,N,96.9,246904041,246904
246904042,200,211,214,26,625,429,121,67,167,21,19.1,20.8,9.9383716143,38836,53.3498,246,N,96.2,246904042,246904
246906041,201,205,210,72,616,344,41,45,181,19.6,23.6,20.7,10.278350515,39779,45.8674,246,N,96.4,246906041,246906
246907041,54,40,52,2,146,85,14,25,66,17.8,15,18.4,12.230769231,38603,13.5178,246,N,95.3,246907041,246907
246908041,141,174,157,10,472,388,41,54,103,14.5,19,20.3,12.444444444,37532,34.3231,246,N,96.3,246908041,246908
246909041,250,257,234,135,741,241,24,88,438,30.3,19.7,26.6,9.7246564599,41830,58.6549,246,N,96.3,246909041,246909
246909042,219,257,230,50,706,465,95,80,140,21.2,21.7,23.4,9.0654296392,41596,49.8985,246,N,96.4,246909042,246909
246909043,348,360,318,95,1026,624,107,70,258,25.7,21.1,25.2,10.957504115,42176,60.3981,246,N,96.7,246909043,246909
246909044,355,314,359,29,1028,681,194,76,65,23.7,23.1,25.2,11.682789718,43088,61.768,246,N,97.3,246909044,246909
246909045,376,369,386,136,1131,660,87,133,327,24.1,25.6,25.6,9.0098974484,40991,78.4086,246,N,96.1,246909045,246909
246909046,454,441,434,219,1329,563,45,169,498,24.8,20.8,25,8.7609698114,40535,85.8183,246,N,95.8,246909046,246909
246909047,476,455,496,95,1427,984,112,150,182,22.8,24.6,26.2,9.6530744957,41506,87.2486,246,N,96.4,246909047,246909
246909051,377,380,347,180,1104,663,97,121,231,25,27.5,29.3,9.1574969152,40907,69.4964,246,N,97,246909051,246909
246911041,213,248,220,112,681,226,41,84,394,17.8,20.5,23.6,10.713448726,37831,52.8501,246,N,96.5,246911041,246911
246912042,36,49,31,3,116,86,13,16,32,15,12.5,15.8,13.304817974,36145,10.9974,246,N,96.9,246912042,246912
246913041,403,390,354,59,1147,853,185,116,167,20.3,22.1,21.6,9.3415773969,40407,82.1814,246,N,96.6,246913041,246913
246913042,242,245,276,59,763,461,60,116,298,19.8,20.5,20.1,11.961525814,41807,67.7418,246,N,96,246913042,246913
246913043,345,353,358,81,1056,700,128,154,308,19.7,22.6,25,9.6850342153,40450,73.7734,246,N,95.8,246913043,246913
246913044,396,377,422,70,1195,884,201,122,190,21.9,23.4,33.8,8.1519121174,39125,77.4228,246,N,96.2,246913044,246913
246913045,218,219,185,19,622,515,135,63,45,18.6,24.4,22.3,7.2376237624,38461,46.6404,246,N,96.9,246913045,246913
247901041,277,293,294,23,864,346,56,121,460,17,18.5,20.1,8.3278688525,36567,55.5007,247,N,96.3,247901041,247901
247904041,62,50,51,2,163,96,19,18,58,11.8,15,16.8,15.318181818,39070,13.7231,247,N,97,247904041,247904
247906041,49,56,48,4,153,83,16,18,76,10.8,14.1,14.9,13.210526316,35977,16.0277,247,N,97,247906041,247906
248901041,84,93,97,5,274,98,26,32,157,15.2,16.9,13.5,12.65625,38541,24.3993,248,N,95.8,248901041,248901
249901041,57,64,62,1,183,167,12,30,48,17.4,19.6,21,15.193465897,40778,13.5942,249,N,97.4,249901041,249901
249903041,164,196,158,8,518,360,22,82,220,20.8,16.7,23.4,11.379846028,37990,34.0267,249,N,96.2,249903041,249903
249904041,40,51,65,1,156,137,13,22,58,19.5,17.9,18.8,13.153846154,40804,10.7729,249,N,95.6,249904041,249904
250903041,111,133,122,29,366,249,25,74,212,17.3,17.6,20.8,12.121212121,37936,27.8228,250,N,96.4,250903041,250903
251901041,95,108,88,4,291,99,36,40,166,19.8,14.1,19.6,12.808510638,42269,21.5843,251,N,96.5,251901041,251901
252901041,172,213,168,7,553,449,43,71,221,18.1,16,18.9,14.731668098,36720,39.9467,252,N,96.3,252901041,252901
252903041,59,46,58,3,163,118,16,28,84,10.8,11,14.4,15.5,37750,15.9017,252,N,95.8,252903041,252903
253901041,197,245,261,0,703,12,45,108,565,20.9,23.4,21.9,11.063829787,39165,45.9981,253,N,96.2,253901041,253901
