,CAMPUS,CA06AMA1S17R,CA07AMA1S17R,CA08AMA1S17R,teacher_spend,students
0,001902041,93,71,93,626425,136
1,001903041,87,74,84,1002372,294
2,001904041,93,74,98,595999,198
3,002901041,68,57,84,2592022,923
4,003902041,93,86,94,1699825,646
5,003903044,71,66,91,5677554,1695
6,003904041,79,71,93,1214769,359
7,004901041,62,76,76,2503859,777
8,005902041,90,92,93,756489,230
9,005904041,89,84,91,367253,91
10,007902041,88,72,96,1358750,324
11,007904041,60,46,76,1261406,376
12,007906041,64,71,80,1087855,386
13,008901041,85,76,89,1792055,535
14,008902041,79,70,82,2071149,616
15,008903041,83,79,95,615118,176
16,009901041,85,72,94,1089295,309
17,010902041,62,74,84,1510129,512
18,011902041,61,41,79,2880910,923
19,011904041,77,69,86,1197613,395
20,013905041,80,91,97,632650,201
21,014901041,85,85,90,919782,332
22,014903043,81,53,90,2379803,821
23,014903044,73,31,83,2537665,787
24,014903045,86,69,95,2716407,954
25,014905041,98,78,98,549486,148
27,014906042,75,61,82,2719533,783
28,014906043,76,69,80,2536113,704
29,014906044,73,67,71,2507969,722
30,014906046,81,70,69,2746714,738
31,014906048,66,52,79,2982194,914
32,014906049,85,81,92,3108998,853
33,014906050,74,61,79,2780982,819
34,014906051,92,87,84,3450830,913
35,014906052,88,80,92,3288564,830
36,014906053,86,76,93,4883521,1417
37,014907041,73,72,74,663147,200
38,014909041,49,62,73,2390977,597
39,014909042,39,61,81,2359828,692
40,014909044,59,68,86,1736153,493
41,014910041,76,77,87,1074943,329
42,015901041,90,56,93,3818980,1143
43,015904041,62,67,92,2913573,865
44,015904042,68,50,90,2651786,810
45,015904043,67,64,91,2332047,730
46,015904044,67,59,88,2256388,655
47,015905041,67,42,75,2123476,689
48,015905044,64,63,80,2075769,653
49,015905046,70,49,59,2212555,711
50,015906041,95,92,97,1415039,353
51,015907043,49,39,78,1994457,627
52,015907047,66,62,72,2168369,771
53,015907049,32,31,72,2197520,747
54,015907050,43,51,63,2886816,905
55,015907051,48,45,58,1174459,444
56,015907053,38,29,45,1267817,396
57,015907054,35,35,41,1603747,570
58,015907055,55,56,73,2212994,756
59,015907057,40,36,49,1660750,563
60,015907059,67,55,81,2393205,876
61,015907061,34,36,56,2303222,710
62,015908041,46,67,83,1795906,461
63,015908042,53,41,75,1950103,607
64,015908043,45,41,80,1579564,480
65,015908044,68,57,76,2039176,555
66,015910041,71,66,90,3642333,1138
67,015910042,65,71,96,3500442,1004
68,015910043,61,66,78,3825581,959
69,015910044,69,65,89,4101009,1234
70,015910045,60,71,96,2998524,818
71,015910046,65,67,76,3969709,1025
72,015910047,70,73,82,3319799,972
73,015910048,84,77,89,3498189,1259
74,015910049,79,70,88,2717340,826
75,015910050,92,91,94,3358877,1239
76,015910056,91,89,95,3070986,1144
77,015910057,95,96,96,3310598,1179
78,015910058,79,76,88,3479530,1116
79,015910059,90,87,95,3027673,1102
80,015911043,53,45,69,3192696,1166
81,015911044,48,37,55,3293052,1248
82,015912041,78,67,82,2851777,773
83,015912042,66,55,63,2873797,877
85,015912045,72,65,78,2773248,752
86,015915041,61,69,77,3701523,1223
87,015915042,64,62,75,3067366,927
88,015915043,77,68,76,3498865,1122
89,015915044,63,57,75,3707516,1116
90,015915045,67,74,81,3069715,1034
91,015915046,69,64,73,3620697,1165
92,015915047,77,73,89,4128233,1323
93,015915048,60,64,80,3197490,1050
94,015915049,79,73,87,3219306,1009
95,015915050,76,75,83,3670351,1171
96,015915051,77,69,87,3959332,1316
97,015915052,69,66,80,3065798,980
98,015915053,87,85,96,3631653,1203
99,015915054,77,81,87,3895685,1291
100,015915055,89,80,97,4320882,1500
101,015915056,76,74,87,4060436,1321
102,015915057,93,92,95,4651774,1474
103,015915058,89,91,95,3342969,1095
104,015915059,86,82,94,2960103,1002
105,015915060,86,88,95,2640893,827
107,015916041,52,53,89,2898377,773
108,015916042,71,61,96,3988792,1324
109,015916043,63,42,82,3113260,857
110,015916044,52,50,75,2952012,941
111,015916045,70,43,80,3942009,1207
112,016902041,87,85,83,969695,261
113,018901041,79,82,76,1040850,214
114,019905041,79,58,76,1169502,270
115,019907042,62,65,72,4361771,1485
116,019909041,57,59,77,461372,112
117,019912041,92,87,93,1765077,481
118,020901041,67,59,86,3204147,827
119,020901042,72,60,89,2860421,781
120,020901043,62,56,84,2987055,772
121,020901045,80,69,95,3777837,1061
122,020901046,85,43,85,3048462,760
123,020901047,61,49,89,3563956,1003
124,020902044,82,72,94,4003109,1491
125,020904041,96,84,94,544739,187
126,020906041,82,79,94,1604972,458
127,021902041,67,79,66,3281118,961
128,021902045,64,60,60,3777483,1137
129,021902046,63,54,66,2515633,649
130,021902047,57,59,76,2325577,661
131,024901041,51,65,85,1138422,329
132,025909041,87,82,85,965373,277
133,026901041,81,77,92,1119528,410
134,027903041,60,61,80,2110602,716
135,027904041,75,49,83,2771245,922
136,028902045,61,43,76,3041428,1292
137,028903041,59,43,65,910189,322
138,029901043,69,58,82,1425254,743
139,030902041,83,76,94,1033186,334
140,030903041,55,63,74,2196,70
141,031901043,80,80,91,2754354,847
142,031901044,63,66,84,3226288,970
143,031901045,72,70,88,3802784,1234
144,031901046,72,60,82,2715753,787
145,031901047,76,67,80,3037499,857
146,031901048,54,48,84,2502167,740
147,031901051,70,57,94,3148667,956
148,031901053,74,72,89,3323952,1091
149,031901054,90,82,95,3489944,1105
150,031901055,78,78,97,3043117,930
151,031903041,83,70,81,2930588,759
152,031903042,70,75,86,2888483,829
153,031903043,84,68,87,2787292,743
154,031903044,84,76,90,2845600,836
155,031903045,82,72,81,2859294,875
156,031906041,90,78,97,2612962,803
157,031906042,82,77,95,2751900,784
158,031906105,89,75,87,2723155,836
159,031909041,67,58,77,1521122,544
160,031911041,68,46,78,1517399,421
161,031912041,57,49,70,2949774,904
162,031912042,54,49,78,2584087,793
163,031912043,50,57,87,2251103,676
164,031914041,71,68,73,940555,255
165,033902041,96,95,93,593893,161
166,034903041,69,74,94,948700,281
167,034905041,65,68,89,571074,162
168,034906041,83,54,88,332014,106
169,036901041,81,92,97,1120165,297
170,036902042,87,83,99,2460890,543
171,036902043,91,93,99,2748688,696
172,037907041,81,79,90,1234975,509
173,038901041,89,77,94,739094,242
174,039902041,92,76,88,726116,216
175,043902041,85,61,81,2409225,735
176,043904041,87,91,89,1224341,376
177,043905041,83,84,92,2740206,673
178,043905043,86,91,93,3052103,822
179,043905044,98,97,100,2862887,813
180,043905045,96,93,99,3748521,964
181,043905046,97,98,98,3276125,901
182,043905047,93,95,97,3178728,777
183,043905048,97,99,99,3807305,1086
184,043905049,96,92,99,3251438,818
185,043905050,93,90,92,3225696,991
186,043905051,96,94,92,2708817,828
187,043905052,96,91,96,3189714,966
188,043905053,94,93,92,3296536,950
189,043905054,97,97,97,3774679,1066
190,043905055,93,90,96,2777853,788
191,043905056,98,98,98,2640630,689
192,043905057,94,95,93,2385289,638
193,043907041,86,88,86,4278165,1210
194,043907043,95,94,95,4072265,1225
195,043907044,73,78,84,3592539,934
196,043907045,88,87,87,4245888,1126
197,043907046,92,91,95,4485373,1262
198,043908101,93,86,98,1808505,590
199,043910042,76,75,95,3294295,952
200,043910043,79,74,89,3137195,889
201,043910044,93,85,89,2602311,823
202,043910045,82,86,88,2786372,712
203,043910046,79,74,87,2529597,671
204,043910047,94,91,93,2937052,926
205,043910048,86,84,84,2703644,757
206,043910049,88,86,91,3512128,1227
207,043910050,90,93,91,3199736,1015
208,043910052,85,80,87,3449384,1037
209,043910053,94,98,97,3376307,1101
210,043910054,95,95,96,3806109,1234
211,043910056,84,81,92,3304264,1064
212,043912041,96,88,97,4316011,1245
213,043912042,95,85,97,4452553,1129
214,043917041,73,75,87,439410,190
215,043918041,81,69,82,1599391,471
216,044902041,79,74,86,513037,119
217,045902041,78,67,93,1077698,319
218,045903043,61,52,89,748298,258
219,046901042,85,78,72,2861561,937
220,046902041,97,95,98,3440811,1179
221,046902042,77,83,87,3578937,1146
222,046902044,84,91,95,3263479,1074
223,046902045,92,83,95,2993996,991
224,046902046,79,70,91,2371475,741
225,047901041,66,68,90,1077626,293
226,047902041,77,91,98,475040,162
227,049905042,90,83,87,824231,253
228,050910041,72,68,78,2658070,778
229,050910042,79,72,85,2817289,871
230,052901041,69,65,86,1207836,233
231,053001041,61,63,89,654271,161
232,054903041,51,51,65,355284,110
233,056901042,67,70,92,1430945,398
234,057903041,68,44,83,1975067,1003
235,057903042,75,56,95,2688768,1074
236,057903044,64,47,81,2099262,641
237,057903045,89,76,94,2317347,934
238,057903046,71,48,88,2570023,1041
239,057903047,74,56,88,1668249,663
240,057904041,66,51,81,2419814,831
241,057904042,66,49,89,2769457,754
243,057905042,56,34,73,2944745,903
244,057905043,58,51,89,2026466,569
245,057905044,57,31,76,2158468,630
246,057905045,79,69,77,3054978,962
247,057905046,57,46,73,3536508,958
248,057905047,63,45,78,3473932,966
249,057905048,56,46,85,3134455,994
250,057905049,84,68,95,5550112,1631
251,057905050,62,52,86,3183393,899
252,057905051,49,44,82,2460290,711
253,057905052,53,49,86,3223374,988
254,057905053,81,61,92,4510751,1362
255,057905054,62,41,82,3026300,912
256,057905055,56,42,70,2056965,621
257,057905056,76,37,67,2494179,738
259,057905058,68,32,77,3053961,785
260,057905059,53,48,84,4144969,1211
261,057905060,58,24,82,2193013,561
262,057905062,51,36,71,3684610,894
264,057905068,63,46,83,3695907,1082
265,057905069,62,40,78,3987610,1283
267,057905072,47,47,81,2399147,452
269,057905074,60,42,76,2248595,508
270,057905076,55,40,78,3191256,906
271,057905077,60,42,82,2532242,791
272,057905079,68,55,78,3104973,953
273,057905083,56,39,64,3278139,957
274,057905100,75,53,72,3547061,1096
275,057905352,67,66,91,3486147,1122
276,057905353,74,60,81,3838813,1302
277,057905354,44,42,76,2623660,806
280,057905359,90,77,96,49923,191
281,057906041,44,41,72,2639617,629
282,057906042,60,45,66,2787626,717
283,057906043,57,45,57,3461518,945
284,057909041,74,91,91,1965626,928
285,057909042,63,55,93,3176879,985
286,057909043,66,54,85,3357567,1072
287,057909045,86,37,86,3964318,1285
288,057909046,67,47,89,3477756,1013
289,057909047,86,66,92,3679328,1143
290,057909048,65,42,85,2702691,813
291,057909049,75,58,85,3648745,1211
292,057909050,74,60,87,3429372,1057
293,057909051,59,45,74,2951828,906
294,057909052,80,62,91,3687874,1198
295,057909054,71,55,90,3388859,1012
296,057910041,50,50,82,2921810,692
297,057910045,76,66,88,4334342,1086
298,057910047,65,59,86,2022945,575
299,057910050,85,82,89,2295166,888
300,057910051,76,51,79,2699778,665
301,057910052,74,77,78,3366107,820
302,057912041,60,60,80,3107604,994
303,057912042,66,71,88,3002706,925
304,057912043,69,75,79,3054930,989
305,057912044,69,64,83,2545964,856
306,057912045,66,60,73,3275337,1011
307,057912046,65,64,90,3020966,916
308,057912048,78,77,80,2734526,908
309,057912050,69,61,74,3284633,1010
310,057914043,85,62,91,3076863,954
311,057914047,74,61,89,2817393,899
312,057914048,78,70,82,2736411,844
313,057922042,100,98,98,3688463,982
314,057922043,96,94,97,3896232,1109
315,057922044,95,96,96,3528155,940
316,058906041,52,44,80,1258299,405
317,060902041,90,69,89,642491,183
318,061901041,88,88,98,3489341,939
319,061901044,76,76,88,3392611,859
320,061901045,66,63,70,3087052,711
321,061901046,80,77,84,2974449,754
322,061901047,82,75,92,4673646,1372
323,061901048,97,91,97,3580464,982
324,061901049,63,70,89,3392394,890
325,061902042,88,54,79,2665349,691
326,061902044,68,58,87,2774668,797
327,061902045,94,87,96,2553456,706
328,061902046,66,35,76,2387103,726
329,061902047,91,79,96,3378996,941
330,061902048,96,79,95,2851806,866
331,061902049,89,78,97,3201878,887
332,061902050,73,41,72,3876357,1003
333,061902052,66,57,86,2793025,853
334,061902053,97,86,97,4056403,1015
335,061902054,82,65,92,2418879,699
336,061902055,98,90,96,2271111,593
337,061902056,74,50,81,2997177,895
338,061902058,95,88,98,2496742,699
339,061902059,87,71,94,3088098,952
340,061905041,84,82,91,1846474,507
341,061906041,86,80,99,1089509,291
342,061910041,86,96,94,1948305,603
343,061911042,94,73,97,4147164,1145
344,061911043,81,67,91,3266025,830
345,061911044,83,69,91,4107570,1016
346,061911045,84,75,92,4275499,1167
347,061911046,94,60,96,3444692,972
348,061912041,86,85,91,3301811,902
349,061914041,77,50,86,4007888,1252
350,062901041,68,80,92,1434092,445
351,062903041,60,56,72,1076547,367
352,062904041,56,68,88,518653,103
353,065901041,79,65,92,354943,102
354,066902041,66,55,88,909749,293
355,066903042,66,79,91,324271,183
356,067902041,66,63,92,580356,205
357,067903041,83,85,85,787145,257
358,067904042,66,74,81,215171,69
359,067907041,50,47,55,313546,94
360,068901042,52,38,53,3585495,857
361,068901043,52,46,62,4602639,1283
362,068901044,56,56,74,4029242,1180
363,068901045,52,48,65,3338359,932
364,068901046,69,60,85,3438353,1050
365,068901047,48,39,60,5950070,1635
366,070905041,68,50,80,1714269,587
367,070908042,93,81,92,2493343,1004
368,070908044,94,81,93,2661911,997
369,070911041,74,69,93,4241305,1380
370,070912042,74,61,91,3061663,998
371,070912043,88,75,92,2978238,899
372,071901041,78,65,95,1226266,533
373,071901042,63,72,79,1867099,675
374,071901044,75,60,85,1854005,685
375,071901045,79,65,88,2142843,712
377,071902041,67,57,75,2139884,795
378,071902042,83,74,91,2592229,884
379,071902043,60,52,72,2263408,823
380,071902044,52,59,71,2094516,764
381,071902045,84,77,81,1791878,676
382,071902046,59,57,87,1934009,695
383,071902047,65,62,80,2103026,750
384,071902048,67,63,85,1653809,515
385,071902049,54,47,75,1779207,667
386,071902051,78,72,68,2101869,831
387,071902052,74,70,88,2210339,937
388,071902053,91,91,99,3468761,1272
389,071902054,56,54,81,1899146,632
390,071902055,76,69,81,1888207,713
391,071902056,76,70,88,2342611,873
392,071903041,86,71,78,1617644,524
394,071905046,69,58,85,1787045,593
395,071905047,78,63,89,2147231,715
396,071905050,80,63,93,2054214,657
397,071905051,87,61,96,1647128,552
398,071905052,81,68,89,1547484,499
399,071906041,85,79,91,648779,204
400,071907041,79,85,84,2172034,536
401,071907042,63,72,81,2136224,652
402,071908041,67,79,79,932385,266
403,071909041,82,77,83,1677570,644
404,071909042,76,80,87,1901028,704
405,071909043,81,83,92,2142692,671
406,071909044,87,69,90,2627785,906
407,071909045,81,75,92,1955251,650
408,071909046,86,87,95,3239996,1067
409,071909047,86,80,94,2764775,971
410,071909048,90,83,92,2207746,967
411,071909049,80,77,94,2487787,949
412,074907041,91,70,90,378683,137
413,074909041,63,76,76,752208,203
414,077902041,78,54,76,438511,107
415,079901045,95,91,97,2563459,753
416,079907041,86,86,90,3574527,1540
417,079907042,73,65,77,3665738,1006
418,079907043,88,81,94,3121778,1250
419,079907044,86,83,78,1984563,1228
420,079907045,91,90,94,3231632,1236
421,079907046,56,62,65,3814738,997
422,079907047,79,76,85,3477057,1104
423,079907048,73,73,84,4144117,1178
424,079907049,92,87,89,2980987,995
425,079907050,97,96,97,2793104,1298
426,079907051,99,98,98,2995267,1372
427,079907052,88,85,89,3513129,1784
428,079907053,84,80,87,2626013,997
429,079907054,94,91,96,3913060,1331
430,081902041,85,73,89,1631319,410
431,081904041,57,80,89,921997,276
432,081905041,87,67,81,156507,100
433,082902041,37,59,53,831590,221
434,082903041,48,49,72,1175989,471
435,083903041,69,69,89,2659948,664
436,084908042,75,52,78,851139,316
437,084909041,69,70,80,2678065,1035
438,084910042,89,89,98,3864210,1019
439,084910043,82,81,87,3692535,969
440,084910044,80,77,93,3962913,938
441,084910045,90,87,93,2638182,1108
442,084910046,82,79,88,3020398,950
443,084910047,81,77,85,3057013,774
444,084910048,84,81,90,3264614,1075
445,084910049,94,91,99,3035188,1135
446,084910050,87,86,93,2861479,817
447,084910051,75,71,88,2955980,794
448,084911041,90,91,98,3863284,1497
449,085902041,61,50,90,817145,172
450,086901041,80,76,80,2515672,715
451,090904042,65,66,84,2393495,815
452,091901041,93,69,94,662608,188
453,091909041,73,75,94,1301096,379
454,091910041,95,91,93,639372,197
455,091914041,67,71,84,692163,178
456,091918041,65,80,88,616703,174
457,092901042,59,71,83,1149276,397
458,092902042,64,67,84,2495361,890
459,092903041,68,69,84,2058666,499
460,092903042,81,77,91,2130444,760
461,092903043,69,66,92,2190662,474
462,092906041,80,75,82,1204295,368
463,092907042,92,74,92,1450681,418
464,092908041,75,68,92,1086835,348
465,093904042,50,37,73,2009031,636
466,094901041,61,60,83,2426212,812
467,094901042,59,61,73,2363333,787
468,094904041,76,86,93,1144418,313
469,095901041,79,76,80,671960,181
470,095905043,64,65,82,1640485,602
471,095905044,69,62,88,1630468,571
472,096904041,55,50,94,388301,110
473,097902041,98,73,82,580807,181
474,098904041,95,81,89,822331,182
475,099903041,70,57,87,508469,134
476,100904041,86,69,86,1934931,589
477,100905041,87,86,97,1211420,532
478,101902046,76,46,78,2950698,1148
479,101903041,75,60,73,4329963,952
480,101905041,81,62,93,3524144,1108
481,101905043,72,58,90,2940225,1002
482,101906042,73,73,92,3865700,1370
483,101907041,91,83,92,3947871,1356
484,101907042,71,66,87,4589622,1610
485,101907043,78,74,95,4250721,1505
486,101907044,73,66,77,4072444,1302
487,101907045,75,67,85,4032223,1360
488,101907046,84,79,88,4049255,1280
489,101907047,83,80,97,4101428,1504
490,101907048,75,74,82,4115679,1417
491,101907049,93,94,96,3990463,1401
492,101907050,76,68,83,4363784,1512
493,101907051,95,89,94,4414594,1629
494,101907052,91,90,93,3804590,1384
495,101907053,80,75,90,4026091,1358
496,101907054,97,97,97,4578600,1647
497,101907055,74,70,91,4155274,1334
498,101907056,98,96,97,3388405,1253
499,101907057,97,93,95,4103406,1635
500,101907058,86,87,95,3719823,1421
501,101908041,69,73,89,2579626,646
502,101908042,87,89,99,3150522,906
503,101908043,61,72,93,2448160,769
504,101908044,90,91,98,2475904,727
505,101910041,71,60,92,3437471,1024
506,101910043,78,73,96,2220945,542
507,101911041,62,64,78,3341833,958
508,101911043,73,72,88,3255987,1075
509,101911044,76,60,79,3779971,1134
510,101911045,69,60,77,3313472,1004
511,101911046,73,78,88,3406104,1067
512,101912041,40,23,53,1304208,488
513,101912042,79,73,94,2885817,1019
514,101912043,83,83,86,4644004,1457
515,101912044,55,42,52,1399305,491
516,101912045,62,59,86,1992742,690
517,101912046,53,55,76,1896487,656
518,101912047,54,63,72,2657039,952
519,101912048,71,58,79,2473461,753
520,101912049,82,79,81,4140513,1299
521,101912050,45,56,56,1961240,672
522,101912051,73,70,85,3759540,1369
523,101912052,37,46,55,2536078,895
524,101912053,80,64,82,2314450,793
525,101912054,55,49,72,2369335,819
526,101912055,83,81,86,5598301,1723
527,101912056,58,51,66,2338059,800
528,101912057,96,94,96,4975198,1423
529,101912060,73,63,81,3725537,1289
530,101912061,58,63,84,2577009,926
531,101912062,55,61,90,1574479,621
532,101912064,85,72,86,4864352,1638
533,101912068,82,67,86,2557720,758
534,101912071,99,95,98,732901,267
535,101912072,74,70,91,2999605,936
536,101912075,53,54,50,2976806,1036
537,101912077,54,53,84,1423174,449
538,101912078,69,66,84,1333158,510
539,101912079,43,51,68,1961583,732
540,101912082,53,46,68,1776902,531
541,101912098,87,72,87,3753076,1357
542,101912099,92,79,96,3038188,1042
543,101912163,46,52,59,1936078,767
544,101912337,91,92,94,3838047,1239
545,101912338,69,61,88,3180735,1086
546,101912342,83,72,95,54695,446
547,101912390,96,96,100,46590,230
549,101912459,54,76,78,4052,255
550,101912467,90,86,100,1915376,763
551,101912476,54,42,68,2318882,887
552,101913041,64,61,78,3718271,1144
553,101913042,92,86,88,2811658,994
554,101913043,89,87,92,2873120,1110
555,101913044,81,77,89,3083824,1233
556,101913045,95,96,96,2908379,1087
557,101913046,80,80,86,3767524,1529
558,101913047,73,67,91,2932540,862
559,101913048,87,83,91,3846586,1555
560,101914041,85,83,89,5185046,1353
561,101914042,79,78,79,3408219,802
562,101914043,88,82,92,4491090,1135
563,101914044,90,91,94,3332357,827
564,101914045,86,72,87,4319996,1144
565,101914046,97,97,92,4095212,999
566,101914047,97,96,96,4696794,1140
567,101914048,92,92,96,4789869,1221
568,101914049,79,72,83,4951634,1201
569,101914050,97,96,98,6021406,1752
570,101914051,83,75,92,4435956,912
571,101914052,96,92,97,5170325,1345
572,101914053,99,94,96,6327838,1771
573,101914054,97,96,94,4765626,1377
574,101915041,77,63,80,4954527,1120
575,101915042,83,78,88,4552457,1288
576,101915043,77,72,90,5914600,1562
577,101915044,81,89,87,4534440,1318
578,101915045,84,85,87,4641116,1396
579,101915046,93,93,96,4589867,1284
580,101915047,80,78,84,4618189,1422
581,101915048,83,84,90,4527983,1336
582,101915049,75,79,96,4428903,1231
583,101919043,50,48,69,3653375,1369
584,101919044,70,68,89,2457665,883
585,101919045,78,68,85,2999799,1092
586,101919046,56,47,62,3178379,1303
587,101919047,61,56,72,3109834,1102
588,101919048,58,63,71,3023141,1167
589,101919050,74,65,83,3118724,1031
590,101920042,98,96,98,4426852,1380
591,101920043,83,72,80,3501494,1091
592,101920044,56,44,47,2761790,949
593,101920045,79,72,91,2718530,850
594,101920046,71,57,81,2618032,765
595,101920047,65,55,81,2337664,939
596,101920048,99,100,100,1738207,382
597,101921044,98,96,99,2207276,596
598,101924041,55,59,82,3318324,1000
599,101924043,70,63,87,3228619,949
600,101925041,71,66,82,2273111,796
601,102904041,82,76,95,3403499,1126
602,102905041,89,86,91,597130,193
603,102906041,79,85,81,815384,222
604,104901041,69,64,90,484089,120
605,105902041,76,72,86,2995185,1019
606,105902043,75,55,66,2466039,696
607,105904041,91,91,98,3613719,1432
608,105905041,81,84,88,1848929,585
609,105906041,86,80,96,2192498,648
610,105906043,89,74,95,2498619,878
611,105906044,61,56,67,2380660,795
612,105906045,71,58,86,2314731,782
613,105906046,58,48,84,888708,716
614,105906047,60,60,64,2017343,653
615,106901041,99,90,92,938333,210
616,107901041,65,58,89,1827615,704
617,107904041,89,91,93,445883,121
618,107905102,73,74,85,1143283,340
619,107906041,89,84,88,822993,285
620,107910041,64,62,78,347516,93
621,108902045,89,76,94,3555151,711
622,108902046,62,54,83,3478764,1000
623,108902047,75,58,87,3382051,812
624,108902048,55,69,80,3729249,867
625,108904043,80,77,88,3992321,1102
626,108904044,79,74,93,4403539,1453
627,108904045,68,64,89,4058944,1223
628,108904046,65,67,87,4039931,1304
629,108904047,71,58,81,4184219,1381
630,108904048,68,63,87,3676703,1010
631,108905041,73,63,82,2497547,673
632,108906042,60,65,88,2226057,539
633,108906043,67,64,82,2396954,497
634,108906044,64,61,84,3024800,765
635,108906045,83,70,90,3344025,1017
636,108906046,72,65,87,2679752,685
637,108906047,92,76,96,3529495,1011
638,108906048,84,79,88,3036268,787
639,108907041,71,64,82,2901055,653
640,108907108,62,73,70,2399571,579
641,108908041,73,59,89,2989246,820
642,108908042,67,65,83,2951763,867
643,108908043,73,63,93,3142055,957
644,108908044,68,66,80,2806137,747
645,108909041,61,64,89,2877085,918
646,108909042,69,57,83,2542640,655
647,108909043,59,70,86,2991770,1005
648,108909044,63,49,79,3469071,988
649,108909045,55,54,87,2660440,801
650,108909046,65,55,79,2413660,665
651,108909047,59,64,87,2376511,648
652,108909048,57,61,83,2964802,938
653,108912041,72,75,92,2373955,711
654,108912042,81,73,83,2576703,861
655,108912043,61,52,80,2684062,799
656,108912044,70,72,88,2580213,767
657,108912045,76,79,91,2864067,892
658,108912046,66,66,94,2729344,836
659,108912048,69,59,92,2807245,867
660,108912049,53,55,88,2818850,865
661,108913041,63,74,90,3017560,982
662,108913042,59,69,86,2973762,683
663,108913043,63,73,92,3008553,921
664,108913044,67,76,87,3370085,1068
665,108914041,47,37,49,379979,152
666,108915041,78,50,83,1129138,228
667,109904041,55,60,65,1210289,437
668,109905041,92,79,71,140328,65
669,109907041,67,72,83,599038,144
670,109911041,83,73,87,757138,339
671,109913041,91,95,91,228672,87
672,110902041,61,68,87,1902745,607
673,110907041,100,81,100,757742,152
674,111901041,72,60,71,2180546,758
675,111901042,84,83,89,2181442,810
676,111903041,94,93,100,498592,182
677,112901041,84,72,89,3326204,946
678,113901041,63,55,83,719408,299
679,113902041,63,51,69,298339,120
680,114902041,52,59,86,524675,215
681,115901041,65,69,86,429545,89
682,116901041,92,88,92,1333437,396
683,116902041,79,77,92,361631,115
684,116903043,73,66,52,1163996,354
685,116906041,85,80,94,666768,252
686,116908041,73,73,80,1480846,533
687,116909041,76,63,80,530764,162
688,116915041,87,86,84,564230,150
689,117901041,66,71,85,1764320,606
690,117903041,71,50,71,637320,166
691,117904041,97,87,96,1045354,149
692,119902041,65,65,94,973346,214
693,120901042,76,61,89,964437,313
694,120902041,70,62,54,684543,164
695,120905041,88,82,89,804798,290
696,121903041,71,63,76,1179566,356
697,121904043,70,65,84,1537340,558
698,121905041,87,87,95,1142767,353
699,121906041,76,76,92,257790,112
700,123907041,59,62,68,2782123,967
701,123907043,59,64,80,1852407,643
702,123908041,88,73,89,2034734,549
703,123908042,83,70,93,2087673,567
704,123910042,39,44,75,1492853,539
705,123910043,30,40,68,1496668,603
706,123910045,20,29,64,1305149,481
707,123910046,65,79,81,2252375,815
708,123910047,59,67,89,2509699,865
709,123910048,45,62,77,1756311,607
710,124901041,62,66,81,863651,251
711,125903041,70,52,90,1288938,418
712,126902041,71,59,86,3293441,979
713,126902042,69,68,87,3516785,1210
714,126902043,82,67,93,1852929,556
715,126903041,75,71,81,2219211,768
716,126903107,75,60,80,2029324,681
717,126904041,94,97,96,1105078,294
718,126906041,75,69,86,888403,242
719,126907041,65,56,61,598122,175
720,126908041,62,56,84,1351640,506
721,127901041,84,63,67,650621,171
722,127904041,76,69,86,655002,170
723,127906041,72,71,95,413156,166
724,128901041,88,73,77,665969,249
725,128902041,90,76,82,445862,164
726,129901041,74,53,83,2756957,876
727,129904041,70,56,85,1041088,316
728,130901041,85,86,96,2884322,788
729,130901042,94,92,97,3657637,1194
730,130902041,70,79,84,1003579,256
731,133901041,58,63,79,240830,133
732,133904042,71,88,95,837389,211
733,134901041,63,55,60,416058,135
734,136901041,90,84,83,478448,136
735,139905041,69,79,85,716627,208
736,139911042,79,81,94,2390597,614
737,139912041,69,71,90,641723,252
738,140904041,81,70,70,1118778,290
739,140905041,69,93,90,472775,137
740,141901041,74,67,89,2334226,753
741,142901041,72,54,73,1126308,301
742,144901041,75,37,89,1258855,423
743,144902041,77,72,88,809723,225
744,145906041,85,68,81,294140,139
745,145911041,66,68,78,862298,159
746,146902041,63,60,84,3595171,1223
748,146906041,67,64,79,1278703,437
749,146907041,90,60,83,1372367,441
750,147903042,58,58,90,998838,393
751,150901041,78,66,73,1545669,411
752,152901061,52,39,57,2004785,656
753,152901062,56,43,58,1885156,622
754,152901063,54,38,77,2018746,543
755,152901064,78,85,90,2804021,821
756,152901065,96,85,88,2975436,814
757,152901066,83,81,87,2186168,648
758,152901067,61,42,63,2207841,644
759,152901068,63,46,74,1889331,534
760,152901069,42,43,67,1686257,459
761,152903042,62,68,89,932640,295
762,152906041,82,77,90,1849291,566
763,152906042,88,88,88,2238787,845
764,152907041,82,77,82,2161880,642
765,152907042,77,82,83,2383024,747
766,152907043,81,86,86,2298187,734
767,152908041,71,47,95,898620,245
768,153904041,58,63,83,482908,130
769,154901041,83,68,94,1272382,475
770,156902041,55,75,85,730923,221
771,158901041,55,63,92,2715828,801
772,158902041,71,49,83,569350,181
773,158906041,70,46,80,981435,257
774,160901041,75,73,97,967475,269
775,161907041,90,85,95,1481402,371
776,161909041,61,85,92,1091352,308
777,161914043,68,63,85,3122081,891
778,161914044,73,71,84,3392846,947
779,161914048,42,38,58,1906953,451
780,161914050,47,41,64,2288770,583
781,161916042,75,71,92,922449,321
782,161919041,81,78,74,477433,156
783,161921041,57,20,63,1480710,539
784,161923041,92,53,84,514202,175
785,163901041,68,67,93,1327545,456
786,163903041,68,61,65,828809,250
787,163904041,80,68,74,1619066,443
788,163908042,87,80,87,2996773,1093
789,164901041,45,43,72,162252,62
790,166901041,71,54,76,1175698,408
791,166903041,85,54,81,230593,95
792,166904041,69,38,80,1037445,377
793,166905041,82,66,100,448910,151
794,167901002,95,95,93,402315,123
795,169901041,85,77,87,1099965,376
796,169902041,79,72,93,574364,165
797,170904042,68,54,68,2351990,796
798,170904043,85,83,89,2327940,834
799,170906041,73,66,80,4838800,1474
800,170906042,89,85,89,4732749,1445
801,170907041,65,59,87,2879596,882
802,170908041,74,61,89,2778372,857
803,170908042,61,54,84,2685724,820
804,170908044,81,67,84,2696469,794
805,170908045,80,64,88,2364790,737
806,172902041,68,53,90,504227,230
807,172905041,76,50,91,671855,193
808,174903041,96,92,96,563550,149
809,174904042,56,56,82,1830997,651
810,174904043,51,51,63,2145380,754
811,174906041,91,96,98,471009,164
812,174908041,82,78,96,781152,298
813,175902041,59,60,88,569301,226
814,176902041,67,66,70,761951,215
815,177902041,60,65,78,1552907,483
816,178902041,86,84,80,789247,333
817,178903041,76,83,99,3381517,934
818,178904041,63,56,79,2714728,1010
819,178904043,62,59,69,1802264,616
820,178904045,60,53,65,1514253,467
821,178904046,61,58,62,1637694,555
822,178904047,55,52,86,2144867,749
823,178904048,63,51,76,1198678,365
824,178904049,72,51,71,1754070,619
825,178904050,50,56,81,1788497,612
826,178904052,65,55,73,1381645,474
827,178904055,87,80,91,2972714,989
828,178904056,77,68,89,2817860,986
829,178904057,82,70,89,1679631,626
830,178908041,88,85,100,490784,122
831,178909041,59,49,69,1773420,552
832,178912041,69,61,85,3140772,892
833,178913041,82,89,84,811406,215
834,178915041,77,67,85,1351130,468
835,179901041,68,62,79,1815469,538
836,180901041,57,79,83,694584,65
837,181901041,79,69,91,1728991,624
838,181906041,32,37,57,1136318,515
839,181908041,77,54,83,1123336,459
840,181908042,62,64,95,862778,313
841,184901041,53,79,88,351393,116
842,184904041,83,87,92,697278,202
843,185901041,82,41,77,342609,101
844,185902041,74,73,82,445680,134
845,185903041,91,69,67,1032846,221
846,186902041,51,57,82,1836117,581
847,186903041,94,65,89,451927,66
849,187904041,58,42,88,660315,210
850,187907041,68,66,75,2662774,892
851,188901041,76,57,91,2680359,815
852,188901042,100,56,94,2312870,761
853,188901043,97,74,96,3073394,858
854,188901044,82,68,92,1882160,706
855,188901045,72,38,93,3221397,824
857,188901048,93,73,96,2766577,810
858,188903041,75,92,86,484131,213
859,189902041,59,82,81,918235,332
860,190903041,73,81,89,1060793,380
861,192901041,46,55,73,760144,205
862,194902041,89,76,83,267315,66
863,194903102,95,90,94,488163,149
864,194905041,64,51,91,250454,100
865,195901042,48,53,93,1450199,518
866,198901041,65,76,94,539101,104
867,200901041,83,63,85,759383,213
868,200904041,44,66,65,435901,140
869,201902041,76,74,96,2357401,726
870,201904041,86,90,90,175923,52
871,201910041,85,69,90,1220273,398
872,201914041,87,63,75,556587,233
873,204901041,74,50,73,1120842,342
874,204904041,46,58,87,1328498,420
875,205901041,58,54,68,1310011,428
876,205902041,87,80,94,4037712,1020
877,205904041,75,67,84,747917,380
878,205905041,75,64,76,756906,231
879,205906041,69,69,84,1597961,482
880,205907041,49,45,70,578510,223
881,208902041,55,46,58,1926461,627
882,210901041,54,76,85,2022736,562
883,210902041,82,94,95,479454,149
884,210905041,84,77,97,584656,142
885,212901041,75,71,86,707839,196
886,212904041,86,55,81,778177,236
887,212905041,54,35,61,2402732,842
888,212905042,54,33,77,1684034,488
889,212905043,47,44,83,1540906,381
890,212905044,71,36,88,1758628,526
891,212905045,85,68,87,2694967,822
892,212905049,71,44,79,2719747,876
894,212909042,65,56,84,2439827,777
895,212910041,44,66,78,616111,205
896,213901041,53,76,88,1340740,413
897,214901041,70,65,63,2369355,684
898,214901042,76,70,77,3165250,758
899,214901044,68,68,80,3986170,905
900,214903041,83,77,83,2544975,734
901,214903042,74,57,77,2421480,634
902,218901041,100,90,75,838081,181
903,219903041,79,49,74,837041,250
904,220902041,70,65,91,2889879,908
905,220902042,82,82,87,3042957,852
906,220902043,79,67,79,2413632,686
907,220902044,78,77,92,2252921,578
908,220902045,84,78,88,2612755,734
909,220902046,98,96,99,2870663,794
911,220905042,52,44,76,1546757,394
912,220905044,58,32,78,4275342,1272
914,220905047,60,30,75,2415640,519
915,220905048,47,47,76,3982955,976
916,220905049,78,64,90,2108479,517
918,220905051,67,50,88,2757878,783
919,220905052,71,43,70,2751549,733
920,220905053,44,25,58,2144884,627
921,220905054,58,43,70,3025995,644
922,220905055,75,69,86,1540819,324
923,220905056,47,38,73,3781231,963
925,220905058,87,59,89,2240710,645
926,220905059,51,32,65,3099571,741
927,220905060,100,41,73,3391466,866
928,220905061,52,36,67,3246117,735
929,220905070,53,50,75,2975629,797
930,220906041,81,50,85,2892386,796
931,220906042,97,96,98,2192713,684
932,220906043,86,82,96,3100548,897
933,220906044,85,73,91,2687697,789
934,220917041,60,62,81,2689830,898
935,220918041,77,66,89,3099908,943
936,220918042,81,60,94,3071099,871
937,220918043,85,65,91,2912279,880
938,220918044,72,58,89,2823177,878
939,220918045,83,70,87,2955911,961
940,221901044,81,54,92,2847586,959
941,221901045,82,63,70,2804860,911
942,221901047,79,69,91,2929166,799
943,221901048,69,42,94,2997134,954
944,221904041,69,67,81,991333,278
945,221911041,86,70,90,1046105,304
946,223901041,58,66,92,1412252,403
947,225906041,82,66,94,764457,218
948,226903042,74,65,82,2595874,1246
949,226903043,74,72,84,2186175,1044
950,226903045,66,50,69,2102503,900
951,226906041,96,99,99,1083768,272
952,226907041,67,54,79,682455,265
953,227901043,72,54,81,3085793,1024
954,227901044,89,60,88,3879996,1224
955,227901045,85,65,90,3219474,1015
956,227901046,47,29,76,3311961,1040
957,227901047,79,66,95,2819062,867
958,227901051,45,22,66,1463132,432
959,227901052,86,60,92,4387463,1328
960,227901053,53,39,79,2187119,677
961,227901054,44,35,86,2973568,883
962,227901055,57,45,68,2099407,598
963,227901057,64,53,84,2379965,615
964,227901058,48,24,69,2500307,711
965,227901059,82,76,95,2765930,899
966,227901060,83,57,95,3535188,1179
967,227901061,77,59,91,2994500,957
968,227901062,96,93,99,3954580,1279
969,227901064,62,50,85,1602768,421
970,227901065,55,35,84,1503901,399
971,227904041,84,55,92,3120033,944
972,227904042,65,47,82,2739215,802
973,227904043,87,77,91,3003197,903
974,227904045,64,42,71,2766079,792
975,227904046,88,78,96,3421988,1205
976,227904048,88,70,97,2662709,895
977,227907041,51,38,56,2996902,1018
978,227907042,61,64,71,2619598,840
979,227909041,89,97,97,3449036,1056
980,227909042,94,94,99,3277257,932
981,227910041,58,53,85,3157312,974
982,227910042,56,42,74,3330883,911
983,227910043,54,45,82,2597566,681
984,227912041,84,57,90,827398,359
985,227913041,95,87,96,3718521,1262
986,227913042,95,85,98,3342103,1180
987,228903041,48,46,72,707991,274
988,229903041,75,59,93,1033182,281
989,229904041,83,69,80,885840,291
990,230901041,80,56,80,480358,167
991,230903041,63,57,73,577444,204
992,230905041,72,73,97,785767,281
993,230906041,76,68,82,814125,241
994,232902041,72,60,81,201839,108
995,234902041,72,76,87,1308240,487
996,234903041,89,59,91,743502,226
997,234904041,57,56,71,899451,216
998,234909041,85,83,94,263319,79
999,235901041,75,56,69,791476,192
1000,235902041,47,33,79,2583252,744
1001,235902042,47,36,77,2325493,675
1002,235902043,73,54,90,2242044,869
1003,235902044,73,58,93,1992554,808
1004,236901042,85,62,80,686458,232
1005,237902041,63,48,74,1102642,293
1006,237904041,75,70,91,2454157,712
1007,237904043,78,77,90,2582376,766
1008,237905041,50,42,76,1582470,486
1009,240901041,64,63,81,4231414,1222
1010,240901042,81,60,86,4165949,1306
1011,240901043,63,64,83,4227686,1332
1012,240901044,77,70,89,2352275,731
1013,240903041,82,83,96,2802026,1126
1014,240903043,76,79,93,3334922,1323
1015,240903044,78,71,91,1551608,472
1016,240903045,85,77,94,3510349,1320
1017,240903046,75,70,95,2249972,761
1018,240903047,85,83,91,2535099,909
1019,240903048,92,85,97,4789462,1791
1020,240903053,66,74,87,3159856,1196
1021,240903054,75,73,85,2757876,960
1022,240904041,55,52,87,386101,68
1023,241901041,72,70,85,638986,282
1024,241903041,64,63,81,2706168,891
1025,241906041,70,67,76,284928,118
1026,242902041,82,86,87,318234,100
1027,243901041,76,68,86,2552833,707
1028,243903041,86,79,86,1286667,415
1029,243905046,61,62,84,3177059,1121
1030,243905047,81,83,91,3345256,1070
1031,243905048,53,43,64,2622260,677
1032,244903041,65,62,70,1266852,470
1033,245902041,72,82,85,881664,364
1034,245904041,68,72,94,133848,66
1035,246902041,68,56,70,861069,254
1036,246904040,78,69,75,2540139,925
1037,246904041,67,65,56,2539867,898
1038,246904042,69,58,52,2419689,800
1039,246906041,75,83,91,2378392,770
1040,246906042,85,78,94,2373764,833
1041,246907041,69,77,85,991903,313
1042,246909041,77,57,86,2838851,692
1043,246909042,84,77,93,2505571,704
1044,246909043,88,67,90,3373101,1036
1045,246909044,96,94,99,4187365,1369
1046,246909045,74,69,90,2904323,918
1047,246909046,89,84,96,3404952,1058
1048,246909047,93,85,97,4358916,1444
1049,246909051,91,81,97,4089197,1361
1050,246909052,98,97,99,5052032,1688
1051,246909053,61,60,84,2755315,804
1052,246911041,78,58,92,2424790,673
1053,246912042,83,72,90,552809,152
1054,246913041,96,82,97,4079641,1409
1055,246913042,79,65,93,3240178,979
1056,246913043,83,65,93,4100233,1253
1057,246913044,93,89,94,4132179,1326
1058,246913045,96,90,98,3834688,1327
1059,246913046,85,83,92,3454215,989
1060,246913047,95,78,97,2367316,734
1061,246913048,96,84,96,3459921,1171
1062,247901041,77,81,88,2652803,886
1063,247903041,93,88,96,2173271,757
1064,247904041,98,93,100,558982,166
1065,247906041,93,80,85,603817,166
1066,249901041,91,81,83,611584,185
1067,249903041,79,73,94,1782989,468
1068,249904041,93,74,93,653668,122
1070,249906041,91,75,85,945481,249
1071,250902041,71,51,86,552882,164
1072,250903041,86,68,71,1267030,387
1073,250904041,76,77,91,995523,271
1074,251901041,85,63,97,1378315,382
1075,251902041,66,71,79,358599,115
1076,252901041,81,60,82,1780642,538
1077,252903041,86,81,93,526747,152
1078,253901041,56,61,83,2587685,748
